  0.00000000E+00 -0.13420097E+02
  0.47097009E-02 -0.13422573E+02
  0.94194018E-02 -0.13428406E+02
  0.14129103E-01 -0.13435092E+02
  0.18838804E-01 -0.13442047E+02
  0.23548505E-01 -0.13449111E+02
  0.28258205E-01 -0.13456226E+02
  0.32967906E-01 -0.13463365E+02
  0.37677607E-01 -0.13470513E+02
  0.42387308E-01 -0.13477659E+02
  0.47097009E-01 -0.13484798E+02
  0.51806710E-01 -0.13491924E+02
  0.56516411E-01 -0.13499034E+02
  0.61226112E-01 -0.13506123E+02
  0.65935813E-01 -0.13513188E+02
  0.70645514E-01 -0.13520227E+02
  0.75355215E-01 -0.13527235E+02
  0.80064916E-01 -0.13534211E+02
  0.84774616E-01 -0.13541151E+02
  0.89484317E-01 -0.13548053E+02
  0.94194018E-01 -0.13554913E+02
  0.98903719E-01 -0.13561730E+02
  0.10361342E+00 -0.13568501E+02
  0.10832312E+00 -0.13575224E+02
  0.11303282E+00 -0.13581895E+02
  0.11774252E+00 -0.13588513E+02
  0.12245222E+00 -0.13595075E+02
  0.12716192E+00 -0.13601579E+02
  0.13187163E+00 -0.13608023E+02
  0.13658133E+00 -0.13614404E+02
  0.14129103E+00 -0.13620722E+02
  0.14600073E+00 -0.13626973E+02
  0.15071043E+00 -0.13633157E+02
  0.15542013E+00 -0.13639271E+02
  0.16012983E+00 -0.13645314E+02
  0.16483953E+00 -0.13651284E+02
  0.16954923E+00 -0.13657181E+02
  0.17425893E+00 -0.13663002E+02
  0.17896863E+00 -0.13668747E+02
  0.18367834E+00 -0.13674415E+02
  0.18838804E+00 -0.13680005E+02
  0.19309774E+00 -0.13685515E+02
  0.19780744E+00 -0.13690945E+02
  0.20251714E+00 -0.13696295E+02
  0.20722684E+00 -0.13701564E+02
  0.21193654E+00 -0.13706752E+02
  0.21664624E+00 -0.13711857E+02
  0.22135594E+00 -0.13716880E+02
  0.22606564E+00 -0.13721820E+02
  0.23077534E+00 -0.13726677E+02
  0.23548505E+00 -0.13731451E+02
  0.24019475E+00 -0.13736142E+02
  0.24490445E+00 -0.13740749E+02
  0.24961415E+00 -0.13745272E+02
  0.25432385E+00 -0.13749711E+02
  0.25903355E+00 -0.13754067E+02
  0.26374325E+00 -0.13758338E+02
  0.26845295E+00 -0.13762526E+02
  0.27316265E+00 -0.13766629E+02
  0.27787235E+00 -0.13770647E+02
  0.28258205E+00 -0.13774581E+02
  0.28729176E+00 -0.13778429E+02
  0.29200146E+00 -0.13782193E+02
  0.29671116E+00 -0.13785871E+02
  0.30142086E+00 -0.13789463E+02
  0.30613056E+00 -0.13792969E+02
  0.31084026E+00 -0.13796389E+02
  0.31554996E+00 -0.13799722E+02
  0.32025966E+00 -0.13802968E+02
  0.32496936E+00 -0.13806126E+02
  0.32967906E+00 -0.13809196E+02
  0.33438876E+00 -0.13812177E+02
  0.33909847E+00 -0.13815069E+02
  0.34380817E+00 -0.13817872E+02
  0.34851787E+00 -0.13820584E+02
  0.35322757E+00 -0.13823206E+02
  0.35793727E+00 -0.13825736E+02
  0.36264697E+00 -0.13828174E+02
  0.36735667E+00 -0.13830520E+02
  0.37206637E+00 -0.13832773E+02
  0.37677607E+00 -0.13834932E+02
  0.38148577E+00 -0.13836998E+02
  0.38619547E+00 -0.13838969E+02
  0.39090518E+00 -0.13840844E+02
  0.39561488E+00 -0.13842625E+02
  0.40032458E+00 -0.13844309E+02
  0.40503428E+00 -0.13845896E+02
  0.40974398E+00 -0.13847387E+02
  0.41445368E+00 -0.13848780E+02
  0.41916338E+00 -0.13850075E+02
  0.42387308E+00 -0.13851272E+02
  0.42858278E+00 -0.13852370E+02
  0.43329248E+00 -0.13853370E+02
  0.43800218E+00 -0.13854269E+02
  0.44271189E+00 -0.13855069E+02
  0.44742159E+00 -0.13855769E+02
  0.45213129E+00 -0.13856369E+02
  0.45684099E+00 -0.13856868E+02
  0.46155069E+00 -0.13857265E+02
  0.46626039E+00 -0.13857562E+02
  0.47097009E+00 -0.13857756E+02
  0.47567979E+00 -0.13857849E+02
  0.48037912E+00 -0.13858080E+02
  0.48507844E+00 -0.13858800E+02
  0.48977777E+00 -0.13860005E+02
  0.49447710E+00 -0.13861693E+02
  0.49917642E+00 -0.13863858E+02
  0.50387575E+00 -0.13866495E+02
  0.50857508E+00 -0.13869595E+02
  0.51327440E+00 -0.13873152E+02
  0.51797373E+00 -0.13877154E+02
  0.52267306E+00 -0.13881592E+02
  0.52737238E+00 -0.13886455E+02
  0.53207171E+00 -0.13891730E+02
  0.53677103E+00 -0.13897405E+02
  0.54147036E+00 -0.13903467E+02
  0.54616969E+00 -0.13909903E+02
  0.55086901E+00 -0.13916700E+02
  0.55556834E+00 -0.13923842E+02
  0.56026767E+00 -0.13931317E+02
  0.56496699E+00 -0.13939110E+02
  0.56966632E+00 -0.13947208E+02
  0.57436565E+00 -0.13955597E+02
  0.57906497E+00 -0.13964263E+02
  0.58376430E+00 -0.13973192E+02
  0.58846362E+00 -0.13982372E+02
  0.59316295E+00 -0.13991789E+02
  0.59786228E+00 -0.14001431E+02
  0.60256160E+00 -0.14011285E+02
  0.60726093E+00 -0.14021339E+02
  0.61196026E+00 -0.14031582E+02
  0.61665958E+00 -0.14042002E+02
  0.62135891E+00 -0.14052589E+02
  0.62605824E+00 -0.14063331E+02
  0.63075756E+00 -0.14074219E+02
  0.63545689E+00 -0.14085242E+02
  0.64015621E+00 -0.14096391E+02
  0.64485554E+00 -0.14107657E+02
  0.64955487E+00 -0.14119030E+02
  0.65425419E+00 -0.14130503E+02
  0.65895352E+00 -0.14142067E+02
  0.66365285E+00 -0.14153713E+02
  0.66835217E+00 -0.14165435E+02
  0.67305150E+00 -0.14177225E+02
  0.67775083E+00 -0.14189076E+02
  0.68245015E+00 -0.14200982E+02
  0.68714948E+00 -0.14212934E+02
  0.69184880E+00 -0.14224929E+02
  0.69654813E+00 -0.14236958E+02
  0.70124746E+00 -0.14249017E+02
  0.70594678E+00 -0.14261099E+02
  0.71064611E+00 -0.14273200E+02
  0.71534544E+00 -0.14285315E+02
  0.72004476E+00 -0.14297437E+02
  0.72474409E+00 -0.14309563E+02
  0.72944342E+00 -0.14321687E+02
  0.73414274E+00 -0.14333806E+02
  0.73884207E+00 -0.14345915E+02
  0.74354139E+00 -0.14358009E+02
  0.74824072E+00 -0.14370086E+02
  0.75294005E+00 -0.14382140E+02
  0.75763937E+00 -0.14394168E+02
  0.76233870E+00 -0.14406167E+02
  0.76703803E+00 -0.14418132E+02
  0.77173735E+00 -0.14430061E+02
  0.77643668E+00 -0.14441951E+02
  0.78113601E+00 -0.14453798E+02
  0.78583533E+00 -0.14465598E+02
  0.79053466E+00 -0.14477350E+02
  0.79523398E+00 -0.14489050E+02
  0.79993331E+00 -0.14500696E+02
  0.80463264E+00 -0.14512284E+02
  0.80933196E+00 -0.14523812E+02
  0.81403129E+00 -0.14535278E+02
  0.81873062E+00 -0.14546679E+02
  0.82342994E+00 -0.14558012E+02
  0.82812927E+00 -0.14569276E+02
  0.83282859E+00 -0.14580468E+02
  0.83752792E+00 -0.14591585E+02
  0.84222725E+00 -0.14602626E+02
  0.84692657E+00 -0.14613589E+02
  0.85162590E+00 -0.14624471E+02
  0.85632523E+00 -0.14635271E+02
  0.86102455E+00 -0.14645986E+02
  0.86572388E+00 -0.14656615E+02
  0.87042321E+00 -0.14667155E+02
  0.87512253E+00 -0.14677606E+02
  0.87982186E+00 -0.14687965E+02
  0.88452118E+00 -0.14698231E+02
  0.88922051E+00 -0.14708402E+02
  0.89391984E+00 -0.14718476E+02
  0.89861916E+00 -0.14728452E+02
  0.90331849E+00 -0.14738328E+02
  0.90801782E+00 -0.14748103E+02
  0.91271714E+00 -0.14757776E+02
  0.91741647E+00 -0.14767344E+02
  0.92211580E+00 -0.14776808E+02
  0.92681512E+00 -0.14786164E+02
  0.93151445E+00 -0.14795413E+02
  0.93621377E+00 -0.14804553E+02
  0.94091310E+00 -0.14813583E+02
  0.94561243E+00 -0.14822501E+02
  0.95031175E+00 -0.14831307E+02
  0.95501108E+00 -0.14840000E+02
  0.95971041E+00 -0.14848578E+02
  0.96440973E+00 -0.14857041E+02
  0.96910906E+00 -0.14865388E+02
  0.97380839E+00 -0.14873617E+02
  0.97850771E+00 -0.14881728E+02
  0.98320704E+00 -0.14889720E+02
  0.98790636E+00 -0.14897593E+02
  0.99260569E+00 -0.14905345E+02
  0.99730502E+00 -0.14912976E+02
  0.10020043E+01 -0.14920485E+02
  0.10067037E+01 -0.14927871E+02
  0.10114030E+01 -0.14935135E+02
  0.10161023E+01 -0.14942274E+02
  0.10208016E+01 -0.14949289E+02
  0.10255010E+01 -0.14956179E+02
  0.10302003E+01 -0.14962943E+02
  0.10348996E+01 -0.14969581E+02
  0.10395990E+01 -0.14976093E+02
  0.10442983E+01 -0.14982477E+02
  0.10489976E+01 -0.14988733E+02
  0.10536969E+01 -0.14994861E+02
  0.10583963E+01 -0.15000860E+02
  0.10630956E+01 -0.15006730E+02
  0.10677949E+01 -0.15012470E+02
  0.10724942E+01 -0.15018079E+02
  0.10771936E+01 -0.15023558E+02
  0.10818929E+01 -0.15028904E+02
  0.10865922E+01 -0.15034119E+02
  0.10912915E+01 -0.15039202E+02
  0.10959909E+01 -0.15044151E+02
  0.11006902E+01 -0.15048967E+02
  0.11053895E+01 -0.15053649E+02
  0.11100888E+01 -0.15058196E+02
  0.11147882E+01 -0.15062608E+02
  0.11194875E+01 -0.15066884E+02
  0.11241868E+01 -0.15071024E+02
  0.11288862E+01 -0.15075028E+02
  0.11335855E+01 -0.15078894E+02
  0.11382848E+01 -0.15082622E+02
  0.11429841E+01 -0.15086213E+02
  0.11476835E+01 -0.15089664E+02
  0.11523828E+01 -0.15092976E+02
  0.11570821E+01 -0.15096149E+02
  0.11617814E+01 -0.15099181E+02
  0.11664808E+01 -0.15102073E+02
  0.11711801E+01 -0.15104824E+02
  0.11758794E+01 -0.15107433E+02
  0.11805787E+01 -0.15109901E+02
  0.11852781E+01 -0.15112226E+02
  0.11899774E+01 -0.15114409E+02
  0.11946767E+01 -0.15116450E+02
  0.11993761E+01 -0.15118347E+02
  0.12040754E+01 -0.15120102E+02
  0.12087747E+01 -0.15121712E+02
  0.12134740E+01 -0.15123180E+02
  0.12181734E+01 -0.15124503E+02
  0.12228727E+01 -0.15125683E+02
  0.12275720E+01 -0.15126719E+02
  0.12322713E+01 -0.15127611E+02
  0.12369707E+01 -0.15128360E+02
  0.12416700E+01 -0.15128964E+02
  0.12463693E+01 -0.15129425E+02
  0.12510686E+01 -0.15129742E+02
  0.12557680E+01 -0.15129916E+02
  0.12604673E+01 -0.15129946E+02
  0.12651770E+01 -0.15129887E+02
  0.12698867E+01 -0.15129690E+02
  0.12745964E+01 -0.15129354E+02
  0.12793061E+01 -0.15128880E+02
  0.12840158E+01 -0.15128266E+02
  0.12887255E+01 -0.15127514E+02
  0.12934352E+01 -0.15126623E+02
  0.12981449E+01 -0.15125594E+02
  0.13028546E+01 -0.15124425E+02
  0.13075643E+01 -0.15123117E+02
  0.13122740E+01 -0.15121670E+02
  0.13169837E+01 -0.15120084E+02
  0.13216934E+01 -0.15118359E+02
  0.13264031E+01 -0.15116495E+02
  0.13311128E+01 -0.15114491E+02
  0.13358225E+01 -0.15112348E+02
  0.13405322E+01 -0.15110066E+02
  0.13452419E+01 -0.15107644E+02
  0.13499516E+01 -0.15105084E+02
  0.13546613E+01 -0.15102384E+02
  0.13593710E+01 -0.15099546E+02
  0.13640807E+01 -0.15096568E+02
  0.13687904E+01 -0.15093452E+02
  0.13735001E+01 -0.15090197E+02
  0.13782098E+01 -0.15086804E+02
  0.13829195E+01 -0.15083272E+02
  0.13876292E+01 -0.15079603E+02
  0.13923389E+01 -0.15075796E+02
  0.13970486E+01 -0.15071851E+02
  0.14017583E+01 -0.15067769E+02
  0.14064680E+01 -0.15063551E+02
  0.14111777E+01 -0.15059196E+02
  0.14158874E+01 -0.15054705E+02
  0.14205971E+01 -0.15050078E+02
  0.14253068E+01 -0.15045317E+02
  0.14300165E+01 -0.15040420E+02
  0.14347262E+01 -0.15035389E+02
  0.14394359E+01 -0.15030225E+02
  0.14441456E+01 -0.15024927E+02
  0.14488553E+01 -0.15019496E+02
  0.14535650E+01 -0.15013933E+02
  0.14582747E+01 -0.15008239E+02
  0.14629844E+01 -0.15002413E+02
  0.14676941E+01 -0.14996457E+02
  0.14724038E+01 -0.14990372E+02
  0.14771135E+01 -0.14984157E+02
  0.14818232E+01 -0.14977813E+02
  0.14865329E+01 -0.14971342E+02
  0.14912426E+01 -0.14964743E+02
  0.14959523E+01 -0.14958018E+02
  0.15006620E+01 -0.14951168E+02
  0.15053717E+01 -0.14944192E+02
  0.15100814E+01 -0.14937092E+02
  0.15147911E+01 -0.14929868E+02
  0.15195008E+01 -0.14922522E+02
  0.15242105E+01 -0.14915054E+02
  0.15289202E+01 -0.14907465E+02
  0.15336299E+01 -0.14899755E+02
  0.15383396E+01 -0.14891926E+02
  0.15430493E+01 -0.14883978E+02
  0.15477590E+01 -0.14875913E+02
  0.15524687E+01 -0.14867731E+02
  0.15571785E+01 -0.14859433E+02
  0.15618882E+01 -0.14851020E+02
  0.15665979E+01 -0.14842493E+02
  0.15713076E+01 -0.14833853E+02
  0.15760173E+01 -0.14825102E+02
  0.15807270E+01 -0.14816239E+02
  0.15854367E+01 -0.14807266E+02
  0.15901464E+01 -0.14798184E+02
  0.15948561E+01 -0.14788994E+02
  0.15995658E+01 -0.14779698E+02
  0.16042755E+01 -0.14770296E+02
  0.16089852E+01 -0.14760789E+02
  0.16136949E+01 -0.14751180E+02
  0.16184046E+01 -0.14741468E+02
  0.16231143E+01 -0.14731655E+02
  0.16278240E+01 -0.14721742E+02
  0.16325337E+01 -0.14711731E+02
  0.16372434E+01 -0.14701623E+02
  0.16419531E+01 -0.14691419E+02
  0.16466628E+01 -0.14681121E+02
  0.16513725E+01 -0.14670730E+02
  0.16560822E+01 -0.14660248E+02
  0.16607919E+01 -0.14649676E+02
  0.16655016E+01 -0.14639016E+02
  0.16702113E+01 -0.14628269E+02
  0.16749210E+01 -0.14617438E+02
  0.16796307E+01 -0.14606524E+02
  0.16843404E+01 -0.14595529E+02
  0.16890501E+01 -0.14584456E+02
  0.16937598E+01 -0.14573306E+02
  0.16984695E+01 -0.14562083E+02
  0.17031792E+01 -0.14550789E+02
  0.17078889E+01 -0.14539428E+02
  0.17125986E+01 -0.14528005E+02
  0.17173083E+01 -0.14516525E+02
  0.17220180E+01 -0.14505000E+02
  0.17267277E+01 -0.14493458E+02
  0.17314374E+01 -0.14482021E+02
  0.17361471E+01 -0.14473076E+02
  0.17408464E+01 -0.14473020E+02
  0.17455457E+01 -0.14472838E+02
  0.17502451E+01 -0.14472528E+02
  0.17549444E+01 -0.14472089E+02
  0.17596437E+01 -0.14471522E+02
  0.17643430E+01 -0.14470826E+02
  0.17690424E+01 -0.14469998E+02
  0.17737417E+01 -0.14469040E+02
  0.17784410E+01 -0.14467949E+02
  0.17831403E+01 -0.14466725E+02
  0.17878397E+01 -0.14465367E+02
  0.17925390E+01 -0.14463875E+02
  0.17972383E+01 -0.14462247E+02
  0.18019377E+01 -0.14460483E+02
  0.18066370E+01 -0.14458583E+02
  0.18113363E+01 -0.14456546E+02
  0.18160356E+01 -0.14454372E+02
  0.18207350E+01 -0.14452061E+02
  0.18254343E+01 -0.14449612E+02
  0.18301336E+01 -0.14447027E+02
  0.18348329E+01 -0.14444303E+02
  0.18395323E+01 -0.14441443E+02
  0.18442316E+01 -0.14438446E+02
  0.18489309E+01 -0.14435313E+02
  0.18536302E+01 -0.14432045E+02
  0.18583296E+01 -0.14428641E+02
  0.18630289E+01 -0.14425103E+02
  0.18677282E+01 -0.14421431E+02
  0.18724275E+01 -0.14417627E+02
  0.18771269E+01 -0.14413691E+02
  0.18818262E+01 -0.14409624E+02
  0.18865255E+01 -0.14405429E+02
  0.18912249E+01 -0.14401105E+02
  0.18959242E+01 -0.14396654E+02
  0.19006235E+01 -0.14392078E+02
  0.19053228E+01 -0.14387379E+02
  0.19100222E+01 -0.14382558E+02
  0.19147215E+01 -0.14377618E+02
  0.19194208E+01 -0.14372560E+02
  0.19241201E+01 -0.14367389E+02
  0.19288195E+01 -0.14362107E+02
  0.19335188E+01 -0.14356718E+02
  0.19382181E+01 -0.14351227E+02
  0.19429174E+01 -0.14345638E+02
  0.19476168E+01 -0.14339958E+02
  0.19523161E+01 -0.14334189E+02
  0.19570154E+01 -0.14328336E+02
  0.19617147E+01 -0.14322396E+02
  0.19664141E+01 -0.14316367E+02
  0.19711134E+01 -0.14310245E+02
  0.19758127E+01 -0.14304023E+02
  0.19805121E+01 -0.14297698E+02
  0.19852114E+01 -0.14291265E+02
  0.19899107E+01 -0.14284722E+02
  0.19946100E+01 -0.14278068E+02
  0.19993094E+01 -0.14271300E+02
  0.20040087E+01 -0.14264418E+02
  0.20087080E+01 -0.14257422E+02
  0.20134073E+01 -0.14250312E+02
  0.20181067E+01 -0.14243088E+02
  0.20228060E+01 -0.14235750E+02
  0.20275053E+01 -0.14228301E+02
  0.20322046E+01 -0.14220740E+02
  0.20369040E+01 -0.14213070E+02
  0.20416033E+01 -0.14205292E+02
  0.20463026E+01 -0.14197407E+02
  0.20510020E+01 -0.14189418E+02
  0.20557013E+01 -0.14181326E+02
  0.20604006E+01 -0.14173135E+02
  0.20650999E+01 -0.14164847E+02
  0.20697993E+01 -0.14156464E+02
  0.20744986E+01 -0.14147989E+02
  0.20791979E+01 -0.14139427E+02
  0.20838972E+01 -0.14130779E+02
  0.20885966E+01 -0.14122049E+02
  0.20932959E+01 -0.14113241E+02
  0.20979952E+01 -0.14104358E+02
  0.21026945E+01 -0.14095403E+02
  0.21073939E+01 -0.14086381E+02
  0.21120932E+01 -0.14077293E+02
  0.21167925E+01 -0.14068144E+02
  0.21214918E+01 -0.14058935E+02
  0.21261912E+01 -0.14049670E+02
  0.21308905E+01 -0.14040349E+02
  0.21355898E+01 -0.14030976E+02
  0.21402892E+01 -0.14021552E+02
  0.21449885E+01 -0.14012079E+02
  0.21496878E+01 -0.14002558E+02
  0.21543871E+01 -0.13992991E+02
  0.21590865E+01 -0.13983379E+02
  0.21637858E+01 -0.13973725E+02
  0.21684851E+01 -0.13964029E+02
  0.21731844E+01 -0.13954295E+02
  0.21778838E+01 -0.13944524E+02
  0.21825831E+01 -0.13934718E+02
  0.21872824E+01 -0.13924880E+02
  0.21919817E+01 -0.13915012E+02
  0.21966811E+01 -0.13905117E+02
  0.22013804E+01 -0.13895198E+02
  0.22060797E+01 -0.13885257E+02
  0.22107790E+01 -0.13875299E+02
  0.22154784E+01 -0.13865327E+02
  0.22201777E+01 -0.13855344E+02
  0.22248770E+01 -0.13845354E+02
  0.22295764E+01 -0.13835362E+02
  0.22342757E+01 -0.13825370E+02
  0.22389750E+01 -0.13815384E+02
  0.22436743E+01 -0.13805408E+02
  0.22483737E+01 -0.13795447E+02
  0.22530730E+01 -0.13785506E+02
  0.22577723E+01 -0.13775589E+02
  0.22624716E+01 -0.13765702E+02
  0.22671710E+01 -0.13755850E+02
  0.22718703E+01 -0.13746037E+02
  0.22765696E+01 -0.13736270E+02
  0.22812689E+01 -0.13726554E+02
  0.22859683E+01 -0.13716893E+02
  0.22906676E+01 -0.13707293E+02
  0.22953669E+01 -0.13697760E+02
  0.23000662E+01 -0.13688297E+02
  0.23047656E+01 -0.13678911E+02
  0.23094649E+01 -0.13669605E+02
  0.23141642E+01 -0.13660385E+02
  0.23188636E+01 -0.13651256E+02
  0.23235629E+01 -0.13642221E+02
  0.23282622E+01 -0.13633287E+02
  0.23329615E+01 -0.13624457E+02
  0.23376609E+01 -0.13615736E+02
  0.23423602E+01 -0.13607129E+02
  0.23470595E+01 -0.13598642E+02
  0.23517588E+01 -0.13590278E+02
  0.23564582E+01 -0.13582043E+02
  0.23611575E+01 -0.13573943E+02
  0.23658568E+01 -0.13565983E+02
  0.23705561E+01 -0.13558168E+02
  0.23752555E+01 -0.13550503E+02
  0.23799548E+01 -0.13542996E+02
  0.23846541E+01 -0.13535651E+02
  0.23893534E+01 -0.13528474E+02
  0.23940528E+01 -0.13521472E+02
  0.23987521E+01 -0.13514651E+02
  0.24034514E+01 -0.13508017E+02
  0.24081508E+01 -0.13501576E+02
  0.24128501E+01 -0.13495335E+02
  0.24175494E+01 -0.13489300E+02
  0.24222487E+01 -0.13483477E+02
  0.24269481E+01 -0.13477873E+02
  0.24316474E+01 -0.13472494E+02
  0.24363467E+01 -0.13467346E+02
  0.24410460E+01 -0.13462436E+02
  0.24457454E+01 -0.13457768E+02
  0.24504447E+01 -0.13453350E+02
  0.24551440E+01 -0.13449186E+02
  0.24598433E+01 -0.13445282E+02
  0.24645427E+01 -0.13441643E+02
  0.24692420E+01 -0.13438274E+02
  0.24739413E+01 -0.13435179E+02
  0.24786406E+01 -0.13432364E+02
  0.24833400E+01 -0.13429831E+02
  0.24880393E+01 -0.13427584E+02
  0.24927386E+01 -0.13425627E+02
  0.24974380E+01 -0.13423963E+02
  0.25021373E+01 -0.13422593E+02
  0.25068366E+01 -0.13421520E+02
  0.25115359E+01 -0.13420746E+02
  0.25162353E+01 -0.13420271E+02
  0.25209346E+01 -0.13420097E+02
  
  0.00000000E+00 -0.13405627E+02
  0.47097009E-02 -0.13403154E+02
  0.94194018E-02 -0.13397318E+02
  0.14129103E-01 -0.13390621E+02
  0.18838804E-01 -0.13383649E+02
  0.23548505E-01 -0.13376559E+02
  0.28258205E-01 -0.13369410E+02
  0.32967906E-01 -0.13362230E+02
  0.37677607E-01 -0.13355032E+02
  0.42387308E-01 -0.13347825E+02
  0.47097009E-01 -0.13340616E+02
  0.51806710E-01 -0.13333410E+02
  0.56516411E-01 -0.13326209E+02
  0.61226112E-01 -0.13319017E+02
  0.65935813E-01 -0.13311836E+02
  0.70645514E-01 -0.13304670E+02
  0.75355215E-01 -0.13297520E+02
  0.80064916E-01 -0.13290388E+02
  0.84774616E-01 -0.13283277E+02
  0.89484317E-01 -0.13276190E+02
  0.94194018E-01 -0.13269127E+02
  0.98903719E-01 -0.13262091E+02
  0.10361342E+00 -0.13255084E+02
  0.10832312E+00 -0.13248108E+02
  0.11303282E+00 -0.13241166E+02
  0.11774252E+00 -0.13234258E+02
  0.12245222E+00 -0.13227387E+02
  0.12716192E+00 -0.13220555E+02
  0.13187163E+00 -0.13213765E+02
  0.13658133E+00 -0.13207017E+02
  0.14129103E+00 -0.13200313E+02
  0.14600073E+00 -0.13193657E+02
  0.15071043E+00 -0.13187049E+02
  0.15542013E+00 -0.13180491E+02
  0.16012983E+00 -0.13173986E+02
  0.16483953E+00 -0.13167536E+02
  0.16954923E+00 -0.13161141E+02
  0.17425893E+00 -0.13154804E+02
  0.17896863E+00 -0.13148527E+02
  0.18367834E+00 -0.13142312E+02
  0.18838804E+00 -0.13136160E+02
  0.19309774E+00 -0.13130073E+02
  0.19780744E+00 -0.13124053E+02
  0.20251714E+00 -0.13118102E+02
  0.20722684E+00 -0.13112222E+02
  0.21193654E+00 -0.13106413E+02
  0.21664624E+00 -0.13100679E+02
  0.22135594E+00 -0.13095020E+02
  0.22606564E+00 -0.13089439E+02
  0.23077534E+00 -0.13083936E+02
  0.23548505E+00 -0.13078515E+02
  0.24019475E+00 -0.13073176E+02
  0.24490445E+00 -0.13067920E+02
  0.24961415E+00 -0.13062751E+02
  0.25432385E+00 -0.13057668E+02
  0.25903355E+00 -0.13052674E+02
  0.26374325E+00 -0.13047770E+02
  0.26845295E+00 -0.13042958E+02
  0.27316265E+00 -0.13038239E+02
  0.27787235E+00 -0.13033614E+02
  0.28258205E+00 -0.13029085E+02
  0.28729176E+00 -0.13024653E+02
  0.29200146E+00 -0.13020320E+02
  0.29671116E+00 -0.13016086E+02
  0.30142086E+00 -0.13011952E+02
  0.30613056E+00 -0.13007921E+02
  0.31084026E+00 -0.13003992E+02
  0.31554996E+00 -0.13000167E+02
  0.32025966E+00 -0.12996446E+02
  0.32496936E+00 -0.12992831E+02
  0.32967906E+00 -0.12989321E+02
  0.33438876E+00 -0.12985918E+02
  0.33909847E+00 -0.12982623E+02
  0.34380817E+00 -0.12979435E+02
  0.34851787E+00 -0.12976356E+02
  0.35322757E+00 -0.12973385E+02
  0.35793727E+00 -0.12970523E+02
  0.36264697E+00 -0.12967771E+02
  0.36735667E+00 -0.12965127E+02
  0.37206637E+00 -0.12962594E+02
  0.37677607E+00 -0.12960169E+02
  0.38148577E+00 -0.12957854E+02
  0.38619547E+00 -0.12955649E+02
  0.39090518E+00 -0.12953554E+02
  0.39561488E+00 -0.12951568E+02
  0.40032458E+00 -0.12949691E+02
  0.40503428E+00 -0.12947923E+02
  0.40974398E+00 -0.12946265E+02
  0.41445368E+00 -0.12944716E+02
  0.41916338E+00 -0.12943276E+02
  0.42387308E+00 -0.12941944E+02
  0.42858278E+00 -0.12941936E+02
  0.43329248E+00 -0.12942180E+02
  0.43800218E+00 -0.12942396E+02
  0.44271189E+00 -0.12942583E+02
  0.44742159E+00 -0.12942740E+02
  0.45213129E+00 -0.12942868E+02
  0.45684099E+00 -0.12942967E+02
  0.46155069E+00 -0.12943037E+02
  0.46626039E+00 -0.12943078E+02
  0.47097009E+00 -0.12943091E+02
  0.47567979E+00 -0.12943074E+02
  0.48037912E+00 -0.12942812E+02
  0.48507844E+00 -0.12942288E+02
  0.48977777E+00 -0.12941512E+02
  0.49447710E+00 -0.12943039E+02
  0.49917642E+00 -0.12947366E+02
  0.50387575E+00 -0.12952351E+02
  0.50857508E+00 -0.12957891E+02
  0.51327440E+00 -0.12963906E+02
  0.51797373E+00 -0.12970329E+02
  0.52267306E+00 -0.12977108E+02
  0.52737238E+00 -0.12984203E+02
  0.53207171E+00 -0.12991579E+02
  0.53677103E+00 -0.12999210E+02
  0.54147036E+00 -0.13007074E+02
  0.54616969E+00 -0.13015150E+02
  0.55086901E+00 -0.13023425E+02
  0.55556834E+00 -0.13031884E+02
  0.56026767E+00 -0.13040514E+02
  0.56496699E+00 -0.13049306E+02
  0.56966632E+00 -0.13058251E+02
  0.57436565E+00 -0.13067338E+02
  0.57906497E+00 -0.13076561E+02
  0.58376430E+00 -0.13085913E+02
  0.58846362E+00 -0.13095386E+02
  0.59316295E+00 -0.13104975E+02
  0.59786228E+00 -0.13114672E+02
  0.60256160E+00 -0.13124474E+02
  0.60726093E+00 -0.13134374E+02
  0.61196026E+00 -0.13144367E+02
  0.61665958E+00 -0.13154448E+02
  0.62135891E+00 -0.13164613E+02
  0.62605824E+00 -0.13174857E+02
  0.63075756E+00 -0.13185176E+02
  0.63545689E+00 -0.13195566E+02
  0.64015621E+00 -0.13206022E+02
  0.64485554E+00 -0.13216541E+02
  0.64955487E+00 -0.13227118E+02
  0.65425419E+00 -0.13237750E+02
  0.65895352E+00 -0.13248434E+02
  0.66365285E+00 -0.13259166E+02
  0.66835217E+00 -0.13269941E+02
  0.67305150E+00 -0.13280758E+02
  0.67775083E+00 -0.13291613E+02
  0.68245015E+00 -0.13302501E+02
  0.68714948E+00 -0.13313421E+02
  0.69184880E+00 -0.13324369E+02
  0.69654813E+00 -0.13335342E+02
  0.70124746E+00 -0.13346337E+02
  0.70594678E+00 -0.13357351E+02
  0.71064611E+00 -0.13368381E+02
  0.71534544E+00 -0.13379423E+02
  0.72004476E+00 -0.13390476E+02
  0.72474409E+00 -0.13401536E+02
  0.72944342E+00 -0.13412600E+02
  0.73414274E+00 -0.13423666E+02
  0.73884207E+00 -0.13434730E+02
  0.74354139E+00 -0.13445790E+02
  0.74824072E+00 -0.13456844E+02
  0.75294005E+00 -0.13467887E+02
  0.75763937E+00 -0.13478918E+02
  0.76233870E+00 -0.13489933E+02
  0.76703803E+00 -0.13500931E+02
  0.77173735E+00 -0.13511907E+02
  0.77643668E+00 -0.13522860E+02
  0.78113601E+00 -0.13533787E+02
  0.78583533E+00 -0.13544685E+02
  0.79053466E+00 -0.13555550E+02
  0.79523398E+00 -0.13566381E+02
  0.79993331E+00 -0.13577175E+02
  0.80463264E+00 -0.13587929E+02
  0.80933196E+00 -0.13598639E+02
  0.81403129E+00 -0.13609305E+02
  0.81873062E+00 -0.13619922E+02
  0.82342994E+00 -0.13630488E+02
  0.82812927E+00 -0.13641000E+02
  0.83282859E+00 -0.13651457E+02
  0.83752792E+00 -0.13661854E+02
  0.84222725E+00 -0.13672190E+02
  0.84692657E+00 -0.13682462E+02
  0.85162590E+00 -0.13692667E+02
  0.85632523E+00 -0.13702803E+02
  0.86102455E+00 -0.13712867E+02
  0.86572388E+00 -0.13722856E+02
  0.87042321E+00 -0.13732770E+02
  0.87512253E+00 -0.13742604E+02
  0.87982186E+00 -0.13752356E+02
  0.88452118E+00 -0.13762025E+02
  0.88922051E+00 -0.13771608E+02
  0.89391984E+00 -0.13781103E+02
  0.89861916E+00 -0.13790507E+02
  0.90331849E+00 -0.13799819E+02
  0.90801782E+00 -0.13809036E+02
  0.91271714E+00 -0.13818157E+02
  0.91741647E+00 -0.13827180E+02
  0.92211580E+00 -0.13836103E+02
  0.92681512E+00 -0.13844923E+02
  0.93151445E+00 -0.13853641E+02
  0.93621377E+00 -0.13862253E+02
  0.94091310E+00 -0.13870758E+02
  0.94561243E+00 -0.13879156E+02
  0.95031175E+00 -0.13887444E+02
  0.95501108E+00 -0.13895621E+02
  0.95971041E+00 -0.13903686E+02
  0.96440973E+00 -0.13911639E+02
  0.96910906E+00 -0.13919477E+02
  0.97380839E+00 -0.13927200E+02
  0.97850771E+00 -0.13934807E+02
  0.98320704E+00 -0.13942297E+02
  0.98790636E+00 -0.13949669E+02
  0.99260569E+00 -0.13956924E+02
  0.99730502E+00 -0.13964059E+02
  0.10020043E+01 -0.13971075E+02
  0.10067037E+01 -0.13977971E+02
  0.10114030E+01 -0.13984746E+02
  0.10161023E+01 -0.13991401E+02
  0.10208016E+01 -0.13997935E+02
  0.10255010E+01 -0.14004348E+02
  0.10302003E+01 -0.14010639E+02
  0.10348996E+01 -0.14016808E+02
  0.10395990E+01 -0.14022856E+02
  0.10442983E+01 -0.14028781E+02
  0.10489976E+01 -0.14034585E+02
  0.10536969E+01 -0.14040267E+02
  0.10583963E+01 -0.14045826E+02
  0.10630956E+01 -0.14051263E+02
  0.10677949E+01 -0.14056579E+02
  0.10724942E+01 -0.14061772E+02
  0.10771936E+01 -0.14066843E+02
  0.10818929E+01 -0.14071792E+02
  0.10865922E+01 -0.14076620E+02
  0.10912915E+01 -0.14081325E+02
  0.10959909E+01 -0.14085908E+02
  0.11006902E+01 -0.14090370E+02
  0.11053895E+01 -0.14094709E+02
  0.11100888E+01 -0.14098927E+02
  0.11147882E+01 -0.14103022E+02
  0.11194875E+01 -0.14106996E+02
  0.11241868E+01 -0.14110847E+02
  0.11288862E+01 -0.14114576E+02
  0.11335855E+01 -0.14118183E+02
  0.11382848E+01 -0.14121667E+02
  0.11429841E+01 -0.14125029E+02
  0.11476835E+01 -0.14128267E+02
  0.11523828E+01 -0.14131382E+02
  0.11570821E+01 -0.14134374E+02
  0.11617814E+01 -0.14137242E+02
  0.11664808E+01 -0.14139987E+02
  0.11711801E+01 -0.14142606E+02
  0.11758794E+01 -0.14145101E+02
  0.11805787E+01 -0.14147470E+02
  0.11852781E+01 -0.14149714E+02
  0.11899774E+01 -0.14151832E+02
  0.11946767E+01 -0.14153823E+02
  0.11993761E+01 -0.14155686E+02
  0.12040754E+01 -0.14157423E+02
  0.12087747E+01 -0.14159030E+02
  0.12134740E+01 -0.14160510E+02
  0.12181734E+01 -0.14161859E+02
  0.12228727E+01 -0.14163079E+02
  0.12275720E+01 -0.14164168E+02
  0.12322713E+01 -0.14165126E+02
  0.12369707E+01 -0.14165953E+02
  0.12416700E+01 -0.14166647E+02
  0.12463693E+01 -0.14167208E+02
  0.12510686E+01 -0.14167636E+02
  0.12557680E+01 -0.14167930E+02
  0.12604673E+01 -0.14168089E+02
  0.12651770E+01 -0.14168031E+02
  0.12698867E+01 -0.14167879E+02
  0.12745964E+01 -0.14167633E+02
  0.12793061E+01 -0.14167293E+02
  0.12840158E+01 -0.14166859E+02
  0.12887255E+01 -0.14166332E+02
  0.12934352E+01 -0.14165712E+02
  0.12981449E+01 -0.14165000E+02
  0.13028546E+01 -0.14164196E+02
  0.13075643E+01 -0.14163301E+02
  0.13122740E+01 -0.14162315E+02
  0.13169837E+01 -0.14161240E+02
  0.13216934E+01 -0.14160075E+02
  0.13264031E+01 -0.14158823E+02
  0.13311128E+01 -0.14157484E+02
  0.13358225E+01 -0.14156060E+02
  0.13405322E+01 -0.14154550E+02
  0.13452419E+01 -0.14152958E+02
  0.13499516E+01 -0.14151284E+02
  0.13546613E+01 -0.14149529E+02
  0.13593710E+01 -0.14147696E+02
  0.13640807E+01 -0.14145786E+02
  0.13687904E+01 -0.14143802E+02
  0.13735001E+01 -0.14141744E+02
  0.13782098E+01 -0.14139616E+02
  0.13829195E+01 -0.14137419E+02
  0.13876292E+01 -0.14135157E+02
  0.13923389E+01 -0.14132832E+02
  0.13970486E+01 -0.14130447E+02
  0.14017583E+01 -0.14128006E+02
  0.14064680E+01 -0.14125512E+02
  0.14111777E+01 -0.14122969E+02
  0.14158874E+01 -0.14120382E+02
  0.14205971E+01 -0.14117754E+02
  0.14253068E+01 -0.14115092E+02
  0.14300165E+01 -0.14112401E+02
  0.14347262E+01 -0.14109687E+02
  0.14394359E+01 -0.14106958E+02
  0.14441456E+01 -0.14104221E+02
  0.14488553E+01 -0.14101484E+02
  0.14535650E+01 -0.14098758E+02
  0.14582747E+01 -0.14096053E+02
  0.14629844E+01 -0.14093380E+02
  0.14676941E+01 -0.14090753E+02
  0.14724038E+01 -0.14088188E+02
  0.14771135E+01 -0.14085699E+02
  0.14818232E+01 -0.14083307E+02
  0.14865329E+01 -0.14081032E+02
  0.14912426E+01 -0.14078896E+02
  0.14959523E+01 -0.14076925E+02
  0.15006620E+01 -0.14075148E+02
  0.15053717E+01 -0.14073595E+02
  0.15100814E+01 -0.14072301E+02
  0.15147911E+01 -0.14071303E+02
  0.15195008E+01 -0.14070639E+02
  0.15242105E+01 -0.14070350E+02
  0.15289202E+01 -0.14070480E+02
  0.15336299E+01 -0.14071071E+02
  0.15383396E+01 -0.14072165E+02
  0.15430493E+01 -0.14073801E+02
  0.15477590E+01 -0.14076014E+02
  0.15524687E+01 -0.14078832E+02
  0.15571785E+01 -0.14082277E+02
  0.15618882E+01 -0.14086360E+02
  0.15665979E+01 -0.14091086E+02
  0.15713076E+01 -0.14096448E+02
  0.15760173E+01 -0.14102429E+02
  0.15807270E+01 -0.14109008E+02
  0.15854367E+01 -0.14116154E+02
  0.15901464E+01 -0.14123834E+02
  0.15948561E+01 -0.14132011E+02
  0.15995658E+01 -0.14140645E+02
  0.16042755E+01 -0.14149698E+02
  0.16089852E+01 -0.14159131E+02
  0.16136949E+01 -0.14168907E+02
  0.16184046E+01 -0.14178992E+02
  0.16231143E+01 -0.14189353E+02
  0.16278240E+01 -0.14199960E+02
  0.16325337E+01 -0.14210784E+02
  0.16372434E+01 -0.14221799E+02
  0.16419531E+01 -0.14232983E+02
  0.16466628E+01 -0.14244313E+02
  0.16513725E+01 -0.14255771E+02
  0.16560822E+01 -0.14267338E+02
  0.16607919E+01 -0.14278998E+02
  0.16655016E+01 -0.14290737E+02
  0.16702113E+01 -0.14302541E+02
  0.16749210E+01 -0.14314397E+02
  0.16796307E+01 -0.14326295E+02
  0.16843404E+01 -0.14338223E+02
  0.16890501E+01 -0.14350172E+02
  0.16937598E+01 -0.14362134E+02
  0.16984695E+01 -0.14374099E+02
  0.17031792E+01 -0.14386059E+02
  0.17078889E+01 -0.14398008E+02
  0.17125986E+01 -0.14409935E+02
  0.17173083E+01 -0.14421833E+02
  0.17220180E+01 -0.14433687E+02
  0.17267277E+01 -0.14445467E+02
  0.17314374E+01 -0.14457049E+02
  0.17361471E+01 -0.14466047E+02
  0.17408464E+01 -0.14465948E+02
  0.17455457E+01 -0.14465711E+02
  0.17502451E+01 -0.14465335E+02
  0.17549444E+01 -0.14464823E+02
  0.17596437E+01 -0.14464175E+02
  0.17643430E+01 -0.14463391E+02
  0.17690424E+01 -0.14462475E+02
  0.17737417E+01 -0.14461426E+02
  0.17784410E+01 -0.14460246E+02
  0.17831403E+01 -0.14458936E+02
  0.17878397E+01 -0.14457499E+02
  0.17925390E+01 -0.14455935E+02
  0.17972383E+01 -0.14454246E+02
  0.18019377E+01 -0.14452432E+02
  0.18066370E+01 -0.14450496E+02
  0.18113363E+01 -0.14448439E+02
  0.18160356E+01 -0.14446260E+02
  0.18207350E+01 -0.14443962E+02
  0.18254343E+01 -0.14441546E+02
  0.18301336E+01 -0.14439011E+02
  0.18348329E+01 -0.14436360E+02
  0.18395323E+01 -0.14433592E+02
  0.18442316E+01 -0.14430708E+02
  0.18489309E+01 -0.14427708E+02
  0.18536302E+01 -0.14424594E+02
  0.18583296E+01 -0.14421364E+02
  0.18630289E+01 -0.14418020E+02
  0.18677282E+01 -0.14414561E+02
  0.18724275E+01 -0.14410987E+02
  0.18771269E+01 -0.14407299E+02
  0.18818262E+01 -0.14403496E+02
  0.18865255E+01 -0.14399577E+02
  0.18912249E+01 -0.14395542E+02
  0.18959242E+01 -0.14391391E+02
  0.19006235E+01 -0.14387123E+02
  0.19053228E+01 -0.14382737E+02
  0.19100222E+01 -0.14378232E+02
  0.19147215E+01 -0.14373607E+02
  0.19194208E+01 -0.14368860E+02
  0.19241201E+01 -0.14363989E+02
  0.19288195E+01 -0.14358991E+02
  0.19335188E+01 -0.14353864E+02
  0.19382181E+01 -0.14348604E+02
  0.19429174E+01 -0.14343207E+02
  0.19476168E+01 -0.14337668E+02
  0.19523161E+01 -0.14331984E+02
  0.19570154E+01 -0.14326154E+02
  0.19617147E+01 -0.14320179E+02
  0.19664141E+01 -0.14314064E+02
  0.19711134E+01 -0.14307815E+02
  0.19758127E+01 -0.14301438E+02
  0.19805121E+01 -0.14294939E+02
  0.19852114E+01 -0.14288323E+02
  0.19899107E+01 -0.14281594E+02
  0.19946100E+01 -0.14274755E+02
  0.19993094E+01 -0.14267811E+02
  0.20040087E+01 -0.14260762E+02
  0.20087080E+01 -0.14253612E+02
  0.20134073E+01 -0.14246362E+02
  0.20181067E+01 -0.14239013E+02
  0.20228060E+01 -0.14231568E+02
  0.20275053E+01 -0.14224028E+02
  0.20322046E+01 -0.14216393E+02
  0.20369040E+01 -0.14208666E+02
  0.20416033E+01 -0.14200847E+02
  0.20463026E+01 -0.14192937E+02
  0.20510020E+01 -0.14184938E+02
  0.20557013E+01 -0.14176849E+02
  0.20604006E+01 -0.14168673E+02
  0.20650999E+01 -0.14160409E+02
  0.20697993E+01 -0.14152058E+02
  0.20744986E+01 -0.14143622E+02
  0.20791979E+01 -0.14135099E+02
  0.20838972E+01 -0.14126492E+02
  0.20885966E+01 -0.14117801E+02
  0.20932959E+01 -0.14109026E+02
  0.20979952E+01 -0.14100168E+02
  0.21026945E+01 -0.14091227E+02
  0.21073939E+01 -0.14082206E+02
  0.21120932E+01 -0.14073105E+02
  0.21167925E+01 -0.14063927E+02
  0.21214918E+01 -0.14054672E+02
  0.21261912E+01 -0.14045344E+02
  0.21308905E+01 -0.14035946E+02
  0.21355898E+01 -0.14026480E+02
  0.21402892E+01 -0.14016950E+02
  0.21449885E+01 -0.14007359E+02
  0.21496878E+01 -0.13997712E+02
  0.21543871E+01 -0.13988012E+02
  0.21590865E+01 -0.13978263E+02
  0.21637858E+01 -0.13968469E+02
  0.21684851E+01 -0.13958634E+02
  0.21731844E+01 -0.13948762E+02
  0.21778838E+01 -0.13938857E+02
  0.21825831E+01 -0.13928923E+02
  0.21872824E+01 -0.13918963E+02
  0.21919817E+01 -0.13908981E+02
  0.21966811E+01 -0.13898982E+02
  0.22013804E+01 -0.13888967E+02
  0.22060797E+01 -0.13878942E+02
  0.22107790E+01 -0.13868909E+02
  0.22154784E+01 -0.13858871E+02
  0.22201777E+01 -0.13848832E+02
  0.22248770E+01 -0.13838796E+02
  0.22295764E+01 -0.13828765E+02
  0.22342757E+01 -0.13818742E+02
  0.22389750E+01 -0.13808731E+02
  0.22436743E+01 -0.13798734E+02
  0.22483737E+01 -0.13788755E+02
  0.22530730E+01 -0.13778797E+02
  0.22577723E+01 -0.13768861E+02
  0.22624716E+01 -0.13758953E+02
  0.22671710E+01 -0.13749074E+02
  0.22718703E+01 -0.13739227E+02
  0.22765696E+01 -0.13729417E+02
  0.22812689E+01 -0.13719647E+02
  0.22859683E+01 -0.13709919E+02
  0.22906676E+01 -0.13700239E+02
  0.22953669E+01 -0.13690610E+02
  0.23000662E+01 -0.13681037E+02
  0.23047656E+01 -0.13671524E+02
  0.23094649E+01 -0.13662076E+02
  0.23141642E+01 -0.13652699E+02
  0.23188636E+01 -0.13643397E+02
  0.23235629E+01 -0.13634178E+02
  0.23282622E+01 -0.13625045E+02
  0.23329615E+01 -0.13616007E+02
  0.23376609E+01 -0.13607067E+02
  0.23423602E+01 -0.13598235E+02
  0.23470595E+01 -0.13589514E+02
  0.23517588E+01 -0.13580913E+02
  0.23564582E+01 -0.13572437E+02
  0.23611575E+01 -0.13564094E+02
  0.23658568E+01 -0.13555890E+02
  0.23705561E+01 -0.13547832E+02
  0.23752555E+01 -0.13539927E+02
  0.23799548E+01 -0.13532181E+02
  0.23846541E+01 -0.13524602E+02
  0.23893534E+01 -0.13517196E+02
  0.23940528E+01 -0.13509969E+02
  0.23987521E+01 -0.13502930E+02
  0.24034514E+01 -0.13496084E+02
  0.24081508E+01 -0.13489438E+02
  0.24128501E+01 -0.13483000E+02
  0.24175494E+01 -0.13476775E+02
  0.24222487E+01 -0.13470770E+02
  0.24269481E+01 -0.13464992E+02
  0.24316474E+01 -0.13459447E+02
  0.24363467E+01 -0.13454142E+02
  0.24410460E+01 -0.13449082E+02
  0.24457454E+01 -0.13444274E+02
  0.24504447E+01 -0.13439724E+02
  0.24551440E+01 -0.13435437E+02
  0.24598433E+01 -0.13431418E+02
  0.24645427E+01 -0.13427674E+02
  0.24692420E+01 -0.13424209E+02
  0.24739413E+01 -0.13421028E+02
  0.24786406E+01 -0.13418135E+02
  0.24833400E+01 -0.13415535E+02
  0.24880393E+01 -0.13413230E+02
  0.24927386E+01 -0.13411225E+02
  0.24974380E+01 -0.13409523E+02
  0.25021373E+01 -0.13408126E+02
  0.25068366E+01 -0.13407037E+02
  0.25115359E+01 -0.13406256E+02
  0.25162353E+01 -0.13405786E+02
  0.25209346E+01 -0.13405627E+02
  
  0.00000000E+00 -0.12861953E+02
  0.47097009E-02 -0.12862238E+02
  0.94194018E-02 -0.12862724E+02
  0.14129103E-01 -0.12863324E+02
  0.18838804E-01 -0.12863993E+02
  0.23548505E-01 -0.12864706E+02
  0.28258205E-01 -0.12865454E+02
  0.32967906E-01 -0.12866229E+02
  0.37677607E-01 -0.12867028E+02
  0.42387308E-01 -0.12867849E+02
  0.47097009E-01 -0.12868690E+02
  0.51806710E-01 -0.12869550E+02
  0.56516411E-01 -0.12870427E+02
  0.61226112E-01 -0.12871322E+02
  0.65935813E-01 -0.12872233E+02
  0.70645514E-01 -0.12873160E+02
  0.75355215E-01 -0.12874102E+02
  0.80064916E-01 -0.12875059E+02
  0.84774616E-01 -0.12876030E+02
  0.89484317E-01 -0.12877014E+02
  0.94194018E-01 -0.12878011E+02
  0.98903719E-01 -0.12879021E+02
  0.10361342E+00 -0.12880043E+02
  0.10832312E+00 -0.12881076E+02
  0.11303282E+00 -0.12882119E+02
  0.11774252E+00 -0.12883173E+02
  0.12245222E+00 -0.12884236E+02
  0.12716192E+00 -0.12885307E+02
  0.13187163E+00 -0.12886387E+02
  0.13658133E+00 -0.12887474E+02
  0.14129103E+00 -0.12888568E+02
  0.14600073E+00 -0.12889668E+02
  0.15071043E+00 -0.12890774E+02
  0.15542013E+00 -0.12891884E+02
  0.16012983E+00 -0.12892999E+02
  0.16483953E+00 -0.12894117E+02
  0.16954923E+00 -0.12895238E+02
  0.17425893E+00 -0.12896362E+02
  0.17896863E+00 -0.12897487E+02
  0.18367834E+00 -0.12898612E+02
  0.18838804E+00 -0.12899739E+02
  0.19309774E+00 -0.12900864E+02
  0.19780744E+00 -0.12901989E+02
  0.20251714E+00 -0.12903112E+02
  0.20722684E+00 -0.12904233E+02
  0.21193654E+00 -0.12905351E+02
  0.21664624E+00 -0.12906466E+02
  0.22135594E+00 -0.12907576E+02
  0.22606564E+00 -0.12908681E+02
  0.23077534E+00 -0.12909781E+02
  0.23548505E+00 -0.12910874E+02
  0.24019475E+00 -0.12911961E+02
  0.24490445E+00 -0.12913041E+02
  0.24961415E+00 -0.12914112E+02
  0.25432385E+00 -0.12915174E+02
  0.25903355E+00 -0.12916227E+02
  0.26374325E+00 -0.12917269E+02
  0.26845295E+00 -0.12918300E+02
  0.27316265E+00 -0.12919320E+02
  0.27787235E+00 -0.12920328E+02
  0.28258205E+00 -0.12921322E+02
  0.28729176E+00 -0.12922302E+02
  0.29200146E+00 -0.12923268E+02
  0.29671116E+00 -0.12924218E+02
  0.30142086E+00 -0.12925153E+02
  0.30613056E+00 -0.12926070E+02
  0.31084026E+00 -0.12926970E+02
  0.31554996E+00 -0.12927852E+02
  0.32025966E+00 -0.12928714E+02
  0.32496936E+00 -0.12929557E+02
  0.32967906E+00 -0.12930380E+02
  0.33438876E+00 -0.12931182E+02
  0.33909847E+00 -0.12931961E+02
  0.34380817E+00 -0.12932719E+02
  0.34851787E+00 -0.12933453E+02
  0.35322757E+00 -0.12934164E+02
  0.35793727E+00 -0.12934850E+02
  0.36264697E+00 -0.12935512E+02
  0.36735667E+00 -0.12936148E+02
  0.37206637E+00 -0.12936758E+02
  0.37677607E+00 -0.12937343E+02
  0.38148577E+00 -0.12937900E+02
  0.38619547E+00 -0.12938431E+02
  0.39090518E+00 -0.12938934E+02
  0.39561488E+00 -0.12939409E+02
  0.40032458E+00 -0.12939856E+02
  0.40503428E+00 -0.12940274E+02
  0.40974398E+00 -0.12940664E+02
  0.41445368E+00 -0.12941026E+02
  0.41916338E+00 -0.12941358E+02
  0.42387308E+00 -0.12941661E+02
  0.42858278E+00 -0.12940722E+02
  0.43329248E+00 -0.12939608E+02
  0.43800218E+00 -0.12938603E+02
  0.44271189E+00 -0.12937707E+02
  0.44742159E+00 -0.12936920E+02
  0.45213129E+00 -0.12936242E+02
  0.45684099E+00 -0.12935674E+02
  0.46155069E+00 -0.12935215E+02
  0.46626039E+00 -0.12934865E+02
  0.47097009E+00 -0.12934626E+02
  0.47567979E+00 -0.12934497E+02
  0.48037912E+00 -0.12935096E+02
  0.48507844E+00 -0.12936774E+02
  0.48977777E+00 -0.12939447E+02
  0.49447710E+00 -0.12940448E+02
  0.49917642E+00 -0.12939166E+02
  0.50387575E+00 -0.12937635E+02
  0.50857508E+00 -0.12935868E+02
  0.51327440E+00 -0.12933874E+02
  0.51797373E+00 -0.12931663E+02
  0.52267306E+00 -0.12929246E+02
  0.52737238E+00 -0.12926634E+02
  0.53207171E+00 -0.12923839E+02
  0.53677103E+00 -0.12920873E+02
  0.54147036E+00 -0.12917749E+02
  0.54616969E+00 -0.12914480E+02
  0.55086901E+00 -0.12911080E+02
  0.55556834E+00 -0.12907560E+02
  0.56026767E+00 -0.12903936E+02
  0.56496699E+00 -0.12900219E+02
  0.56966632E+00 -0.12896423E+02
  0.57436565E+00 -0.12892562E+02
  0.57906497E+00 -0.12888647E+02
  0.58376430E+00 -0.12884691E+02
  0.58846362E+00 -0.12880706E+02
  0.59316295E+00 -0.12876703E+02
  0.59786228E+00 -0.12872695E+02
  0.60256160E+00 -0.12868691E+02
  0.60726093E+00 -0.12864703E+02
  0.61196026E+00 -0.12860740E+02
  0.61665958E+00 -0.12856811E+02
  0.62135891E+00 -0.12852926E+02
  0.62605824E+00 -0.12849094E+02
  0.63075756E+00 -0.12845322E+02
  0.63545689E+00 -0.12841618E+02
  0.64015621E+00 -0.12837990E+02
  0.64485554E+00 -0.12834445E+02
  0.64955487E+00 -0.12830989E+02
  0.65425419E+00 -0.12827631E+02
  0.65895352E+00 -0.12824551E+02
  0.66365285E+00 -0.12826779E+02
  0.66835217E+00 -0.12829480E+02
  0.67305150E+00 -0.12832355E+02
  0.67775083E+00 -0.12835398E+02
  0.68245015E+00 -0.12838604E+02
  0.68714948E+00 -0.12841970E+02
  0.69184880E+00 -0.12845491E+02
  0.69654813E+00 -0.12849163E+02
  0.70124746E+00 -0.12852982E+02
  0.70594678E+00 -0.12856945E+02
  0.71064611E+00 -0.12861047E+02
  0.71534544E+00 -0.12865283E+02
  0.72004476E+00 -0.12869650E+02
  0.72474409E+00 -0.12874144E+02
  0.72944342E+00 -0.12878760E+02
  0.73414274E+00 -0.12883493E+02
  0.73884207E+00 -0.12888340E+02
  0.74354139E+00 -0.12893297E+02
  0.74824072E+00 -0.12898358E+02
  0.75294005E+00 -0.12903520E+02
  0.75763937E+00 -0.12908778E+02
  0.76233870E+00 -0.12914129E+02
  0.76703803E+00 -0.12919567E+02
  0.77173735E+00 -0.12925089E+02
  0.77643668E+00 -0.12930691E+02
  0.78113601E+00 -0.12936368E+02
  0.78583533E+00 -0.12942116E+02
  0.79053466E+00 -0.12947931E+02
  0.79523398E+00 -0.12953810E+02
  0.79993331E+00 -0.12959747E+02
  0.80463264E+00 -0.12965739E+02
  0.80933196E+00 -0.12971782E+02
  0.81403129E+00 -0.12977873E+02
  0.81873062E+00 -0.12984007E+02
  0.82342994E+00 -0.12990180E+02
  0.82812927E+00 -0.12996388E+02
  0.83282859E+00 -0.13002629E+02
  0.83752792E+00 -0.13008898E+02
  0.84222725E+00 -0.13015191E+02
  0.84692657E+00 -0.13021506E+02
  0.85162590E+00 -0.13027838E+02
  0.85632523E+00 -0.13034184E+02
  0.86102455E+00 -0.13040540E+02
  0.86572388E+00 -0.13046903E+02
  0.87042321E+00 -0.13053270E+02
  0.87512253E+00 -0.13059638E+02
  0.87982186E+00 -0.13066003E+02
  0.88452118E+00 -0.13072361E+02
  0.88922051E+00 -0.13078711E+02
  0.89391984E+00 -0.13085048E+02
  0.89861916E+00 -0.13091370E+02
  0.90331849E+00 -0.13097673E+02
  0.90801782E+00 -0.13103956E+02
  0.91271714E+00 -0.13110214E+02
  0.91741647E+00 -0.13116445E+02
  0.92211580E+00 -0.13122646E+02
  0.92681512E+00 -0.13128815E+02
  0.93151445E+00 -0.13134948E+02
  0.93621377E+00 -0.13141044E+02
  0.94091310E+00 -0.13147100E+02
  0.94561243E+00 -0.13153112E+02
  0.95031175E+00 -0.13159080E+02
  0.95501108E+00 -0.13164999E+02
  0.95971041E+00 -0.13170869E+02
  0.96440973E+00 -0.13176686E+02
  0.96910906E+00 -0.13182449E+02
  0.97380839E+00 -0.13188156E+02
  0.97850771E+00 -0.13193803E+02
  0.98320704E+00 -0.13199390E+02
  0.98790636E+00 -0.13204915E+02
  0.99260569E+00 -0.13210374E+02
  0.99730502E+00 -0.13215767E+02
  0.10020043E+01 -0.13221092E+02
  0.10067037E+01 -0.13226347E+02
  0.10114030E+01 -0.13231530E+02
  0.10161023E+01 -0.13236640E+02
  0.10208016E+01 -0.13241675E+02
  0.10255010E+01 -0.13246634E+02
  0.10302003E+01 -0.13251515E+02
  0.10348996E+01 -0.13256316E+02
  0.10395990E+01 -0.13261038E+02
  0.10442983E+01 -0.13265677E+02
  0.10489976E+01 -0.13270234E+02
  0.10536969E+01 -0.13274706E+02
  0.10583963E+01 -0.13279093E+02
  0.10630956E+01 -0.13283393E+02
  0.10677949E+01 -0.13287607E+02
  0.10724942E+01 -0.13291731E+02
  0.10771936E+01 -0.13295767E+02
  0.10818929E+01 -0.13299712E+02
  0.10865922E+01 -0.13303566E+02
  0.10912915E+01 -0.13307329E+02
  0.10959909E+01 -0.13310999E+02
  0.11006902E+01 -0.13314575E+02
  0.11053895E+01 -0.13318057E+02
  0.11100888E+01 -0.13321445E+02
  0.11147882E+01 -0.13324737E+02
  0.11194875E+01 -0.13327934E+02
  0.11241868E+01 -0.13331034E+02
  0.11288862E+01 -0.13334037E+02
  0.11335855E+01 -0.13336942E+02
  0.11382848E+01 -0.13339749E+02
  0.11429841E+01 -0.13342458E+02
  0.11476835E+01 -0.13345068E+02
  0.11523828E+01 -0.13347578E+02
  0.11570821E+01 -0.13349988E+02
  0.11617814E+01 -0.13352298E+02
  0.11664808E+01 -0.13354507E+02
  0.11711801E+01 -0.13356615E+02
  0.11758794E+01 -0.13358621E+02
  0.11805787E+01 -0.13360525E+02
  0.11852781E+01 -0.13362327E+02
  0.11899774E+01 -0.13364026E+02
  0.11946767E+01 -0.13365623E+02
  0.11993761E+01 -0.13367115E+02
  0.12040754E+01 -0.13368504E+02
  0.12087747E+01 -0.13369788E+02
  0.12134740E+01 -0.13370968E+02
  0.12181734E+01 -0.13372042E+02
  0.12228727E+01 -0.13373012E+02
  0.12275720E+01 -0.13373875E+02
  0.12322713E+01 -0.13374633E+02
  0.12369707E+01 -0.13375283E+02
  0.12416700E+01 -0.13375827E+02
  0.12463693E+01 -0.13376264E+02
  0.12510686E+01 -0.13376593E+02
  0.12557680E+01 -0.13376815E+02
  0.12604673E+01 -0.13376927E+02
  0.12651770E+01 -0.13377095E+02
  0.12698867E+01 -0.13377595E+02
  0.12745964E+01 -0.13378426E+02
  0.12793061E+01 -0.13379588E+02
  0.12840158E+01 -0.13381079E+02
  0.12887255E+01 -0.13382897E+02
  0.12934352E+01 -0.13385041E+02
  0.12981449E+01 -0.13387507E+02
  0.13028546E+01 -0.13390293E+02
  0.13075643E+01 -0.13393395E+02
  0.13122740E+01 -0.13396809E+02
  0.13169837E+01 -0.13400532E+02
  0.13216934E+01 -0.13404560E+02
  0.13264031E+01 -0.13408887E+02
  0.13311128E+01 -0.13413508E+02
  0.13358225E+01 -0.13418419E+02
  0.13405322E+01 -0.13423613E+02
  0.13452419E+01 -0.13429085E+02
  0.13499516E+01 -0.13434828E+02
  0.13546613E+01 -0.13440837E+02
  0.13593710E+01 -0.13447104E+02
  0.13640807E+01 -0.13453622E+02
  0.13687904E+01 -0.13460385E+02
  0.13735001E+01 -0.13467384E+02
  0.13782098E+01 -0.13474612E+02
  0.13829195E+01 -0.13482062E+02
  0.13876292E+01 -0.13489724E+02
  0.13923389E+01 -0.13497590E+02
  0.13970486E+01 -0.13505652E+02
  0.14017583E+01 -0.13513900E+02
  0.14064680E+01 -0.13522325E+02
  0.14111777E+01 -0.13530918E+02
  0.14158874E+01 -0.13539667E+02
  0.14205971E+01 -0.13548563E+02
  0.14253068E+01 -0.13557594E+02
  0.14300165E+01 -0.13566750E+02
  0.14347262E+01 -0.13576017E+02
  0.14394359E+01 -0.13585383E+02
  0.14441456E+01 -0.13594835E+02
  0.14488553E+01 -0.13604359E+02
  0.14535650E+01 -0.13613939E+02
  0.14582747E+01 -0.13623558E+02
  0.14629844E+01 -0.13633201E+02
  0.14676941E+01 -0.13642847E+02
  0.14724038E+01 -0.13652478E+02
  0.14771135E+01 -0.13662069E+02
  0.14818232E+01 -0.13671600E+02
  0.14865329E+01 -0.13681042E+02
  0.14912426E+01 -0.13690368E+02
  0.14959523E+01 -0.13699548E+02
  0.15006620E+01 -0.13708548E+02
  0.15053717E+01 -0.13717333E+02
  0.15100814E+01 -0.13725863E+02
  0.15147911E+01 -0.13734098E+02
  0.15195008E+01 -0.13741993E+02
  0.15242105E+01 -0.13749503E+02
  0.15289202E+01 -0.13756581E+02
  0.15336299E+01 -0.13763179E+02
  0.15383396E+01 -0.13769252E+02
  0.15430493E+01 -0.13774757E+02
  0.15477590E+01 -0.13779654E+02
  0.15524687E+01 -0.13783912E+02
  0.15571785E+01 -0.13787505E+02
  0.15618882E+01 -0.13790416E+02
  0.15665979E+01 -0.13792640E+02
  0.15713076E+01 -0.13794179E+02
  0.15760173E+01 -0.13795046E+02
  0.15807270E+01 -0.13795259E+02
  0.15854367E+01 -0.13794845E+02
  0.15901464E+01 -0.13793836E+02
  0.15948561E+01 -0.13792265E+02
  0.15995658E+01 -0.13790168E+02
  0.16042755E+01 -0.13787581E+02
  0.16089852E+01 -0.13784539E+02
  0.16136949E+01 -0.13781078E+02
  0.16184046E+01 -0.13777229E+02
  0.16231143E+01 -0.13773022E+02
  0.16278240E+01 -0.13768486E+02
  0.16325337E+01 -0.13763647E+02
  0.16372434E+01 -0.13758528E+02
  0.16419531E+01 -0.13753150E+02
  0.16466628E+01 -0.13747533E+02
  0.16513725E+01 -0.13741694E+02
  0.16560822E+01 -0.13735650E+02
  0.16607919E+01 -0.13729415E+02
  0.16655016E+01 -0.13723003E+02
  0.16702113E+01 -0.13716425E+02
  0.16749210E+01 -0.13709692E+02
  0.16796307E+01 -0.13702816E+02
  0.16843404E+01 -0.13695804E+02
  0.16890501E+01 -0.13688665E+02
  0.16937598E+01 -0.13681407E+02
  0.16984695E+01 -0.13674039E+02
  0.17031792E+01 -0.13666566E+02
  0.17078889E+01 -0.13658995E+02
  0.17125986E+01 -0.13651333E+02
  0.17173083E+01 -0.13643587E+02
  0.17220180E+01 -0.13635765E+02
  0.17267277E+01 -0.13627882E+02
  0.17314374E+01 -0.13619992E+02
  0.17361471E+01 -0.13613431E+02
  0.17408464E+01 -0.13613420E+02
  0.17455457E+01 -0.13613291E+02
  0.17502451E+01 -0.13613044E+02
  0.17549444E+01 -0.13612679E+02
  0.17596437E+01 -0.13612195E+02
  0.17643430E+01 -0.13611593E+02
  0.17690424E+01 -0.13610873E+02
  0.17737417E+01 -0.13610033E+02
  0.17784410E+01 -0.13609074E+02
  0.17831403E+01 -0.13607996E+02
  0.17878397E+01 -0.13606800E+02
  0.17925390E+01 -0.13605484E+02
  0.17972383E+01 -0.13604050E+02
  0.18019377E+01 -0.13602496E+02
  0.18066370E+01 -0.13600825E+02
  0.18113363E+01 -0.13599035E+02
  0.18160356E+01 -0.13597127E+02
  0.18207350E+01 -0.13595101E+02
  0.18254343E+01 -0.13592958E+02
  0.18301336E+01 -0.13590699E+02
  0.18348329E+01 -0.13588323E+02
  0.18395323E+01 -0.13585832E+02
  0.18442316E+01 -0.13583225E+02
  0.18489309E+01 -0.13580504E+02
  0.18536302E+01 -0.13577669E+02
  0.18583296E+01 -0.13574722E+02
  0.18630289E+01 -0.13571662E+02
  0.18677282E+01 -0.13568491E+02
  0.18724275E+01 -0.13565209E+02
  0.18771269E+01 -0.13561818E+02
  0.18818262E+01 -0.13558319E+02
  0.18865255E+01 -0.13554712E+02
  0.18912249E+01 -0.13550998E+02
  0.18959242E+01 -0.13547179E+02
  0.19006235E+01 -0.13543256E+02
  0.19053228E+01 -0.13539230E+02
  0.19100222E+01 -0.13535102E+02
  0.19147215E+01 -0.13530873E+02
  0.19194208E+01 -0.13526545E+02
  0.19241201E+01 -0.13522119E+02
  0.19288195E+01 -0.13517596E+02
  0.19335188E+01 -0.13512977E+02
  0.19382181E+01 -0.13508265E+02
  0.19429174E+01 -0.13503459E+02
  0.19476168E+01 -0.13498563E+02
  0.19523161E+01 -0.13493577E+02
  0.19570154E+01 -0.13488503E+02
  0.19617147E+01 -0.13483343E+02
  0.19664141E+01 -0.13478099E+02
  0.19711134E+01 -0.13472774E+02
  0.19758127E+01 -0.13467371E+02
  0.19805121E+01 -0.13461896E+02
  0.19852114E+01 -0.13456356E+02
  0.19899107E+01 -0.13450756E+02
  0.19946100E+01 -0.13445096E+02
  0.19993094E+01 -0.13439372E+02
  0.20040087E+01 -0.13433576E+02
  0.20087080E+01 -0.13427706E+02
  0.20134073E+01 -0.13421761E+02
  0.20181067E+01 -0.13415739E+02
  0.20228060E+01 -0.13409642E+02
  0.20275053E+01 -0.13403470E+02
  0.20322046E+01 -0.13397226E+02
  0.20369040E+01 -0.13390910E+02
  0.20416033E+01 -0.13384524E+02
  0.20463026E+01 -0.13378069E+02
  0.20510020E+01 -0.13371549E+02
  0.20557013E+01 -0.13364964E+02
  0.20604006E+01 -0.13358318E+02
  0.20650999E+01 -0.13351611E+02
  0.20697993E+01 -0.13344848E+02
  0.20744986E+01 -0.13338029E+02
  0.20791979E+01 -0.13331158E+02
  0.20838972E+01 -0.13324238E+02
  0.20885966E+01 -0.13317271E+02
  0.20932959E+01 -0.13310259E+02
  0.20979952E+01 -0.13303206E+02
  0.21026945E+01 -0.13296115E+02
  0.21073939E+01 -0.13288988E+02
  0.21120932E+01 -0.13281828E+02
  0.21167925E+01 -0.13274639E+02
  0.21214918E+01 -0.13267423E+02
  0.21261912E+01 -0.13260182E+02
  0.21308905E+01 -0.13252921E+02
  0.21355898E+01 -0.13245640E+02
  0.21402892E+01 -0.13238344E+02
  0.21449885E+01 -0.13231035E+02
  0.21496878E+01 -0.13223715E+02
  0.21543871E+01 -0.13216388E+02
  0.21590865E+01 -0.13209055E+02
  0.21637858E+01 -0.13201720E+02
  0.21684851E+01 -0.13194386E+02
  0.21731844E+01 -0.13187054E+02
  0.21778838E+01 -0.13179729E+02
  0.21825831E+01 -0.13172414E+02
  0.21872824E+01 -0.13165110E+02
  0.21919817E+01 -0.13157822E+02
  0.21966811E+01 -0.13150552E+02
  0.22013804E+01 -0.13143304E+02
  0.22060797E+01 -0.13136082E+02
  0.22107790E+01 -0.13128887E+02
  0.22154784E+01 -0.13121724E+02
  0.22201777E+01 -0.13114597E+02
  0.22248770E+01 -0.13107508E+02
  0.22295764E+01 -0.13100462E+02
  0.22342757E+01 -0.13093461E+02
  0.22389750E+01 -0.13086511E+02
  0.22436743E+01 -0.13079614E+02
  0.22483737E+01 -0.13072776E+02
  0.22530730E+01 -0.13065999E+02
  0.22577723E+01 -0.13059288E+02
  0.22624716E+01 -0.13052649E+02
  0.22671710E+01 -0.13046085E+02
  0.22718703E+01 -0.13039602E+02
  0.22765696E+01 -0.13033205E+02
  0.22812689E+01 -0.13026899E+02
  0.22859683E+01 -0.13020688E+02
  0.22906676E+01 -0.13014575E+02
  0.22953669E+01 -0.13008563E+02
  0.23000662E+01 -0.13002655E+02
  0.23047656E+01 -0.12996853E+02
  0.23094649E+01 -0.12991157E+02
  0.23141642E+01 -0.12985570E+02
  0.23188636E+01 -0.12980093E+02
  0.23235629E+01 -0.12974728E+02
  0.23282622E+01 -0.12969477E+02
  0.23329615E+01 -0.12964341E+02
  0.23376609E+01 -0.12959322E+02
  0.23423602E+01 -0.12954422E+02
  0.23470595E+01 -0.12949642E+02
  0.23517588E+01 -0.12944983E+02
  0.23564582E+01 -0.12940448E+02
  0.23611575E+01 -0.12936036E+02
  0.23658568E+01 -0.12931750E+02
  0.23705561E+01 -0.12927590E+02
  0.23752555E+01 -0.12923557E+02
  0.23799548E+01 -0.12919653E+02
  0.23846541E+01 -0.12915876E+02
  0.23893534E+01 -0.12912229E+02
  0.23940528E+01 -0.12908712E+02
  0.23987521E+01 -0.12905324E+02
  0.24034514E+01 -0.12902066E+02
  0.24081508E+01 -0.12898937E+02
  0.24128501E+01 -0.12895939E+02
  0.24175494E+01 -0.12893069E+02
  0.24222487E+01 -0.12890330E+02
  0.24269481E+01 -0.12887719E+02
  0.24316474E+01 -0.12885237E+02
  0.24363467E+01 -0.12882882E+02
  0.24410460E+01 -0.12880656E+02
  0.24457454E+01 -0.12878556E+02
  0.24504447E+01 -0.12876583E+02
  0.24551440E+01 -0.12874736E+02
  0.24598433E+01 -0.12873015E+02
  0.24645427E+01 -0.12871419E+02
  0.24692420E+01 -0.12869947E+02
  0.24739413E+01 -0.12868600E+02
  0.24786406E+01 -0.12867377E+02
  0.24833400E+01 -0.12866278E+02
  0.24880393E+01 -0.12865303E+02
  0.24927386E+01 -0.12864451E+02
  0.24974380E+01 -0.12863724E+02
  0.25021373E+01 -0.12863120E+02
  0.25068366E+01 -0.12862641E+02
  0.25115359E+01 -0.12862287E+02
  0.25162353E+01 -0.12862057E+02
  0.25209346E+01 -0.12861953E+02
  
  0.00000000E+00 -0.12858822E+02
  0.47097009E-02 -0.12858560E+02
  0.94194018E-02 -0.12858135E+02
  0.14129103E-01 -0.12857634E+02
  0.18838804E-01 -0.12857105E+02
  0.23548505E-01 -0.12856570E+02
  0.28258205E-01 -0.12856039E+02
  0.32967906E-01 -0.12855519E+02
  0.37677607E-01 -0.12855012E+02
  0.42387308E-01 -0.12854521E+02
  0.47097009E-01 -0.12854048E+02
  0.51806710E-01 -0.12853592E+02
  0.56516411E-01 -0.12853155E+02
  0.61226112E-01 -0.12852736E+02
  0.65935813E-01 -0.12852336E+02
  0.70645514E-01 -0.12851954E+02
  0.75355215E-01 -0.12851591E+02
  0.80064916E-01 -0.12851247E+02
  0.84774616E-01 -0.12850921E+02
  0.89484317E-01 -0.12850613E+02
  0.94194018E-01 -0.12850323E+02
  0.98903719E-01 -0.12850050E+02
  0.10361342E+00 -0.12849796E+02
  0.10832312E+00 -0.12849558E+02
  0.11303282E+00 -0.12849338E+02
  0.11774252E+00 -0.12849134E+02
  0.12245222E+00 -0.12848947E+02
  0.12716192E+00 -0.12848777E+02
  0.13187163E+00 -0.12848622E+02
  0.13658133E+00 -0.12848483E+02
  0.14129103E+00 -0.12848359E+02
  0.14600073E+00 -0.12848250E+02
  0.15071043E+00 -0.12848156E+02
  0.15542013E+00 -0.12848077E+02
  0.16012983E+00 -0.12848011E+02
  0.16483953E+00 -0.12847959E+02
  0.16954923E+00 -0.12847920E+02
  0.17425893E+00 -0.12847894E+02
  0.17896863E+00 -0.12847880E+02
  0.18367834E+00 -0.12847878E+02
  0.18838804E+00 -0.12847888E+02
  0.19309774E+00 -0.12847909E+02
  0.19780744E+00 -0.12847941E+02
  0.20251714E+00 -0.12847983E+02
  0.20722684E+00 -0.12848035E+02
  0.21193654E+00 -0.12848096E+02
  0.21664624E+00 -0.12848166E+02
  0.22135594E+00 -0.12848245E+02
  0.22606564E+00 -0.12848332E+02
  0.23077534E+00 -0.12848426E+02
  0.23548505E+00 -0.12848527E+02
  0.24019475E+00 -0.12848636E+02
  0.24490445E+00 -0.12848750E+02
  0.24961415E+00 -0.12848870E+02
  0.25432385E+00 -0.12848996E+02
  0.25903355E+00 -0.12849126E+02
  0.26374325E+00 -0.12849261E+02
  0.26845295E+00 -0.12849401E+02
  0.27316265E+00 -0.12849544E+02
  0.27787235E+00 -0.12849691E+02
  0.28258205E+00 -0.12849841E+02
  0.28729176E+00 -0.12849994E+02
  0.29200146E+00 -0.12850149E+02
  0.29671116E+00 -0.12850306E+02
  0.30142086E+00 -0.12850465E+02
  0.30613056E+00 -0.12850626E+02
  0.31084026E+00 -0.12850787E+02
  0.31554996E+00 -0.12850950E+02
  0.32025966E+00 -0.12851113E+02
  0.32496936E+00 -0.12851277E+02
  0.32967906E+00 -0.12851441E+02
  0.33438876E+00 -0.12851604E+02
  0.33909847E+00 -0.12851767E+02
  0.34380817E+00 -0.12851929E+02
  0.34851787E+00 -0.12852090E+02
  0.35322757E+00 -0.12852250E+02
  0.35793727E+00 -0.12852408E+02
  0.36264697E+00 -0.12852564E+02
  0.36735667E+00 -0.12852719E+02
  0.37206637E+00 -0.12852870E+02
  0.37677607E+00 -0.12853019E+02
  0.38148577E+00 -0.12853165E+02
  0.38619547E+00 -0.12853307E+02
  0.39090518E+00 -0.12853446E+02
  0.39561488E+00 -0.12853580E+02
  0.40032458E+00 -0.12853711E+02
  0.40503428E+00 -0.12853836E+02
  0.40974398E+00 -0.12853957E+02
  0.41445368E+00 -0.12854072E+02
  0.41916338E+00 -0.12854182E+02
  0.42387308E+00 -0.12854287E+02
  0.42858278E+00 -0.12854385E+02
  0.43329248E+00 -0.12854476E+02
  0.43800218E+00 -0.12854561E+02
  0.44271189E+00 -0.12854639E+02
  0.44742159E+00 -0.12854710E+02
  0.45213129E+00 -0.12854773E+02
  0.45684099E+00 -0.12854829E+02
  0.46155069E+00 -0.12854876E+02
  0.46626039E+00 -0.12854916E+02
  0.47097009E+00 -0.12854947E+02
  0.47567979E+00 -0.12854971E+02
  0.48037912E+00 -0.12854750E+02
  0.48507844E+00 -0.12853850E+02
  0.48977777E+00 -0.12852351E+02
  0.49447710E+00 -0.12850364E+02
  0.49917642E+00 -0.12848008E+02
  0.50387575E+00 -0.12845394E+02
  0.50857508E+00 -0.12842618E+02
  0.51327440E+00 -0.12839760E+02
  0.51797373E+00 -0.12836880E+02
  0.52267306E+00 -0.12834027E+02
  0.52737238E+00 -0.12831241E+02
  0.53207171E+00 -0.12828552E+02
  0.53677103E+00 -0.12825981E+02
  0.54147036E+00 -0.12823549E+02
  0.54616969E+00 -0.12821270E+02
  0.55086901E+00 -0.12819156E+02
  0.55556834E+00 -0.12817215E+02
  0.56026767E+00 -0.12815457E+02
  0.56496699E+00 -0.12813885E+02
  0.56966632E+00 -0.12812507E+02
  0.57436565E+00 -0.12811324E+02
  0.57906497E+00 -0.12810340E+02
  0.58376430E+00 -0.12809557E+02
  0.58846362E+00 -0.12808976E+02
  0.59316295E+00 -0.12808599E+02
  0.59786228E+00 -0.12808425E+02
  0.60256160E+00 -0.12808455E+02
  0.60726093E+00 -0.12808688E+02
  0.61196026E+00 -0.12809123E+02
  0.61665958E+00 -0.12809760E+02
  0.62135891E+00 -0.12810596E+02
  0.62605824E+00 -0.12811630E+02
  0.63075756E+00 -0.12812861E+02
  0.63545689E+00 -0.12814286E+02
  0.64015621E+00 -0.12815902E+02
  0.64485554E+00 -0.12817707E+02
  0.64955487E+00 -0.12819697E+02
  0.65425419E+00 -0.12821868E+02
  0.65895352E+00 -0.12824039E+02
  0.66365285E+00 -0.12821187E+02
  0.66835217E+00 -0.12818143E+02
  0.67305150E+00 -0.12815210E+02
  0.67775083E+00 -0.12812393E+02
  0.68245015E+00 -0.12809697E+02
  0.68714948E+00 -0.12807125E+02
  0.69184880E+00 -0.12804681E+02
  0.69654813E+00 -0.12802365E+02
  0.70124746E+00 -0.12800181E+02
  0.70594678E+00 -0.12798130E+02
  0.71064611E+00 -0.12796213E+02
  0.71534544E+00 -0.12794433E+02
  0.72004476E+00 -0.12792789E+02
  0.72474409E+00 -0.12791282E+02
  0.72944342E+00 -0.12789912E+02
  0.73414274E+00 -0.12788680E+02
  0.73884207E+00 -0.12787586E+02
  0.74354139E+00 -0.12786628E+02
  0.74824072E+00 -0.12785806E+02
  0.75294005E+00 -0.12785120E+02
  0.75763937E+00 -0.12784568E+02
  0.76233870E+00 -0.12784149E+02
  0.76703803E+00 -0.12783862E+02
  0.77173735E+00 -0.12783705E+02
  0.77643668E+00 -0.12783677E+02
  0.78113601E+00 -0.12783775E+02
  0.78583533E+00 -0.12783998E+02
  0.79053466E+00 -0.12784344E+02
  0.79523398E+00 -0.12784809E+02
  0.79993331E+00 -0.12785393E+02
  0.80463264E+00 -0.12786093E+02
  0.80933196E+00 -0.12786906E+02
  0.81403129E+00 -0.12787829E+02
  0.81873062E+00 -0.12788861E+02
  0.82342994E+00 -0.12789997E+02
  0.82812927E+00 -0.12791237E+02
  0.83282859E+00 -0.12792577E+02
  0.83752792E+00 -0.12794013E+02
  0.84222725E+00 -0.12795544E+02
  0.84692657E+00 -0.12797167E+02
  0.85162590E+00 -0.12798878E+02
  0.85632523E+00 -0.12800674E+02
  0.86102455E+00 -0.12802554E+02
  0.86572388E+00 -0.12804513E+02
  0.87042321E+00 -0.12806549E+02
  0.87512253E+00 -0.12808660E+02
  0.87982186E+00 -0.12810841E+02
  0.88452118E+00 -0.12813090E+02
  0.88922051E+00 -0.12815405E+02
  0.89391984E+00 -0.12817782E+02
  0.89861916E+00 -0.12820218E+02
  0.90331849E+00 -0.12822711E+02
  0.90801782E+00 -0.12825257E+02
  0.91271714E+00 -0.12827854E+02
  0.91741647E+00 -0.12830498E+02
  0.92211580E+00 -0.12833188E+02
  0.92681512E+00 -0.12835919E+02
  0.93151445E+00 -0.12838690E+02
  0.93621377E+00 -0.12841497E+02
  0.94091310E+00 -0.12844337E+02
  0.94561243E+00 -0.12847208E+02
  0.95031175E+00 -0.12850106E+02
  0.95501108E+00 -0.12853030E+02
  0.95971041E+00 -0.12855976E+02
  0.96440973E+00 -0.12858941E+02
  0.96910906E+00 -0.12861923E+02
  0.97380839E+00 -0.12864918E+02
  0.97850771E+00 -0.12867925E+02
  0.98320704E+00 -0.12870940E+02
  0.98790636E+00 -0.12873961E+02
  0.99260569E+00 -0.12876984E+02
  0.99730502E+00 -0.12880008E+02
  0.10020043E+01 -0.12883029E+02
  0.10067037E+01 -0.12886046E+02
  0.10114030E+01 -0.12889054E+02
  0.10161023E+01 -0.12892052E+02
  0.10208016E+01 -0.12895038E+02
  0.10255010E+01 -0.12898007E+02
  0.10302003E+01 -0.12900959E+02
  0.10348996E+01 -0.12903890E+02
  0.10395990E+01 -0.12906797E+02
  0.10442983E+01 -0.12909679E+02
  0.10489976E+01 -0.12912533E+02
  0.10536969E+01 -0.12915357E+02
  0.10583963E+01 -0.12918147E+02
  0.10630956E+01 -0.12920903E+02
  0.10677949E+01 -0.12923620E+02
  0.10724942E+01 -0.12926298E+02
  0.10771936E+01 -0.12928934E+02
  0.10818929E+01 -0.12931525E+02
  0.10865922E+01 -0.12934071E+02
  0.10912915E+01 -0.12936567E+02
  0.10959909E+01 -0.12939013E+02
  0.11006902E+01 -0.12941407E+02
  0.11053895E+01 -0.12943746E+02
  0.11100888E+01 -0.12946028E+02
  0.11147882E+01 -0.12948253E+02
  0.11194875E+01 -0.12950417E+02
  0.11241868E+01 -0.12952521E+02
  0.11288862E+01 -0.12954561E+02
  0.11335855E+01 -0.12956536E+02
  0.11382848E+01 -0.12958445E+02
  0.11429841E+01 -0.12960287E+02
  0.11476835E+01 -0.12962059E+02
  0.11523828E+01 -0.12963762E+02
  0.11570821E+01 -0.12965393E+02
  0.11617814E+01 -0.12966952E+02
  0.11664808E+01 -0.12968438E+02
  0.11711801E+01 -0.12969849E+02
  0.11758794E+01 -0.12971186E+02
  0.11805787E+01 -0.12972446E+02
  0.11852781E+01 -0.12973631E+02
  0.11899774E+01 -0.12974738E+02
  0.11946767E+01 -0.12975767E+02
  0.11993761E+01 -0.12976719E+02
  0.12040754E+01 -0.12977592E+02
  0.12087747E+01 -0.12978387E+02
  0.12134740E+01 -0.12979103E+02
  0.12181734E+01 -0.12979740E+02
  0.12228727E+01 -0.12980299E+02
  0.12275720E+01 -0.12980778E+02
  0.12322713E+01 -0.12981179E+02
  0.12369707E+01 -0.12981502E+02
  0.12416700E+01 -0.12981746E+02
  0.12463693E+01 -0.12981913E+02
  0.12510686E+01 -0.12982002E+02
  0.12557680E+01 -0.12982013E+02
  0.12604673E+01 -0.12981949E+02
  0.12651770E+01 -0.12982031E+02
  0.12698867E+01 -0.12982292E+02
  0.12745964E+01 -0.12982733E+02
  0.12793061E+01 -0.12983352E+02
  0.12840158E+01 -0.12984150E+02
  0.12887255E+01 -0.12985126E+02
  0.12934352E+01 -0.12986279E+02
  0.12981449E+01 -0.12987611E+02
  0.13028546E+01 -0.12989119E+02
  0.13075643E+01 -0.12990803E+02
  0.13122740E+01 -0.12992664E+02
  0.13169837E+01 -0.12994699E+02
  0.13216934E+01 -0.12996907E+02
  0.13264031E+01 -0.12999289E+02
  0.13311128E+01 -0.13001843E+02
  0.13358225E+01 -0.13004568E+02
  0.13405322E+01 -0.13007463E+02
  0.13452419E+01 -0.13010526E+02
  0.13499516E+01 -0.13013756E+02
  0.13546613E+01 -0.13017151E+02
  0.13593710E+01 -0.13020711E+02
  0.13640807E+01 -0.13024433E+02
  0.13687904E+01 -0.13028315E+02
  0.13735001E+01 -0.13032357E+02
  0.13782098E+01 -0.13036556E+02
  0.13829195E+01 -0.13040910E+02
  0.13876292E+01 -0.13045417E+02
  0.13923389E+01 -0.13050075E+02
  0.13970486E+01 -0.13054881E+02
  0.14017583E+01 -0.13059835E+02
  0.14064680E+01 -0.13064933E+02
  0.14111777E+01 -0.13070172E+02
  0.14158874E+01 -0.13075551E+02
  0.14205971E+01 -0.13081068E+02
  0.14253068E+01 -0.13086718E+02
  0.14300165E+01 -0.13092500E+02
  0.14347262E+01 -0.13098412E+02
  0.14394359E+01 -0.13104450E+02
  0.14441456E+01 -0.13110611E+02
  0.14488553E+01 -0.13116893E+02
  0.14535650E+01 -0.13123294E+02
  0.14582747E+01 -0.13129809E+02
  0.14629844E+01 -0.13136437E+02
  0.14676941E+01 -0.13143174E+02
  0.14724038E+01 -0.13150017E+02
  0.14771135E+01 -0.13156964E+02
  0.14818232E+01 -0.13164010E+02
  0.14865329E+01 -0.13171155E+02
  0.14912426E+01 -0.13178393E+02
  0.14959523E+01 -0.13185722E+02
  0.15006620E+01 -0.13193140E+02
  0.15053717E+01 -0.13200642E+02
  0.15100814E+01 -0.13208227E+02
  0.15147911E+01 -0.13215890E+02
  0.15195008E+01 -0.13223629E+02
  0.15242105E+01 -0.13231441E+02
  0.15289202E+01 -0.13239322E+02
  0.15336299E+01 -0.13247270E+02
  0.15383396E+01 -0.13255282E+02
  0.15430493E+01 -0.13263355E+02
  0.15477590E+01 -0.13271485E+02
  0.15524687E+01 -0.13279669E+02
  0.15571785E+01 -0.13287905E+02
  0.15618882E+01 -0.13296190E+02
  0.15665979E+01 -0.13304521E+02
  0.15713076E+01 -0.13312895E+02
  0.15760173E+01 -0.13321308E+02
  0.15807270E+01 -0.13329759E+02
  0.15854367E+01 -0.13338244E+02
  0.15901464E+01 -0.13346761E+02
  0.15948561E+01 -0.13355306E+02
  0.15995658E+01 -0.13363877E+02
  0.16042755E+01 -0.13372471E+02
  0.16089852E+01 -0.13381086E+02
  0.16136949E+01 -0.13389718E+02
  0.16184046E+01 -0.13398366E+02
  0.16231143E+01 -0.13407025E+02
  0.16278240E+01 -0.13415694E+02
  0.16325337E+01 -0.13424371E+02
  0.16372434E+01 -0.13433051E+02
  0.16419531E+01 -0.13441733E+02
  0.16466628E+01 -0.13450414E+02
  0.16513725E+01 -0.13459091E+02
  0.16560822E+01 -0.13467761E+02
  0.16607919E+01 -0.13476422E+02
  0.16655016E+01 -0.13485072E+02
  0.16702113E+01 -0.13493706E+02
  0.16749210E+01 -0.13502324E+02
  0.16796307E+01 -0.13510920E+02
  0.16843404E+01 -0.13519494E+02
  0.16890501E+01 -0.13528042E+02
  0.16937598E+01 -0.13536560E+02
  0.16984695E+01 -0.13545046E+02
  0.17031792E+01 -0.13553497E+02
  0.17078889E+01 -0.13561908E+02
  0.17125986E+01 -0.13570277E+02
  0.17173083E+01 -0.13578597E+02
  0.17220180E+01 -0.13586863E+02
  0.17267277E+01 -0.13595061E+02
  0.17314374E+01 -0.13603139E+02
  0.17361471E+01 -0.13609759E+02
  0.17408464E+01 -0.13609649E+02
  0.17455457E+01 -0.13609421E+02
  0.17502451E+01 -0.13609077E+02
  0.17549444E+01 -0.13608617E+02
  0.17596437E+01 -0.13608042E+02
  0.17643430E+01 -0.13607352E+02
  0.17690424E+01 -0.13606547E+02
  0.17737417E+01 -0.13605628E+02
  0.17784410E+01 -0.13604596E+02
  0.17831403E+01 -0.13603452E+02
  0.17878397E+01 -0.13602195E+02
  0.17925390E+01 -0.13600827E+02
  0.17972383E+01 -0.13599348E+02
  0.18019377E+01 -0.13597759E+02
  0.18066370E+01 -0.13596060E+02
  0.18113363E+01 -0.13594253E+02
  0.18160356E+01 -0.13592337E+02
  0.18207350E+01 -0.13590313E+02
  0.18254343E+01 -0.13588183E+02
  0.18301336E+01 -0.13585946E+02
  0.18348329E+01 -0.13583603E+02
  0.18395323E+01 -0.13581155E+02
  0.18442316E+01 -0.13578603E+02
  0.18489309E+01 -0.13575946E+02
  0.18536302E+01 -0.13573186E+02
  0.18583296E+01 -0.13570323E+02
  0.18630289E+01 -0.13567358E+02
  0.18677282E+01 -0.13564291E+02
  0.18724275E+01 -0.13561123E+02
  0.18771269E+01 -0.13557855E+02
  0.18818262E+01 -0.13554486E+02
  0.18865255E+01 -0.13551017E+02
  0.18912249E+01 -0.13547449E+02
  0.18959242E+01 -0.13543783E+02
  0.19006235E+01 -0.13540018E+02
  0.19053228E+01 -0.13536155E+02
  0.19100222E+01 -0.13532195E+02
  0.19147215E+01 -0.13528139E+02
  0.19194208E+01 -0.13523985E+02
  0.19241201E+01 -0.13519736E+02
  0.19288195E+01 -0.13515392E+02
  0.19335188E+01 -0.13510953E+02
  0.19382181E+01 -0.13506419E+02
  0.19429174E+01 -0.13501791E+02
  0.19476168E+01 -0.13497070E+02
  0.19523161E+01 -0.13492255E+02
  0.19570154E+01 -0.13487348E+02
  0.19617147E+01 -0.13482347E+02
  0.19664141E+01 -0.13477255E+02
  0.19711134E+01 -0.13472069E+02
  0.19758127E+01 -0.13466788E+02
  0.19805121E+01 -0.13461410E+02
  0.19852114E+01 -0.13455930E+02
  0.19899107E+01 -0.13450344E+02
  0.19946100E+01 -0.13444656E+02
  0.19993094E+01 -0.13438872E+02
  0.20040087E+01 -0.13433002E+02
  0.20087080E+01 -0.13427052E+02
  0.20134073E+01 -0.13421026E+02
  0.20181067E+01 -0.13414927E+02
  0.20228060E+01 -0.13408758E+02
  0.20275053E+01 -0.13402520E+02
  0.20322046E+01 -0.13396216E+02
  0.20369040E+01 -0.13389847E+02
  0.20416033E+01 -0.13383416E+02
  0.20463026E+01 -0.13376923E+02
  0.20510020E+01 -0.13370371E+02
  0.20557013E+01 -0.13363762E+02
  0.20604006E+01 -0.13357096E+02
  0.20650999E+01 -0.13350376E+02
  0.20697993E+01 -0.13343603E+02
  0.20744986E+01 -0.13336780E+02
  0.20791979E+01 -0.13329908E+02
  0.20838972E+01 -0.13322988E+02
  0.20885966E+01 -0.13316023E+02
  0.20932959E+01 -0.13309015E+02
  0.20979952E+01 -0.13301965E+02
  0.21026945E+01 -0.13294876E+02
  0.21073939E+01 -0.13287749E+02
  0.21120932E+01 -0.13280588E+02
  0.21167925E+01 -0.13273393E+02
  0.21214918E+01 -0.13266169E+02
  0.21261912E+01 -0.13258917E+02
  0.21308905E+01 -0.13251641E+02
  0.21355898E+01 -0.13244343E+02
  0.21402892E+01 -0.13237027E+02
  0.21449885E+01 -0.13229695E+02
  0.21496878E+01 -0.13222352E+02
  0.21543871E+01 -0.13214999E+02
  0.21590865E+01 -0.13207642E+02
  0.21637858E+01 -0.13200283E+02
  0.21684851E+01 -0.13192927E+02
  0.21731844E+01 -0.13185575E+02
  0.21778838E+01 -0.13178233E+02
  0.21825831E+01 -0.13170904E+02
  0.21872824E+01 -0.13163591E+02
  0.21919817E+01 -0.13156297E+02
  0.21966811E+01 -0.13149028E+02
  0.22013804E+01 -0.13141785E+02
  0.22060797E+01 -0.13134573E+02
  0.22107790E+01 -0.13127394E+02
  0.22154784E+01 -0.13120254E+02
  0.22201777E+01 -0.13113154E+02
  0.22248770E+01 -0.13106098E+02
  0.22295764E+01 -0.13099090E+02
  0.22342757E+01 -0.13092133E+02
  0.22389750E+01 -0.13085230E+02
  0.22436743E+01 -0.13078383E+02
  0.22483737E+01 -0.13071596E+02
  0.22530730E+01 -0.13064872E+02
  0.22577723E+01 -0.13058212E+02
  0.22624716E+01 -0.13051619E+02
  0.22671710E+01 -0.13045095E+02
  0.22718703E+01 -0.13038641E+02
  0.22765696E+01 -0.13032259E+02
  0.22812689E+01 -0.13025951E+02
  0.22859683E+01 -0.13019718E+02
  0.22906676E+01 -0.13013563E+02
  0.22953669E+01 -0.13007490E+02
  0.23000662E+01 -0.13001502E+02
  0.23047656E+01 -0.12995603E+02
  0.23094649E+01 -0.12989798E+02
  0.23141642E+01 -0.12984090E+02
  0.23188636E+01 -0.12978484E+02
  0.23235629E+01 -0.12972982E+02
  0.23282622E+01 -0.12967588E+02
  0.23329615E+01 -0.12962305E+02
  0.23376609E+01 -0.12957136E+02
  0.23423602E+01 -0.12952084E+02
  0.23470595E+01 -0.12947152E+02
  0.23517588E+01 -0.12942341E+02
  0.23564582E+01 -0.12937655E+02
  0.23611575E+01 -0.12933096E+02
  0.23658568E+01 -0.12928664E+02
  0.23705561E+01 -0.12924363E+02
  0.23752555E+01 -0.12920194E+02
  0.23799548E+01 -0.12916159E+02
  0.23846541E+01 -0.12912259E+02
  0.23893534E+01 -0.12908495E+02
  0.23940528E+01 -0.12904869E+02
  0.23987521E+01 -0.12901381E+02
  0.24034514E+01 -0.12898032E+02
  0.24081508E+01 -0.12894823E+02
  0.24128501E+01 -0.12891754E+02
  0.24175494E+01 -0.12888825E+02
  0.24222487E+01 -0.12886038E+02
  0.24269481E+01 -0.12883391E+02
  0.24316474E+01 -0.12880884E+02
  0.24363467E+01 -0.12878517E+02
  0.24410460E+01 -0.12876290E+02
  0.24457454E+01 -0.12874203E+02
  0.24504447E+01 -0.12872253E+02
  0.24551440E+01 -0.12870440E+02
  0.24598433E+01 -0.12868764E+02
  0.24645427E+01 -0.12867223E+02
  0.24692420E+01 -0.12865817E+02
  0.24739413E+01 -0.12864543E+02
  0.24786406E+01 -0.12863400E+02
  0.24833400E+01 -0.12862388E+02
  0.24880393E+01 -0.12861505E+02
  0.24927386E+01 -0.12860749E+02
  0.24974380E+01 -0.12860119E+02
  0.25021373E+01 -0.12859614E+02
  0.25068366E+01 -0.12859233E+02
  0.25115359E+01 -0.12858974E+02
  0.25162353E+01 -0.12858838E+02
  0.25209346E+01 -0.12858822E+02
  
  0.00000000E+00 -0.86863155E+01
  0.47097009E-02 -0.86867085E+01
  0.94194018E-02 -0.86873527E+01
  0.14129103E-01 -0.86880206E+01
  0.18838804E-01 -0.86886230E+01
  0.23548505E-01 -0.86891258E+01
  0.28258205E-01 -0.86895145E+01
  0.32967906E-01 -0.86897822E+01
  0.37677607E-01 -0.86899257E+01
  0.42387308E-01 -0.86899435E+01
  0.47097009E-01 -0.86898347E+01
  0.51806710E-01 -0.86917197E+01
  0.56516411E-01 -0.86980911E+01
  0.61226112E-01 -0.87042461E+01
  0.65935813E-01 -0.87101851E+01
  0.70645514E-01 -0.87159086E+01
  0.75355215E-01 -0.87214174E+01
  0.80064916E-01 -0.87267127E+01
  0.84774616E-01 -0.87317957E+01
  0.89484317E-01 -0.87366679E+01
  0.94194018E-01 -0.87413308E+01
  0.98903719E-01 -0.87457862E+01
  0.10361342E+00 -0.87500358E+01
  0.10832312E+00 -0.87540815E+01
  0.11303282E+00 -0.87579254E+01
  0.11774252E+00 -0.87615694E+01
  0.12245222E+00 -0.87650157E+01
  0.12716192E+00 -0.87682664E+01
  0.13187163E+00 -0.87713238E+01
  0.13658133E+00 -0.87741901E+01
  0.14129103E+00 -0.87768676E+01
  0.14600073E+00 -0.87793586E+01
  0.15071043E+00 -0.87816655E+01
  0.15542013E+00 -0.87837906E+01
  0.16012983E+00 -0.87857363E+01
  0.16483953E+00 -0.87875049E+01
  0.16954923E+00 -0.87890990E+01
  0.17425893E+00 -0.87905208E+01
  0.17896863E+00 -0.87917729E+01
  0.18367834E+00 -0.87928576E+01
  0.18838804E+00 -0.87937775E+01
  0.19309774E+00 -0.87945349E+01
  0.19780744E+00 -0.87951324E+01
  0.20251714E+00 -0.87955724E+01
  0.20722684E+00 -0.87958575E+01
  0.21193654E+00 -0.87959902E+01
  0.21664624E+00 -0.87959731E+01
  0.22135594E+00 -0.87958088E+01
  0.22606564E+00 -0.87955000E+01
  0.23077534E+00 -0.87950493E+01
  0.23548505E+00 -0.87944596E+01
  0.24019475E+00 -0.87937338E+01
  0.24490445E+00 -0.87928747E+01
  0.24961415E+00 -0.87918854E+01
  0.25432385E+00 -0.87907691E+01
  0.25903355E+00 -0.87895291E+01
  0.26374325E+00 -0.87881687E+01
  0.26845295E+00 -0.87866914E+01
  0.27316265E+00 -0.87851011E+01
  0.27787235E+00 -0.87834016E+01
  0.28258205E+00 -0.87815970E+01
  0.28729176E+00 -0.87796915E+01
  0.29200146E+00 -0.87776897E+01
  0.29671116E+00 -0.87755964E+01
  0.30142086E+00 -0.87734164E+01
  0.30613056E+00 -0.87711550E+01
  0.31084026E+00 -0.87688178E+01
  0.31554996E+00 -0.87664105E+01
  0.32025966E+00 -0.87639391E+01
  0.32496936E+00 -0.87614101E+01
  0.32967906E+00 -0.87588299E+01
  0.33438876E+00 -0.87562056E+01
  0.33909847E+00 -0.87535444E+01
  0.34380817E+00 -0.87508537E+01
  0.34851787E+00 -0.87481413E+01
  0.35322757E+00 -0.87454153E+01
  0.35793727E+00 -0.87426838E+01
  0.36264697E+00 -0.87399554E+01
  0.36735667E+00 -0.87372388E+01
  0.37206637E+00 -0.87345429E+01
  0.37677607E+00 -0.87318768E+01
  0.38148577E+00 -0.87292495E+01
  0.38619547E+00 -0.87266703E+01
  0.39090518E+00 -0.87241484E+01
  0.39561488E+00 -0.87216932E+01
  0.40032458E+00 -0.87193139E+01
  0.40503428E+00 -0.87170197E+01
  0.40974398E+00 -0.87148193E+01
  0.41445368E+00 -0.87127218E+01
  0.41916338E+00 -0.87107356E+01
  0.42387308E+00 -0.87088689E+01
  0.42858278E+00 -0.87071296E+01
  0.43329248E+00 -0.87055251E+01
  0.43800218E+00 -0.87040624E+01
  0.44271189E+00 -0.87027480E+01
  0.44742159E+00 -0.87015878E+01
  0.45213129E+00 -0.87005871E+01
  0.45684099E+00 -0.86997504E+01
  0.46155069E+00 -0.86990818E+01
  0.46626039E+00 -0.86985844E+01
  0.47097009E+00 -0.86982607E+01
  0.47567979E+00 -0.86981124E+01
  0.48037912E+00 -0.86981003E+01
  0.48507844E+00 -0.86981293E+01
  0.48977777E+00 -0.86981970E+01
  0.49447710E+00 -0.86982986E+01
  0.49917642E+00 -0.86984280E+01
  0.50387575E+00 -0.86985774E+01
  0.50857508E+00 -0.86987375E+01
  0.51327440E+00 -0.86988981E+01
  0.51797373E+00 -0.86990481E+01
  0.52267306E+00 -0.86991756E+01
  0.52737238E+00 -0.86992689E+01
  0.53207171E+00 -0.86993156E+01
  0.53677103E+00 -0.86993039E+01
  0.54147036E+00 -0.86992222E+01
  0.54616969E+00 -0.86990593E+01
  0.55086901E+00 -0.86988049E+01
  0.55556834E+00 -0.86984490E+01
  0.56026767E+00 -0.86979830E+01
  0.56496699E+00 -0.86973989E+01
  0.56966632E+00 -0.86966897E+01
  0.57436565E+00 -0.86958495E+01
  0.57906497E+00 -0.86948733E+01
  0.58376430E+00 -0.86937571E+01
  0.58846362E+00 -0.86924980E+01
  0.59316295E+00 -0.86910942E+01
  0.59786228E+00 -0.86895445E+01
  0.60256160E+00 -0.86878490E+01
  0.60726093E+00 -0.86860085E+01
  0.61196026E+00 -0.86840248E+01
  0.61665958E+00 -0.86819003E+01
  0.62135891E+00 -0.86796384E+01
  0.62605824E+00 -0.86772432E+01
  0.63075756E+00 -0.86747194E+01
  0.63545689E+00 -0.86720723E+01
  0.64015621E+00 -0.86693080E+01
  0.64485554E+00 -0.86664330E+01
  0.64955487E+00 -0.86634543E+01
  0.65425419E+00 -0.86603793E+01
  0.65895352E+00 -0.86572159E+01
  0.66365285E+00 -0.86539724E+01
  0.66835217E+00 -0.86506572E+01
  0.67305150E+00 -0.86472792E+01
  0.67775083E+00 -0.86438473E+01
  0.68245015E+00 -0.86403706E+01
  0.68714948E+00 -0.86368585E+01
  0.69184880E+00 -0.86333203E+01
  0.69654813E+00 -0.86297653E+01
  0.70124746E+00 -0.86262029E+01
  0.70594678E+00 -0.86226424E+01
  0.71064611E+00 -0.86190930E+01
  0.71534544E+00 -0.86155638E+01
  0.72004476E+00 -0.86120636E+01
  0.72474409E+00 -0.86086012E+01
  0.72944342E+00 -0.86051850E+01
  0.73414274E+00 -0.86018232E+01
  0.73884207E+00 -0.85985237E+01
  0.74354139E+00 -0.85952940E+01
  0.74824072E+00 -0.85921414E+01
  0.75294005E+00 -0.85890728E+01
  0.75763937E+00 -0.85860945E+01
  0.76233870E+00 -0.85832126E+01
  0.76703803E+00 -0.85804328E+01
  0.77173735E+00 -0.85777603E+01
  0.77643668E+00 -0.85751998E+01
  0.78113601E+00 -0.85727557E+01
  0.78583533E+00 -0.85704318E+01
  0.79053466E+00 -0.85682316E+01
  0.79523398E+00 -0.85661581E+01
  0.79993331E+00 -0.85642140E+01
  0.80463264E+00 -0.85624012E+01
  0.80933196E+00 -0.85607215E+01
  0.81403129E+00 -0.85591763E+01
  0.81873062E+00 -0.85577664E+01
  0.82342994E+00 -0.85564925E+01
  0.82812927E+00 -0.85553546E+01
  0.83282859E+00 -0.85543525E+01
  0.83752792E+00 -0.85534858E+01
  0.84222725E+00 -0.85527536E+01
  0.84692657E+00 -0.85521548E+01
  0.85162590E+00 -0.85516879E+01
  0.85632523E+00 -0.85513513E+01
  0.86102455E+00 -0.85511430E+01
  0.86572388E+00 -0.85510610E+01
  0.87042321E+00 -0.85511027E+01
  0.87512253E+00 -0.85512657E+01
  0.87982186E+00 -0.85515473E+01
  0.88452118E+00 -0.85519445E+01
  0.88922051E+00 -0.85524544E+01
  0.89391984E+00 -0.85530738E+01
  0.89861916E+00 -0.85537994E+01
  0.90331849E+00 -0.85546279E+01
  0.90801782E+00 -0.85555558E+01
  0.91271714E+00 -0.85565796E+01
  0.91741647E+00 -0.85576958E+01
  0.92211580E+00 -0.85589007E+01
  0.92681512E+00 -0.85601907E+01
  0.93151445E+00 -0.85615620E+01
  0.93621377E+00 -0.85630111E+01
  0.94091310E+00 -0.85645341E+01
  0.94561243E+00 -0.85661273E+01
  0.95031175E+00 -0.85677870E+01
  0.95501108E+00 -0.85695096E+01
  0.95971041E+00 -0.85712912E+01
  0.96440973E+00 -0.85731283E+01
  0.96910906E+00 -0.85750172E+01
  0.97380839E+00 -0.85769542E+01
  0.97850771E+00 -0.85789358E+01
  0.98320704E+00 -0.85809583E+01
  0.98790636E+00 -0.85830183E+01
  0.99260569E+00 -0.85851123E+01
  0.99730502E+00 -0.85872368E+01
  0.10020043E+01 -0.85893884E+01
  0.10067037E+01 -0.85915638E+01
  0.10114030E+01 -0.85937596E+01
  0.10161023E+01 -0.85959726E+01
  0.10208016E+01 -0.85981996E+01
  0.10255010E+01 -0.86004373E+01
  0.10302003E+01 -0.86026827E+01
  0.10348996E+01 -0.86049327E+01
  0.10395990E+01 -0.86071842E+01
  0.10442983E+01 -0.86094343E+01
  0.10489976E+01 -0.86116801E+01
  0.10536969E+01 -0.86139187E+01
  0.10583963E+01 -0.86161473E+01
  0.10630956E+01 -0.86183631E+01
  0.10677949E+01 -0.86205633E+01
  0.10724942E+01 -0.86227455E+01
  0.10771936E+01 -0.86249069E+01
  0.10818929E+01 -0.86270450E+01
  0.10865922E+01 -0.86291573E+01
  0.10912915E+01 -0.86312414E+01
  0.10959909E+01 -0.86332949E+01
  0.11006902E+01 -0.86353155E+01
  0.11053895E+01 -0.86373009E+01
  0.11100888E+01 -0.86392490E+01
  0.11147882E+01 -0.86411577E+01
  0.11194875E+01 -0.86430248E+01
  0.11241868E+01 -0.86448484E+01
  0.11288862E+01 -0.86466265E+01
  0.11335855E+01 -0.86483573E+01
  0.11382848E+01 -0.86500389E+01
  0.11429841E+01 -0.86516697E+01
  0.11476835E+01 -0.86532480E+01
  0.11523828E+01 -0.86547722E+01
  0.11570821E+01 -0.86562407E+01
  0.11617814E+01 -0.86576522E+01
  0.11664808E+01 -0.86590052E+01
  0.11711801E+01 -0.86602985E+01
  0.11758794E+01 -0.86615308E+01
  0.11805787E+01 -0.86627009E+01
  0.11852781E+01 -0.86638079E+01
  0.11899774E+01 -0.86648506E+01
  0.11946767E+01 -0.86658282E+01
  0.11993761E+01 -0.86667398E+01
  0.12040754E+01 -0.86675846E+01
  0.12087747E+01 -0.86683619E+01
  0.12134740E+01 -0.86690711E+01
  0.12181734E+01 -0.86697116E+01
  0.12228727E+01 -0.86702829E+01
  0.12275720E+01 -0.86707847E+01
  0.12322713E+01 -0.86712164E+01
  0.12369707E+01 -0.86715780E+01
  0.12416700E+01 -0.86718691E+01
  0.12463693E+01 -0.86720896E+01
  0.12510686E+01 -0.86722395E+01
  0.12557680E+01 -0.86723187E+01
  0.12604673E+01 -0.86723274E+01
  0.12651770E+01 -0.86719954E+01
  0.12698867E+01 -0.86710794E+01
  0.12745964E+01 -0.86695804E+01
  0.12793061E+01 -0.86675000E+01
  0.12840158E+01 -0.86648406E+01
  0.12887255E+01 -0.86616049E+01
  0.12934352E+01 -0.86577963E+01
  0.12981449E+01 -0.86534185E+01
  0.13028546E+01 -0.86484760E+01
  0.13075643E+01 -0.86429735E+01
  0.13122740E+01 -0.86369165E+01
  0.13169837E+01 -0.86303107E+01
  0.13216934E+01 -0.86231623E+01
  0.13264031E+01 -0.86154780E+01
  0.13311128E+01 -0.86072647E+01
  0.13358225E+01 -0.85985299E+01
  0.13405322E+01 -0.85892812E+01
  0.13452419E+01 -0.85795267E+01
  0.13499516E+01 -0.85692747E+01
  0.13546613E+01 -0.85585340E+01
  0.13593710E+01 -0.85473132E+01
  0.13640807E+01 -0.85356216E+01
  0.13687904E+01 -0.85234685E+01
  0.13735001E+01 -0.85108634E+01
  0.13782098E+01 -0.84978161E+01
  0.13829195E+01 -0.84843364E+01
  0.13876292E+01 -0.84704346E+01
  0.13923389E+01 -0.84561207E+01
  0.13970486E+01 -0.84414054E+01
  0.14017583E+01 -0.84262991E+01
  0.14064680E+01 -0.84108126E+01
  0.14111777E+01 -0.83949570E+01
  0.14158874E+01 -0.83787434E+01
  0.14205971E+01 -0.83621832E+01
  0.14253068E+01 -0.83452881E+01
  0.14300165E+01 -0.83280700E+01
  0.14347262E+01 -0.83105411E+01
  0.14394359E+01 -0.82927142E+01
  0.14441456E+01 -0.82746023E+01
  0.14488553E+01 -0.82562189E+01
  0.14535650E+01 -0.82375782E+01
  0.14582747E+01 -0.82186949E+01
  0.14629844E+01 -0.81995846E+01
  0.14676941E+01 -0.81802636E+01
  0.14724038E+01 -0.81607495E+01
  0.14771135E+01 -0.81410610E+01
  0.14818232E+01 -0.81212187E+01
  0.14865329E+01 -0.81012487E+01
  0.14912426E+01 -0.80812456E+01
  0.14959523E+01 -0.80729762E+01
  0.15006620E+01 -0.80692089E+01
  0.15053717E+01 -0.80653390E+01
  0.15100814E+01 -0.80613511E+01
  0.15147911E+01 -0.80572427E+01
  0.15195008E+01 -0.80530132E+01
  0.15242105E+01 -0.80486626E+01
  0.15289202E+01 -0.80441908E+01
  0.15336299E+01 -0.80395982E+01
  0.15383396E+01 -0.80348852E+01
  0.15430493E+01 -0.80300521E+01
  0.15477590E+01 -0.80250995E+01
  0.15524687E+01 -0.80200279E+01
  0.15571785E+01 -0.80148381E+01
  0.15618882E+01 -0.80095308E+01
  0.15665979E+01 -0.80041067E+01
  0.15713076E+01 -0.79985666E+01
  0.15760173E+01 -0.79929116E+01
  0.15807270E+01 -0.79871426E+01
  0.15854367E+01 -0.79812606E+01
  0.15901464E+01 -0.79752667E+01
  0.15948561E+01 -0.79691623E+01
  0.15995658E+01 -0.79629485E+01
  0.16042755E+01 -0.79566269E+01
  0.16089852E+01 -0.79501988E+01
  0.16136949E+01 -0.79436660E+01
  0.16184046E+01 -0.79370301E+01
  0.16231143E+01 -0.79302931E+01
  0.16278240E+01 -0.79234570E+01
  0.16325337E+01 -0.79165239E+01
  0.16372434E+01 -0.79094963E+01
  0.16419531E+01 -0.79023768E+01
  0.16466628E+01 -0.78951681E+01
  0.16513725E+01 -0.78878734E+01
  0.16560822E+01 -0.78804958E+01
  0.16607919E+01 -0.78730391E+01
  0.16655016E+01 -0.78655072E+01
  0.16702113E+01 -0.78579042E+01
  0.16749210E+01 -0.78502350E+01
  0.16796307E+01 -0.78425044E+01
  0.16843404E+01 -0.78347182E+01
  0.16890501E+01 -0.78268823E+01
  0.16937598E+01 -0.78190033E+01
  0.16984695E+01 -0.78110886E+01
  0.17031792E+01 -0.78031460E+01
  0.17078889E+01 -0.77951845E+01
  0.17125986E+01 -0.77872140E+01
  0.17173083E+01 -0.77792460E+01
  0.17220180E+01 -0.77712951E+01
  0.17267277E+01 -0.77633839E+01
  0.17314374E+01 -0.77555804E+01
  0.17361471E+01 -0.77497201E+01
  0.17408464E+01 -0.77497201E+01
  0.17455457E+01 -0.77497932E+01
  0.17502451E+01 -0.77499379E+01
  0.17549444E+01 -0.77501491E+01
  0.17596437E+01 -0.77504196E+01
  0.17643430E+01 -0.77507417E+01
  0.17690424E+01 -0.77511084E+01
  0.17737417E+01 -0.77515134E+01
  0.17784410E+01 -0.77519520E+01
  0.17831403E+01 -0.77524205E+01
  0.17878397E+01 -0.77529160E+01
  0.17925390E+01 -0.77534364E+01
  0.17972383E+01 -0.77539804E+01
  0.18019377E+01 -0.77545471E+01
  0.18066370E+01 -0.77551361E+01
  0.18113363E+01 -0.77557476E+01
  0.18160356E+01 -0.77563818E+01
  0.18207350E+01 -0.77570396E+01
  0.18254343E+01 -0.77577223E+01
  0.18301336E+01 -0.77584311E+01
  0.18348329E+01 -0.77591680E+01
  0.18395323E+01 -0.77599350E+01
  0.18442316E+01 -0.77607345E+01
  0.18489309E+01 -0.77615692E+01
  0.18536302E+01 -0.77624422E+01
  0.18583296E+01 -0.77633567E+01
  0.18630289E+01 -0.77643164E+01
  0.18677282E+01 -0.77653252E+01
  0.18724275E+01 -0.77663873E+01
  0.18771269E+01 -0.77675074E+01
  0.18818262E+01 -0.77686904E+01
  0.18865255E+01 -0.77699419E+01
  0.18912249E+01 -0.77712679E+01
  0.18959242E+01 -0.77726753E+01
  0.19006235E+01 -0.77741723E+01
  0.19053228E+01 -0.77757694E+01
  0.19100222E+01 -0.77774804E+01
  0.19147215E+01 -0.77793248E+01
  0.19194208E+01 -0.77813296E+01
  0.19241201E+01 -0.77835237E+01
  0.19288195E+01 -0.77859225E+01
  0.19335188E+01 -0.77885172E+01
  0.19382181E+01 -0.77912884E+01
  0.19429174E+01 -0.77942197E+01
  0.19476168E+01 -0.77973018E+01
  0.19523161E+01 -0.78005304E+01
  0.19570154E+01 -0.78039043E+01
  0.19617147E+01 -0.78074238E+01
  0.19664141E+01 -0.78110907E+01
  0.19711134E+01 -0.78149068E+01
  0.19758127E+01 -0.78188749E+01
  0.19805121E+01 -0.78229975E+01
  0.19852114E+01 -0.78272775E+01
  0.19899107E+01 -0.78317181E+01
  0.19946100E+01 -0.78363221E+01
  0.19993094E+01 -0.78410927E+01
  0.20040087E+01 -0.78460330E+01
  0.20087080E+01 -0.78511460E+01
  0.20134073E+01 -0.78564349E+01
  0.20181067E+01 -0.78619026E+01
  0.20228060E+01 -0.78675521E+01
  0.20275053E+01 -0.78733863E+01
  0.20322046E+01 -0.78794082E+01
  0.20369040E+01 -0.78856204E+01
  0.20416033E+01 -0.78920257E+01
  0.20463026E+01 -0.78986268E+01
  0.20510020E+01 -0.79054261E+01
  0.20557013E+01 -0.79124263E+01
  0.20604006E+01 -0.79196297E+01
  0.20650999E+01 -0.79270387E+01
  0.20697993E+01 -0.79346558E+01
  0.20744986E+01 -0.79424832E+01
  0.20791979E+01 -0.79505234E+01
  0.20838972E+01 -0.79587788E+01
  0.20885966E+01 -0.79672519E+01
  0.20932959E+01 -0.79759452E+01
  0.20979952E+01 -0.79848613E+01
  0.21026945E+01 -0.79940022E+01
  0.21073939E+01 -0.80033699E+01
  0.21120932E+01 -0.80129651E+01
  0.21167925E+01 -0.80227875E+01
  0.21214918E+01 -0.80328348E+01
  0.21261912E+01 -0.80431029E+01
  0.21308905E+01 -0.80535856E+01
  0.21355898E+01 -0.80642750E+01
  0.21402892E+01 -0.80751616E+01
  0.21449885E+01 -0.80862351E+01
  0.21496878E+01 -0.80974848E+01
  0.21543871E+01 -0.81088994E+01
  0.21590865E+01 -0.81204677E+01
  0.21637858E+01 -0.81321784E+01
  0.21684851E+01 -0.81440203E+01
  0.21731844E+01 -0.81559822E+01
  0.21778838E+01 -0.81680530E+01
  0.21825831E+01 -0.81802214E+01
  0.21872824E+01 -0.81924765E+01
  0.21919817E+01 -0.82048069E+01
  0.21966811E+01 -0.82172017E+01
  0.22013804E+01 -0.82296497E+01
  0.22060797E+01 -0.82421398E+01
  0.22107790E+01 -0.82546609E+01
  0.22154784E+01 -0.82672018E+01
  0.22201777E+01 -0.82797515E+01
  0.22248770E+01 -0.82922991E+01
  0.22295764E+01 -0.83048335E+01
  0.22342757E+01 -0.83173438E+01
  0.22389750E+01 -0.83298193E+01
  0.22436743E+01 -0.83422493E+01
  0.22483737E+01 -0.83546232E+01
  0.22530730E+01 -0.83669307E+01
  0.22577723E+01 -0.83791615E+01
  0.22624716E+01 -0.83913056E+01
  0.22671710E+01 -0.84033531E+01
  0.22718703E+01 -0.84152945E+01
  0.22765696E+01 -0.84271205E+01
  0.22812689E+01 -0.84388221E+01
  0.22859683E+01 -0.84503905E+01
  0.22906676E+01 -0.84618173E+01
  0.22953669E+01 -0.84730944E+01
  0.23000662E+01 -0.84842137E+01
  0.23047656E+01 -0.84951674E+01
  0.23094649E+01 -0.85059474E+01
  0.23141642E+01 -0.85165453E+01
  0.23188636E+01 -0.85269522E+01
  0.23235629E+01 -0.85371582E+01
  0.23282622E+01 -0.85471527E+01
  0.23329615E+01 -0.85569241E+01
  0.23376609E+01 -0.85664598E+01
  0.23423602E+01 -0.85757470E+01
  0.23470595E+01 -0.85847725E+01
  0.23517588E+01 -0.85935235E+01
  0.23564582E+01 -0.86019871E+01
  0.23611575E+01 -0.86101514E+01
  0.23658568E+01 -0.86180047E+01
  0.23705561E+01 -0.86255364E+01
  0.23752555E+01 -0.86327363E+01
  0.23799548E+01 -0.86395951E+01
  0.23846541E+01 -0.86461043E+01
  0.23893534E+01 -0.86522560E+01
  0.23940528E+01 -0.86580431E+01
  0.23987521E+01 -0.86634594E+01
  0.24034514E+01 -0.86684992E+01
  0.24081508E+01 -0.86731577E+01
  0.24128501E+01 -0.86774311E+01
  0.24175494E+01 -0.86813160E+01
  0.24222487E+01 -0.86848102E+01
  0.24269481E+01 -0.86879124E+01
  0.24316474E+01 -0.86906223E+01
  0.24363467E+01 -0.86929404E+01
  0.24410460E+01 -0.86948689E+01
  0.24457454E+01 -0.86964111E+01
  0.24504447E+01 -0.86975718E+01
  0.24551440E+01 -0.86983580E+01
  0.24598433E+01 -0.86987789E+01
  0.24645427E+01 -0.86988465E+01
  0.24692420E+01 -0.86985763E+01
  0.24739413E+01 -0.86979889E+01
  0.24786406E+01 -0.86971104E+01
  0.24833400E+01 -0.86959753E+01
  0.24880393E+01 -0.86946284E+01
  0.24927386E+01 -0.86931279E+01
  0.24974380E+01 -0.86915492E+01
  0.25021373E+01 -0.86899873E+01
  0.25068366E+01 -0.86885574E+01
  0.25115359E+01 -0.86873886E+01
  0.25162353E+01 -0.86866085E+01
  0.25209346E+01 -0.86863155E+01
  
  0.00000000E+00 -0.86825454E+01
  0.47097009E-02 -0.86820142E+01
  0.94194018E-02 -0.86809653E+01
  0.14129103E-01 -0.86796261E+01
  0.18838804E-01 -0.86780866E+01
  0.23548505E-01 -0.86763813E+01
  0.28258205E-01 -0.86745256E+01
  0.32967906E-01 -0.86725271E+01
  0.37677607E-01 -0.86713155E+01
  0.42387308E-01 -0.86783284E+01
  0.47097009E-01 -0.86851316E+01
  0.51806710E-01 -0.86895992E+01
  0.56516411E-01 -0.86892380E+01
  0.61226112E-01 -0.86887511E+01
  0.65935813E-01 -0.86881395E+01
  0.70645514E-01 -0.86874043E+01
  0.75355215E-01 -0.86865466E+01
  0.80064916E-01 -0.86855677E+01
  0.84774616E-01 -0.86844690E+01
  0.89484317E-01 -0.86832520E+01
  0.94194018E-01 -0.86819183E+01
  0.98903719E-01 -0.86804698E+01
  0.10361342E+00 -0.86789082E+01
  0.10832312E+00 -0.86772355E+01
  0.11303282E+00 -0.86754537E+01
  0.11774252E+00 -0.86735650E+01
  0.12245222E+00 -0.86715717E+01
  0.12716192E+00 -0.86694761E+01
  0.13187163E+00 -0.86672806E+01
  0.13658133E+00 -0.86649879E+01
  0.14129103E+00 -0.86626005E+01
  0.14600073E+00 -0.86601213E+01
  0.15071043E+00 -0.86575530E+01
  0.15542013E+00 -0.86548987E+01
  0.16012983E+00 -0.86521614E+01
  0.16483953E+00 -0.86493441E+01
  0.16954923E+00 -0.86464502E+01
  0.17425893E+00 -0.86434829E+01
  0.17896863E+00 -0.86404456E+01
  0.18367834E+00 -0.86373418E+01
  0.18838804E+00 -0.86341750E+01
  0.19309774E+00 -0.86309488E+01
  0.19780744E+00 -0.86276669E+01
  0.20251714E+00 -0.86243329E+01
  0.20722684E+00 -0.86209508E+01
  0.21193654E+00 -0.86175243E+01
  0.21664624E+00 -0.86140574E+01
  0.22135594E+00 -0.86105538E+01
  0.22606564E+00 -0.86070177E+01
  0.23077534E+00 -0.86034529E+01
  0.23548505E+00 -0.85998636E+01
  0.24019475E+00 -0.85962537E+01
  0.24490445E+00 -0.85926274E+01
  0.24961415E+00 -0.85889886E+01
  0.25432385E+00 -0.85853415E+01
  0.25903355E+00 -0.85816902E+01
  0.26374325E+00 -0.85780387E+01
  0.26845295E+00 -0.85743912E+01
  0.27316265E+00 -0.85707517E+01
  0.27787235E+00 -0.85671243E+01
  0.28258205E+00 -0.85635130E+01
  0.28729176E+00 -0.85599219E+01
  0.29200146E+00 -0.85563550E+01
  0.29671116E+00 -0.85528164E+01
  0.30142086E+00 -0.85493099E+01
  0.30613056E+00 -0.85458396E+01
  0.31084026E+00 -0.85424093E+01
  0.31554996E+00 -0.85390230E+01
  0.32025966E+00 -0.85356844E+01
  0.32496936E+00 -0.85323974E+01
  0.32967906E+00 -0.85291658E+01
  0.33438876E+00 -0.85259932E+01
  0.33909847E+00 -0.85228833E+01
  0.34380817E+00 -0.85198398E+01
  0.34851787E+00 -0.85168661E+01
  0.35322757E+00 -0.85139659E+01
  0.35793727E+00 -0.85111425E+01
  0.36264697E+00 -0.85083992E+01
  0.36735667E+00 -0.85057395E+01
  0.37206637E+00 -0.85031664E+01
  0.37677607E+00 -0.85006832E+01
  0.38148577E+00 -0.84982928E+01
  0.38619547E+00 -0.84959983E+01
  0.39090518E+00 -0.84938025E+01
  0.39561488E+00 -0.84917081E+01
  0.40032458E+00 -0.84897177E+01
  0.40503428E+00 -0.84878341E+01
  0.40974398E+00 -0.84860594E+01
  0.41445368E+00 -0.84843961E+01
  0.41916338E+00 -0.84828463E+01
  0.42387308E+00 -0.84814120E+01
  0.42858278E+00 -0.84800951E+01
  0.43329248E+00 -0.84788974E+01
  0.43800218E+00 -0.84778205E+01
  0.44271189E+00 -0.84768659E+01
  0.44742159E+00 -0.84760347E+01
  0.45213129E+00 -0.84753283E+01
  0.45684099E+00 -0.84747474E+01
  0.46155069E+00 -0.84742930E+01
  0.46626039E+00 -0.84739657E+01
  0.47097009E+00 -0.84737660E+01
  0.47567979E+00 -0.84736940E+01
  0.48037912E+00 -0.84737424E+01
  0.48507844E+00 -0.84739300E+01
  0.48977777E+00 -0.84742544E+01
  0.49447710E+00 -0.84747118E+01
  0.49917642E+00 -0.84752964E+01
  0.50387575E+00 -0.84760013E+01
  0.50857508E+00 -0.84768180E+01
  0.51327440E+00 -0.84777367E+01
  0.51797373E+00 -0.84787466E+01
  0.52267306E+00 -0.84798358E+01
  0.52737238E+00 -0.84809916E+01
  0.53207171E+00 -0.84822007E+01
  0.53677103E+00 -0.84834492E+01
  0.54147036E+00 -0.84847226E+01
  0.54616969E+00 -0.84860065E+01
  0.55086901E+00 -0.84872863E+01
  0.55556834E+00 -0.84885471E+01
  0.56026767E+00 -0.84897746E+01
  0.56496699E+00 -0.84909542E+01
  0.56966632E+00 -0.84920721E+01
  0.57436565E+00 -0.84931146E+01
  0.57906497E+00 -0.84940685E+01
  0.58376430E+00 -0.84949211E+01
  0.58846362E+00 -0.84956603E+01
  0.59316295E+00 -0.84962748E+01
  0.59786228E+00 -0.84967535E+01
  0.60256160E+00 -0.84970864E+01
  0.60726093E+00 -0.84972641E+01
  0.61196026E+00 -0.84972776E+01
  0.61665958E+00 -0.84971192E+01
  0.62135891E+00 -0.84967813E+01
  0.62605824E+00 -0.84962576E+01
  0.63075756E+00 -0.84955422E+01
  0.63545689E+00 -0.84946300E+01
  0.64015621E+00 -0.84935167E+01
  0.64485554E+00 -0.84921987E+01
  0.64955487E+00 -0.84906732E+01
  0.65425419E+00 -0.84889380E+01
  0.65895352E+00 -0.84869917E+01
  0.66365285E+00 -0.84848335E+01
  0.66835217E+00 -0.84824634E+01
  0.67305150E+00 -0.84798819E+01
  0.67775083E+00 -0.84770904E+01
  0.68245015E+00 -0.84740907E+01
  0.68714948E+00 -0.84708854E+01
  0.69184880E+00 -0.84674775E+01
  0.69654813E+00 -0.84638708E+01
  0.70124746E+00 -0.84600695E+01
  0.70594678E+00 -0.84560784E+01
  0.71064611E+00 -0.84519028E+01
  0.71534544E+00 -0.84475486E+01
  0.72004476E+00 -0.84430219E+01
  0.72474409E+00 -0.84383295E+01
  0.72944342E+00 -0.84334784E+01
  0.73414274E+00 -0.84284763E+01
  0.73884207E+00 -0.84233309E+01
  0.74354139E+00 -0.84180504E+01
  0.74824072E+00 -0.84126433E+01
  0.75294005E+00 -0.84071184E+01
  0.75763937E+00 -0.84014846E+01
  0.76233870E+00 -0.83957512E+01
  0.76703803E+00 -0.83899275E+01
  0.77173735E+00 -0.83840230E+01
  0.77643668E+00 -0.83780473E+01
  0.78113601E+00 -0.83720102E+01
  0.78583533E+00 -0.83659213E+01
  0.79053466E+00 -0.83597905E+01
  0.79523398E+00 -0.83536274E+01
  0.79993331E+00 -0.83474418E+01
  0.80463264E+00 -0.83412431E+01
  0.80933196E+00 -0.83350410E+01
  0.81403129E+00 -0.83288446E+01
  0.81873062E+00 -0.83226632E+01
  0.82342994E+00 -0.83165057E+01
  0.82812927E+00 -0.83103808E+01
  0.83282859E+00 -0.83042970E+01
  0.83752792E+00 -0.82982625E+01
  0.84222725E+00 -0.82922851E+01
  0.84692657E+00 -0.82863726E+01
  0.85162590E+00 -0.82805320E+01
  0.85632523E+00 -0.82747704E+01
  0.86102455E+00 -0.82690943E+01
  0.86572388E+00 -0.82635099E+01
  0.87042321E+00 -0.82580229E+01
  0.87512253E+00 -0.82526388E+01
  0.87982186E+00 -0.82473627E+01
  0.88452118E+00 -0.82421991E+01
  0.88922051E+00 -0.82371523E+01
  0.89391984E+00 -0.82322261E+01
  0.89861916E+00 -0.82274241E+01
  0.90331849E+00 -0.82227492E+01
  0.90801782E+00 -0.82182042E+01
  0.91271714E+00 -0.82137913E+01
  0.91741647E+00 -0.82095125E+01
  0.92211580E+00 -0.82053694E+01
  0.92681512E+00 -0.82013632E+01
  0.93151445E+00 -0.81974948E+01
  0.93621377E+00 -0.81937647E+01
  0.94091310E+00 -0.81901733E+01
  0.94561243E+00 -0.81867203E+01
  0.95031175E+00 -0.81834055E+01
  0.95501108E+00 -0.81802283E+01
  0.95971041E+00 -0.81771876E+01
  0.96440973E+00 -0.81742825E+01
  0.96910906E+00 -0.81715114E+01
  0.97380839E+00 -0.81688728E+01
  0.97850771E+00 -0.81663648E+01
  0.98320704E+00 -0.81639854E+01
  0.98790636E+00 -0.81617324E+01
  0.99260569E+00 -0.81596034E+01
  0.99730502E+00 -0.81575958E+01
  0.10020043E+01 -0.81557070E+01
  0.10067037E+01 -0.81539341E+01
  0.10114030E+01 -0.81522742E+01
  0.10161023E+01 -0.81507242E+01
  0.10208016E+01 -0.81492810E+01
  0.10255010E+01 -0.81479412E+01
  0.10302003E+01 -0.81467016E+01
  0.10348996E+01 -0.81455587E+01
  0.10395990E+01 -0.81445092E+01
  0.10442983E+01 -0.81435495E+01
  0.10489976E+01 -0.81426760E+01
  0.10536969E+01 -0.81418852E+01
  0.10583963E+01 -0.81411735E+01
  0.10630956E+01 -0.81405373E+01
  0.10677949E+01 -0.81399730E+01
  0.10724942E+01 -0.81394770E+01
  0.10771936E+01 -0.81390457E+01
  0.10818929E+01 -0.81386754E+01
  0.10865922E+01 -0.81383628E+01
  0.10912915E+01 -0.81381042E+01
  0.10959909E+01 -0.81378961E+01
  0.11006902E+01 -0.81377352E+01
  0.11053895E+01 -0.81376181E+01
  0.11100888E+01 -0.81375413E+01
  0.11147882E+01 -0.81375017E+01
  0.11194875E+01 -0.81374961E+01
  0.11241868E+01 -0.81375213E+01
  0.11288862E+01 -0.81375742E+01
  0.11335855E+01 -0.81376519E+01
  0.11382848E+01 -0.81377515E+01
  0.11429841E+01 -0.81378702E+01
  0.11476835E+01 -0.81380053E+01
  0.11523828E+01 -0.81381541E+01
  0.11570821E+01 -0.81383141E+01
  0.11617814E+01 -0.81384830E+01
  0.11664808E+01 -0.81386583E+01
  0.11711801E+01 -0.81388378E+01
  0.11758794E+01 -0.81390195E+01
  0.11805787E+01 -0.81392013E+01
  0.11852781E+01 -0.81393814E+01
  0.11899774E+01 -0.81395579E+01
  0.11946767E+01 -0.81397292E+01
  0.11993761E+01 -0.81398937E+01
  0.12040754E+01 -0.81400500E+01
  0.12087747E+01 -0.81401968E+01
  0.12134740E+01 -0.81403328E+01
  0.12181734E+01 -0.81404569E+01
  0.12228727E+01 -0.81405683E+01
  0.12275720E+01 -0.81406659E+01
  0.12322713E+01 -0.81407491E+01
  0.12369707E+01 -0.81408173E+01
  0.12416700E+01 -0.81408699E+01
  0.12463693E+01 -0.81409065E+01
  0.12510686E+01 -0.81409269E+01
  0.12557680E+01 -0.81409309E+01
  0.12604673E+01 -0.81409185E+01
  0.12651770E+01 -0.81408124E+01
  0.12698867E+01 -0.81406870E+01
  0.12745964E+01 -0.81405422E+01
  0.12793061E+01 -0.81403782E+01
  0.12840158E+01 -0.81401946E+01
  0.12887255E+01 -0.81399906E+01
  0.12934352E+01 -0.81397654E+01
  0.12981449E+01 -0.81395178E+01
  0.13028546E+01 -0.81392462E+01
  0.13075643E+01 -0.81389490E+01
  0.13122740E+01 -0.81386241E+01
  0.13169837E+01 -0.81382694E+01
  0.13216934E+01 -0.81378824E+01
  0.13264031E+01 -0.81374604E+01
  0.13311128E+01 -0.81370007E+01
  0.13358225E+01 -0.81365004E+01
  0.13405322E+01 -0.81359562E+01
  0.13452419E+01 -0.81353650E+01
  0.13499516E+01 -0.81347235E+01
  0.13546613E+01 -0.81340282E+01
  0.13593710E+01 -0.81332758E+01
  0.13640807E+01 -0.81324628E+01
  0.13687904E+01 -0.81315856E+01
  0.13735001E+01 -0.81306408E+01
  0.13782098E+01 -0.81296250E+01
  0.13829195E+01 -0.81285346E+01
  0.13876292E+01 -0.81273664E+01
  0.13923389E+01 -0.81261171E+01
  0.13970486E+01 -0.81247833E+01
  0.14017583E+01 -0.81233621E+01
  0.14064680E+01 -0.81218503E+01
  0.14111777E+01 -0.81202452E+01
  0.14158874E+01 -0.81185439E+01
  0.14205971E+01 -0.81167438E+01
  0.14253068E+01 -0.81148425E+01
  0.14300165E+01 -0.81128375E+01
  0.14347262E+01 -0.81107267E+01
  0.14394359E+01 -0.81085079E+01
  0.14441456E+01 -0.81061794E+01
  0.14488553E+01 -0.81037393E+01
  0.14535650E+01 -0.81011860E+01
  0.14582747E+01 -0.80985181E+01
  0.14629844E+01 -0.80957340E+01
  0.14676941E+01 -0.80928327E+01
  0.14724038E+01 -0.80898129E+01
  0.14771135E+01 -0.80866732E+01
  0.14818232E+01 -0.80834117E+01
  0.14865329E+01 -0.80800230E+01
  0.14912426E+01 -0.80764341E+01
  0.14959523E+01 -0.80609023E+01
  0.15006620E+01 -0.80406853E+01
  0.15053717E+01 -0.80204158E+01
  0.15100814E+01 -0.80001403E+01
  0.15147911E+01 -0.79798949E+01
  0.15195008E+01 -0.79597170E+01
  0.15242105E+01 -0.79396468E+01
  0.15289202E+01 -0.79197281E+01
  0.15336299E+01 -0.79000081E+01
  0.15383396E+01 -0.78805384E+01
  0.15430493E+01 -0.78613746E+01
  0.15477590E+01 -0.78425765E+01
  0.15524687E+01 -0.78242081E+01
  0.15571785E+01 -0.78063373E+01
  0.15618882E+01 -0.77890357E+01
  0.15665979E+01 -0.77723774E+01
  0.15713076E+01 -0.77564382E+01
  0.15760173E+01 -0.77412941E+01
  0.15807270E+01 -0.77270198E+01
  0.15854367E+01 -0.77136863E+01
  0.15901464E+01 -0.77013589E+01
  0.15948561E+01 -0.76900948E+01
  0.15995658E+01 -0.76799409E+01
  0.16042755E+01 -0.76709317E+01
  0.16089852E+01 -0.76630884E+01
  0.16136949E+01 -0.76564175E+01
  0.16184046E+01 -0.76509112E+01
  0.16231143E+01 -0.76465482E+01
  0.16278240E+01 -0.76432947E+01
  0.16325337E+01 -0.76411065E+01
  0.16372434E+01 -0.76399310E+01
  0.16419531E+01 -0.76397095E+01
  0.16466628E+01 -0.76403793E+01
  0.16513725E+01 -0.76418756E+01
  0.16560822E+01 -0.76441334E+01
  0.16607919E+01 -0.76470883E+01
  0.16655016E+01 -0.76506781E+01
  0.16702113E+01 -0.76548433E+01
  0.16749210E+01 -0.76595275E+01
  0.16796307E+01 -0.76646778E+01
  0.16843404E+01 -0.76702449E+01
  0.16890501E+01 -0.76761831E+01
  0.16937598E+01 -0.76824501E+01
  0.16984695E+01 -0.76890069E+01
  0.17031792E+01 -0.76958178E+01
  0.17078889E+01 -0.77028495E+01
  0.17125986E+01 -0.77100715E+01
  0.17173083E+01 -0.77174549E+01
  0.17220180E+01 -0.77249711E+01
  0.17267277E+01 -0.77325866E+01
  0.17314374E+01 -0.77402256E+01
  0.17361471E+01 -0.77460476E+01
  0.17408464E+01 -0.77461322E+01
  0.17455457E+01 -0.77462032E+01
  0.17502451E+01 -0.77462621E+01
  0.17549444E+01 -0.77463140E+01
  0.17596437E+01 -0.77463666E+01
  0.17643430E+01 -0.77464280E+01
  0.17690424E+01 -0.77465061E+01
  0.17737417E+01 -0.77466078E+01
  0.17784410E+01 -0.77467392E+01
  0.17831403E+01 -0.77469052E+01
  0.17878397E+01 -0.77471104E+01
  0.17925390E+01 -0.77473585E+01
  0.17972383E+01 -0.77476530E+01
  0.18019377E+01 -0.77479970E+01
  0.18066370E+01 -0.77483934E+01
  0.18113363E+01 -0.77488448E+01
  0.18160356E+01 -0.77493539E+01
  0.18207350E+01 -0.77499232E+01
  0.18254343E+01 -0.77505551E+01
  0.18301336E+01 -0.77512518E+01
  0.18348329E+01 -0.77520158E+01
  0.18395323E+01 -0.77528493E+01
  0.18442316E+01 -0.77537546E+01
  0.18489309E+01 -0.77547339E+01
  0.18536302E+01 -0.77557894E+01
  0.18583296E+01 -0.77569233E+01
  0.18630289E+01 -0.77581379E+01
  0.18677282E+01 -0.77594351E+01
  0.18724275E+01 -0.77608172E+01
  0.18771269E+01 -0.77622862E+01
  0.18818262E+01 -0.77638438E+01
  0.18865255E+01 -0.77654918E+01
  0.18912249E+01 -0.77672315E+01
  0.18959242E+01 -0.77690636E+01
  0.19006235E+01 -0.77709877E+01
  0.19053228E+01 -0.77730015E+01
  0.19100222E+01 -0.77750994E+01
  0.19147215E+01 -0.77772703E+01
  0.19194208E+01 -0.77794959E+01
  0.19241201E+01 -0.77817560E+01
  0.19288195E+01 -0.77840442E+01
  0.19335188E+01 -0.77863781E+01
  0.19382181E+01 -0.77887866E+01
  0.19429174E+01 -0.77912949E+01
  0.19476168E+01 -0.77939218E+01
  0.19523161E+01 -0.77966807E+01
  0.19570154E+01 -0.77995821E+01
  0.19617147E+01 -0.78026350E+01
  0.19664141E+01 -0.78058468E+01
  0.19711134E+01 -0.78092246E+01
  0.19758127E+01 -0.78127749E+01
  0.19805121E+01 -0.78165039E+01
  0.19852114E+01 -0.78204173E+01
  0.19899107E+01 -0.78245207E+01
  0.19946100E+01 -0.78288192E+01
  0.19993094E+01 -0.78333179E+01
  0.20040087E+01 -0.78380214E+01
  0.20087080E+01 -0.78429339E+01
  0.20134073E+01 -0.78480596E+01
  0.20181067E+01 -0.78534020E+01
  0.20228060E+01 -0.78589645E+01
  0.20275053E+01 -0.78647499E+01
  0.20322046E+01 -0.78707609E+01
  0.20369040E+01 -0.78769993E+01
  0.20416033E+01 -0.78834669E+01
  0.20463026E+01 -0.78901648E+01
  0.20510020E+01 -0.78970935E+01
  0.20557013E+01 -0.79042531E+01
  0.20604006E+01 -0.79116432E+01
  0.20650999E+01 -0.79192624E+01
  0.20697993E+01 -0.79271090E+01
  0.20744986E+01 -0.79351805E+01
  0.20791979E+01 -0.79434736E+01
  0.20838972E+01 -0.79519843E+01
  0.20885966E+01 -0.79607075E+01
  0.20932959E+01 -0.79696376E+01
  0.20979952E+01 -0.79787682E+01
  0.21026945E+01 -0.79880921E+01
  0.21073939E+01 -0.79976022E+01
  0.21120932E+01 -0.80072910E+01
  0.21167925E+01 -0.80171518E+01
  0.21214918E+01 -0.80271787E+01
  0.21261912E+01 -0.80373669E+01
  0.21308905E+01 -0.80477131E+01
  0.21355898E+01 -0.80582146E+01
  0.21402892E+01 -0.80688696E+01
  0.21449885E+01 -0.80796761E+01
  0.21496878E+01 -0.80906323E+01
  0.21543871E+01 -0.81017357E+01
  0.21590865E+01 -0.81129830E+01
  0.21637858E+01 -0.81243706E+01
  0.21684851E+01 -0.81358938E+01
  0.21731844E+01 -0.81475473E+01
  0.21778838E+01 -0.81593252E+01
  0.21825831E+01 -0.81712208E+01
  0.21872824E+01 -0.81832269E+01
  0.21919817E+01 -0.81953358E+01
  0.21966811E+01 -0.82075389E+01
  0.22013804E+01 -0.82198276E+01
  0.22060797E+01 -0.82321925E+01
  0.22107790E+01 -0.82446237E+01
  0.22154784E+01 -0.82571112E+01
  0.22201777E+01 -0.82696442E+01
  0.22248770E+01 -0.82822118E+01
  0.22295764E+01 -0.82948027E+01
  0.22342757E+01 -0.83074050E+01
  0.22389750E+01 -0.83200068E+01
  0.22436743E+01 -0.83325958E+01
  0.22483737E+01 -0.83451593E+01
  0.22530730E+01 -0.83576843E+01
  0.22577723E+01 -0.83701577E+01
  0.22624716E+01 -0.83825660E+01
  0.22671710E+01 -0.83948956E+01
  0.22718703E+01 -0.84071323E+01
  0.22765696E+01 -0.84192621E+01
  0.22812689E+01 -0.84312706E+01
  0.22859683E+01 -0.84431430E+01
  0.22906676E+01 -0.84548647E+01
  0.22953669E+01 -0.84664206E+01
  0.23000662E+01 -0.84777960E+01
  0.23047656E+01 -0.84889761E+01
  0.23094649E+01 -0.84999464E+01
  0.23141642E+01 -0.85106933E+01
  0.23188636E+01 -0.85212038E+01
  0.23235629E+01 -0.85314662E+01
  0.23282622E+01 -0.85414701E+01
  0.23329615E+01 -0.85512065E+01
  0.23376609E+01 -0.85606673E+01
  0.23423602E+01 -0.85698458E+01
  0.23470595E+01 -0.85787356E+01
  0.23517588E+01 -0.85873308E+01
  0.23564582E+01 -0.85956260E+01
  0.23611575E+01 -0.86036154E+01
  0.23658568E+01 -0.86112936E+01
  0.23705561E+01 -0.86186549E+01
  0.23752555E+01 -0.86256938E+01
  0.23799548E+01 -0.86324046E+01
  0.23846541E+01 -0.86387818E+01
  0.23893534E+01 -0.86448200E+01
  0.23940528E+01 -0.86505137E+01
  0.23987521E+01 -0.86558580E+01
  0.24034514E+01 -0.86608480E+01
  0.24081508E+01 -0.86654792E+01
  0.24128501E+01 -0.86697475E+01
  0.24175494E+01 -0.86736493E+01
  0.24222487E+01 -0.86771816E+01
  0.24269481E+01 -0.86803421E+01
  0.24316474E+01 -0.86831291E+01
  0.24363467E+01 -0.86855420E+01
  0.24410460E+01 -0.86875816E+01
  0.24457454E+01 -0.86892497E+01
  0.24504447E+01 -0.86905502E+01
  0.24551440E+01 -0.86914887E+01
  0.24598433E+01 -0.86920737E+01
  0.24645427E+01 -0.86923170E+01
  0.24692420E+01 -0.86922345E+01
  0.24739413E+01 -0.86918472E+01
  0.24786406E+01 -0.86911829E+01
  0.24833400E+01 -0.86902775E+01
  0.24880393E+01 -0.86891776E+01
  0.24927386E+01 -0.86879424E+01
  0.24974380E+01 -0.86866453E+01
  0.25021373E+01 -0.86853750E+01
  0.25068366E+01 -0.86842322E+01
  0.25115359E+01 -0.86833218E+01
  0.25162353E+01 -0.86827377E+01
  0.25209346E+01 -0.86825454E+01
  
  0.00000000E+00 -0.86133700E+01
  0.47097009E-02 -0.86176784E+01
  0.94194018E-02 -0.86252548E+01
  0.14129103E-01 -0.86332421E+01
  0.18838804E-01 -0.86411975E+01
  0.23548505E-01 -0.86490115E+01
  0.28258205E-01 -0.86566450E+01
  0.32967906E-01 -0.86640805E+01
  0.37677607E-01 -0.86703839E+01
  0.42387308E-01 -0.86681155E+01
  0.47097009E-01 -0.86657086E+01
  0.51806710E-01 -0.86631690E+01
  0.56516411E-01 -0.86604982E+01
  0.61226112E-01 -0.86576972E+01
  0.65935813E-01 -0.86547672E+01
  0.70645514E-01 -0.86517090E+01
  0.75355215E-01 -0.86485239E+01
  0.80064916E-01 -0.86452129E+01
  0.84774616E-01 -0.86417770E+01
  0.89484317E-01 -0.86382176E+01
  0.94194018E-01 -0.86345359E+01
  0.98903719E-01 -0.86307332E+01
  0.10361342E+00 -0.86268110E+01
  0.10832312E+00 -0.86227708E+01
  0.11303282E+00 -0.86186142E+01
  0.11774252E+00 -0.86143429E+01
  0.12245222E+00 -0.86099587E+01
  0.12716192E+00 -0.86054636E+01
  0.13187163E+00 -0.86008595E+01
  0.13658133E+00 -0.85961487E+01
  0.14129103E+00 -0.85913334E+01
  0.14600073E+00 -0.85864160E+01
  0.15071043E+00 -0.85813990E+01
  0.15542013E+00 -0.85762851E+01
  0.16012983E+00 -0.85710771E+01
  0.16483953E+00 -0.85657780E+01
  0.16954923E+00 -0.85603907E+01
  0.17425893E+00 -0.85549186E+01
  0.17896863E+00 -0.85493651E+01
  0.18367834E+00 -0.85437337E+01
  0.18838804E+00 -0.85380281E+01
  0.19309774E+00 -0.85322521E+01
  0.19780744E+00 -0.85264099E+01
  0.20251714E+00 -0.85205055E+01
  0.20722684E+00 -0.85145434E+01
  0.21193654E+00 -0.85085281E+01
  0.21664624E+00 -0.85024643E+01
  0.22135594E+00 -0.84963568E+01
  0.22606564E+00 -0.84902106E+01
  0.23077534E+00 -0.84840309E+01
  0.23548505E+00 -0.84778231E+01
  0.24019475E+00 -0.84715925E+01
  0.24490445E+00 -0.84653450E+01
  0.24961415E+00 -0.84590861E+01
  0.25432385E+00 -0.84528218E+01
  0.25903355E+00 -0.84465581E+01
  0.26374325E+00 -0.84403012E+01
  0.26845295E+00 -0.84340573E+01
  0.27316265E+00 -0.84278327E+01
  0.27787235E+00 -0.84216339E+01
  0.28258205E+00 -0.84154674E+01
  0.28729176E+00 -0.84093396E+01
  0.29200146E+00 -0.84032574E+01
  0.29671116E+00 -0.83972272E+01
  0.30142086E+00 -0.83912557E+01
  0.30613056E+00 -0.83853497E+01
  0.31084026E+00 -0.83795158E+01
  0.31554996E+00 -0.83737607E+01
  0.32025966E+00 -0.83680910E+01
  0.32496936E+00 -0.83625132E+01
  0.32967906E+00 -0.83570339E+01
  0.33438876E+00 -0.83516595E+01
  0.33909847E+00 -0.83463964E+01
  0.34380817E+00 -0.83412507E+01
  0.34851787E+00 -0.83362287E+01
  0.35322757E+00 -0.83313363E+01
  0.35793727E+00 -0.83265793E+01
  0.36264697E+00 -0.83219634E+01
  0.36735667E+00 -0.83174941E+01
  0.37206637E+00 -0.83131769E+01
  0.37677607E+00 -0.83090168E+01
  0.38148577E+00 -0.83050189E+01
  0.38619547E+00 -0.83011877E+01
  0.39090518E+00 -0.82975280E+01
  0.39561488E+00 -0.82940441E+01
  0.40032458E+00 -0.82907399E+01
  0.40503428E+00 -0.82876194E+01
  0.40974398E+00 -0.82846862E+01
  0.41445368E+00 -0.82819437E+01
  0.41916338E+00 -0.82793951E+01
  0.42387308E+00 -0.82770431E+01
  0.42858278E+00 -0.82748906E+01
  0.43329248E+00 -0.82729397E+01
  0.43800218E+00 -0.82711928E+01
  0.44271189E+00 -0.82696516E+01
  0.44742159E+00 -0.82683178E+01
  0.45213129E+00 -0.82671928E+01
  0.45684099E+00 -0.82662777E+01
  0.46155069E+00 -0.82655734E+01
  0.46626039E+00 -0.82650805E+01
  0.47097009E+00 -0.82647993E+01
  0.47567979E+00 -0.82647301E+01
  0.48037912E+00 -0.82643995E+01
  0.48507844E+00 -0.82633607E+01
  0.48977777E+00 -0.82616174E+01
  0.49447710E+00 -0.82591754E+01
  0.49917642E+00 -0.82560430E+01
  0.50387575E+00 -0.82522306E+01
  0.50857508E+00 -0.82477504E+01
  0.51327440E+00 -0.82426163E+01
  0.51797373E+00 -0.82368435E+01
  0.52267306E+00 -0.82304485E+01
  0.52737238E+00 -0.82234484E+01
  0.53207171E+00 -0.82158612E+01
  0.53677103E+00 -0.82077051E+01
  0.54147036E+00 -0.81989987E+01
  0.54616969E+00 -0.81897605E+01
  0.55086901E+00 -0.81800090E+01
  0.55556834E+00 -0.81697625E+01
  0.56026767E+00 -0.81590390E+01
  0.56496699E+00 -0.81478562E+01
  0.56966632E+00 -0.81362314E+01
  0.57436565E+00 -0.81241814E+01
  0.57906497E+00 -0.81117227E+01
  0.58376430E+00 -0.80988713E+01
  0.58846362E+00 -0.80856426E+01
  0.59316295E+00 -0.80720520E+01
  0.59786228E+00 -0.80581140E+01
  0.60256160E+00 -0.80438432E+01
  0.60726093E+00 -0.80292534E+01
  0.61196026E+00 -0.80143584E+01
  0.61665958E+00 -0.79991715E+01
  0.62135891E+00 -0.79837059E+01
  0.62605824E+00 -0.79679744E+01
  0.63075756E+00 -0.79519897E+01
  0.63545689E+00 -0.79357643E+01
  0.64015621E+00 -0.79193104E+01
  0.64485554E+00 -0.79026403E+01
  0.64955487E+00 -0.78857659E+01
  0.65425419E+00 -0.78686992E+01
  0.65895352E+00 -0.78514521E+01
  0.66365285E+00 -0.78340364E+01
  0.66835217E+00 -0.78164639E+01
  0.67305150E+00 -0.77987461E+01
  0.67775083E+00 -0.77808950E+01
  0.68245015E+00 -0.77629220E+01
  0.68714948E+00 -0.77448389E+01
  0.69184880E+00 -0.77266574E+01
  0.69654813E+00 -0.77083892E+01
  0.70124746E+00 -0.76900458E+01
  0.70594678E+00 -0.76716390E+01
  0.71064611E+00 -0.76531803E+01
  0.71534544E+00 -0.76346816E+01
  0.72004476E+00 -0.76161544E+01
  0.72474409E+00 -0.75976103E+01
  0.72944342E+00 -0.75790609E+01
  0.73414274E+00 -0.75605177E+01
  0.73884207E+00 -0.75419922E+01
  0.74354139E+00 -0.75234959E+01
  0.74824072E+00 -0.75050400E+01
  0.75294005E+00 -0.74866356E+01
  0.75763937E+00 -0.74682940E+01
  0.76233870E+00 -0.74500260E+01
  0.76703803E+00 -0.74318423E+01
  0.77173735E+00 -0.74137536E+01
  0.77643668E+00 -0.73957702E+01
  0.78113601E+00 -0.73779022E+01
  0.78583533E+00 -0.73601596E+01
  0.79053466E+00 -0.73425520E+01
  0.79523398E+00 -0.73250888E+01
  0.79993331E+00 -0.73077790E+01
  0.80463264E+00 -0.72906314E+01
  0.80933196E+00 -0.72736544E+01
  0.81403129E+00 -0.72568561E+01
  0.81873062E+00 -0.72402443E+01
  0.82342994E+00 -0.72238263E+01
  0.82812927E+00 -0.72076093E+01
  0.83282859E+00 -0.71915998E+01
  0.83752792E+00 -0.71758041E+01
  0.84222725E+00 -0.71602282E+01
  0.84692657E+00 -0.71448776E+01
  0.85162590E+00 -0.71297575E+01
  0.85632523E+00 -0.71148727E+01
  0.86102455E+00 -0.71002276E+01
  0.86572388E+00 -0.70858263E+01
  0.87042321E+00 -0.70716725E+01
  0.87512253E+00 -0.70577695E+01
  0.87982186E+00 -0.70441204E+01
  0.88452118E+00 -0.70307278E+01
  0.88922051E+00 -0.70175941E+01
  0.89391984E+00 -0.70047212E+01
  0.89861916E+00 -0.69921108E+01
  0.90331849E+00 -0.69797644E+01
  0.90801782E+00 -0.69676829E+01
  0.91271714E+00 -0.69558672E+01
  0.91741647E+00 -0.69443177E+01
  0.92211580E+00 -0.69330346E+01
  0.92681512E+00 -0.69220178E+01
  0.93151445E+00 -0.69112669E+01
  0.93621377E+00 -0.69007814E+01
  0.94091310E+00 -0.68905603E+01
  0.94561243E+00 -0.68806026E+01
  0.95031175E+00 -0.68709068E+01
  0.95501108E+00 -0.68614713E+01
  0.95971041E+00 -0.68522944E+01
  0.96440973E+00 -0.68433739E+01
  0.96910906E+00 -0.68347076E+01
  0.97380839E+00 -0.68262930E+01
  0.97850771E+00 -0.68181275E+01
  0.98320704E+00 -0.68102082E+01
  0.98790636E+00 -0.68025321E+01
  0.99260569E+00 -0.67950960E+01
  0.99730502E+00 -0.67878966E+01
  0.10020043E+01 -0.67809303E+01
  0.10067037E+01 -0.67741936E+01
  0.10114030E+01 -0.67676826E+01
  0.10161023E+01 -0.67613936E+01
  0.10208016E+01 -0.67553225E+01
  0.10255010E+01 -0.67494652E+01
  0.10302003E+01 -0.67438176E+01
  0.10348996E+01 -0.67383755E+01
  0.10395990E+01 -0.67331345E+01
  0.10442983E+01 -0.67280903E+01
  0.10489976E+01 -0.67232386E+01
  0.10536969E+01 -0.67185749E+01
  0.10583963E+01 -0.67140947E+01
  0.10630956E+01 -0.67097936E+01
  0.10677949E+01 -0.67056672E+01
  0.10724942E+01 -0.67017109E+01
  0.10771936E+01 -0.66979203E+01
  0.10818929E+01 -0.66942911E+01
  0.10865922E+01 -0.66908188E+01
  0.10912915E+01 -0.66874990E+01
  0.10959909E+01 -0.66843275E+01
  0.11006902E+01 -0.66813000E+01
  0.11053895E+01 -0.66784123E+01
  0.11100888E+01 -0.66756604E+01
  0.11147882E+01 -0.66730400E+01
  0.11194875E+01 -0.66705473E+01
  0.11241868E+01 -0.66681783E+01
  0.11288862E+01 -0.66659292E+01
  0.11335855E+01 -0.66637963E+01
  0.11382848E+01 -0.66617761E+01
  0.11429841E+01 -0.66598648E+01
  0.11476835E+01 -0.66580592E+01
  0.11523828E+01 -0.66563558E+01
  0.11570821E+01 -0.66547515E+01
  0.11617814E+01 -0.66532432E+01
  0.11664808E+01 -0.66518278E+01
  0.11711801E+01 -0.66505026E+01
  0.11758794E+01 -0.66492646E+01
  0.11805787E+01 -0.66481114E+01
  0.11852781E+01 -0.66470403E+01
  0.11899774E+01 -0.66460490E+01
  0.11946767E+01 -0.66451352E+01
  0.11993761E+01 -0.66442968E+01
  0.12040754E+01 -0.66435316E+01
  0.12087747E+01 -0.66428380E+01
  0.12134740E+01 -0.66422140E+01
  0.12181734E+01 -0.66416580E+01
  0.12228727E+01 -0.66411686E+01
  0.12275720E+01 -0.66407444E+01
  0.12322713E+01 -0.66403841E+01
  0.12369707E+01 -0.66400866E+01
  0.12416700E+01 -0.66398511E+01
  0.12463693E+01 -0.66396765E+01
  0.12510686E+01 -0.66395624E+01
  0.12557680E+01 -0.66395080E+01
  0.12604673E+01 -0.66395131E+01
  0.12651770E+01 -0.66396422E+01
  0.12698867E+01 -0.66400656E+01
  0.12745964E+01 -0.66407828E+01
  0.12793061E+01 -0.66417926E+01
  0.12840158E+01 -0.66430938E+01
  0.12887255E+01 -0.66446843E+01
  0.12934352E+01 -0.66465620E+01
  0.12981449E+01 -0.66487238E+01
  0.13028546E+01 -0.66511668E+01
  0.13075643E+01 -0.66538871E+01
  0.13122740E+01 -0.66568808E+01
  0.13169837E+01 -0.66601434E+01
  0.13216934E+01 -0.66636702E+01
  0.13264031E+01 -0.66674558E+01
  0.13311128E+01 -0.66714948E+01
  0.13358225E+01 -0.66757814E+01
  0.13405322E+01 -0.66803094E+01
  0.13452419E+01 -0.66850723E+01
  0.13499516E+01 -0.66900634E+01
  0.13546613E+01 -0.66952758E+01
  0.13593710E+01 -0.67007021E+01
  0.13640807E+01 -0.67063351E+01
  0.13687904E+01 -0.67121668E+01
  0.13735001E+01 -0.67181896E+01
  0.13782098E+01 -0.67243953E+01
  0.13829195E+01 -0.67307757E+01
  0.13876292E+01 -0.67373222E+01
  0.13923389E+01 -0.67440264E+01
  0.13970486E+01 -0.67508792E+01
  0.14017583E+01 -0.67578718E+01
  0.14064680E+01 -0.67649950E+01
  0.14111777E+01 -0.67722392E+01
  0.14158874E+01 -0.67795948E+01
  0.14205971E+01 -0.67870519E+01
  0.14253068E+01 -0.67946002E+01
  0.14300165E+01 -0.68022293E+01
  0.14347262E+01 -0.68099283E+01
  0.14394359E+01 -0.68176858E+01
  0.14441456E+01 -0.68254902E+01
  0.14488553E+01 -0.68333291E+01
  0.14535650E+01 -0.68411897E+01
  0.14582747E+01 -0.68490584E+01
  0.14629844E+01 -0.68569210E+01
  0.14676941E+01 -0.68647624E+01
  0.14724038E+01 -0.68725663E+01
  0.14771135E+01 -0.68803156E+01
  0.14818232E+01 -0.68879917E+01
  0.14865329E+01 -0.68955748E+01
  0.14912426E+01 -0.69030435E+01
  0.14959523E+01 -0.69103745E+01
  0.15006620E+01 -0.69175427E+01
  0.15053717E+01 -0.69245205E+01
  0.15100814E+01 -0.69312783E+01
  0.15147911E+01 -0.69377834E+01
  0.15195008E+01 -0.69440003E+01
  0.15242105E+01 -0.69498904E+01
  0.15289202E+01 -0.69554112E+01
  0.15336299E+01 -0.69605169E+01
  0.15383396E+01 -0.69651574E+01
  0.15430493E+01 -0.69692787E+01
  0.15477590E+01 -0.69728224E+01
  0.15524687E+01 -0.69757262E+01
  0.15571785E+01 -0.69779240E+01
  0.15618882E+01 -0.69793461E+01
  0.15665979E+01 -0.69799205E+01
  0.15713076E+01 -0.69795735E+01
  0.15760173E+01 -0.69782313E+01
  0.15807270E+01 -0.69758216E+01
  0.15854367E+01 -0.69722760E+01
  0.15901464E+01 -0.69675320E+01
  0.15948561E+01 -0.69615352E+01
  0.15995658E+01 -0.69542420E+01
  0.16042755E+01 -0.69456208E+01
  0.16089852E+01 -0.69356542E+01
  0.16136949E+01 -0.69243391E+01
  0.16184046E+01 -0.69116871E+01
  0.16231143E+01 -0.68977237E+01
  0.16278240E+01 -0.68824869E+01
  0.16325337E+01 -0.68660252E+01
  0.16372434E+01 -0.68483959E+01
  0.16419531E+01 -0.68296625E+01
  0.16466628E+01 -0.68098929E+01
  0.16513725E+01 -0.67891570E+01
  0.16560822E+01 -0.67675255E+01
  0.16607919E+01 -0.67450683E+01
  0.16655016E+01 -0.67218537E+01
  0.16702113E+01 -0.66979474E+01
  0.16749210E+01 -0.66734121E+01
  0.16796307E+01 -0.66483074E+01
  0.16843404E+01 -0.66226895E+01
  0.16890501E+01 -0.65966114E+01
  0.16937598E+01 -0.65701225E+01
  0.16984695E+01 -0.65432696E+01
  0.17031792E+01 -0.65160964E+01
  0.17078889E+01 -0.64886438E+01
  0.17125986E+01 -0.64609507E+01
  0.17173083E+01 -0.64330536E+01
  0.17220180E+01 -0.64049870E+01
  0.17267277E+01 -0.63767839E+01
  0.17314374E+01 -0.63484760E+01
  0.17361471E+01 -0.63209653E+01
  0.17408464E+01 -0.63211361E+01
  0.17455457E+01 -0.63214620E+01
  0.17502451E+01 -0.63219420E+01
  0.17549444E+01 -0.63225759E+01
  0.17596437E+01 -0.63233639E+01
  0.17643430E+01 -0.63243063E+01
  0.17690424E+01 -0.63254041E+01
  0.17737417E+01 -0.63266583E+01
  0.17784410E+01 -0.63280702E+01
  0.17831403E+01 -0.63296414E+01
  0.17878397E+01 -0.63313739E+01
  0.17925390E+01 -0.63332698E+01
  0.17972383E+01 -0.63353314E+01
  0.18019377E+01 -0.63375615E+01
  0.18066370E+01 -0.63399630E+01
  0.18113363E+01 -0.63425392E+01
  0.18160356E+01 -0.63452936E+01
  0.18207350E+01 -0.63482301E+01
  0.18254343E+01 -0.63513526E+01
  0.18301336E+01 -0.63546655E+01
  0.18348329E+01 -0.63581736E+01
  0.18395323E+01 -0.63618818E+01
  0.18442316E+01 -0.63657952E+01
  0.18489309E+01 -0.63699195E+01
  0.18536302E+01 -0.63742603E+01
  0.18583296E+01 -0.63788237E+01
  0.18630289E+01 -0.63836160E+01
  0.18677282E+01 -0.63886436E+01
  0.18724275E+01 -0.63939134E+01
  0.18771269E+01 -0.63994322E+01
  0.18818262E+01 -0.64052073E+01
  0.18865255E+01 -0.64112458E+01
  0.18912249E+01 -0.64175553E+01
  0.18959242E+01 -0.64241434E+01
  0.19006235E+01 -0.64310177E+01
  0.19053228E+01 -0.64381861E+01
  0.19100222E+01 -0.64456565E+01
  0.19147215E+01 -0.64534370E+01
  0.19194208E+01 -0.64615362E+01
  0.19241201E+01 -0.64699633E+01
  0.19288195E+01 -0.64787295E+01
  0.19335188E+01 -0.64878509E+01
  0.19382181E+01 -0.64973531E+01
  0.19429174E+01 -0.65072674E+01
  0.19476168E+01 -0.65176004E+01
  0.19523161E+01 -0.65283314E+01
  0.19570154E+01 -0.65394437E+01
  0.19617147E+01 -0.65509306E+01
  0.19664141E+01 -0.65627897E+01
  0.19711134E+01 -0.65750208E+01
  0.19758127E+01 -0.65876236E+01
  0.19805121E+01 -0.66005980E+01
  0.19852114E+01 -0.66139433E+01
  0.19899107E+01 -0.66276585E+01
  0.19946100E+01 -0.66417417E+01
  0.19993094E+01 -0.66561908E+01
  0.20040087E+01 -0.66710028E+01
  0.20087080E+01 -0.66861741E+01
  0.20134073E+01 -0.67017006E+01
  0.20181067E+01 -0.67175774E+01
  0.20228060E+01 -0.67337992E+01
  0.20275053E+01 -0.67503601E+01
  0.20322046E+01 -0.67672535E+01
  0.20369040E+01 -0.67844727E+01
  0.20416033E+01 -0.68020101E+01
  0.20463026E+01 -0.68198579E+01
  0.20510020E+01 -0.68380080E+01
  0.20557013E+01 -0.68564518E+01
  0.20604006E+01 -0.68751806E+01
  0.20650999E+01 -0.68941852E+01
  0.20697993E+01 -0.69134565E+01
  0.20744986E+01 -0.69329850E+01
  0.20791979E+01 -0.69527614E+01
  0.20838972E+01 -0.69727760E+01
  0.20885966E+01 -0.69930193E+01
  0.20932959E+01 -0.70134818E+01
  0.20979952E+01 -0.70341538E+01
  0.21026945E+01 -0.70550257E+01
  0.21073939E+01 -0.70760881E+01
  0.21120932E+01 -0.70973310E+01
  0.21167925E+01 -0.71187448E+01
  0.21214918E+01 -0.71403193E+01
  0.21261912E+01 -0.71620440E+01
  0.21308905E+01 -0.71839082E+01
  0.21355898E+01 -0.72059008E+01
  0.21402892E+01 -0.72280105E+01
  0.21449885E+01 -0.72502258E+01
  0.21496878E+01 -0.72725350E+01
  0.21543871E+01 -0.72949267E+01
  0.21590865E+01 -0.73173893E+01
  0.21637858E+01 -0.73399118E+01
  0.21684851E+01 -0.73624831E+01
  0.21731844E+01 -0.73850926E+01
  0.21778838E+01 -0.74077299E+01
  0.21825831E+01 -0.74303849E+01
  0.21872824E+01 -0.74530477E+01
  0.21919817E+01 -0.74757089E+01
  0.21966811E+01 -0.74983591E+01
  0.22013804E+01 -0.75209893E+01
  0.22060797E+01 -0.75435907E+01
  0.22107790E+01 -0.75661549E+01
  0.22154784E+01 -0.75886734E+01
  0.22201777E+01 -0.76111382E+01
  0.22248770E+01 -0.76335414E+01
  0.22295764E+01 -0.76558753E+01
  0.22342757E+01 -0.76781324E+01
  0.22389750E+01 -0.77003055E+01
  0.22436743E+01 -0.77223874E+01
  0.22483737E+01 -0.77443713E+01
  0.22530730E+01 -0.77662505E+01
  0.22577723E+01 -0.77880184E+01
  0.22624716E+01 -0.78096688E+01
  0.22671710E+01 -0.78311956E+01
  0.22718703E+01 -0.78525928E+01
  0.22765696E+01 -0.78738547E+01
  0.22812689E+01 -0.78949757E+01
  0.22859683E+01 -0.79159504E+01
  0.22906676E+01 -0.79367735E+01
  0.22953669E+01 -0.79574398E+01
  0.23000662E+01 -0.79779441E+01
  0.23047656E+01 -0.79982811E+01
  0.23094649E+01 -0.80184454E+01
  0.23141642E+01 -0.80384315E+01
  0.23188636E+01 -0.80582337E+01
  0.23235629E+01 -0.80778457E+01
  0.23282622E+01 -0.80972612E+01
  0.23329615E+01 -0.81164735E+01
  0.23376609E+01 -0.81354757E+01
  0.23423602E+01 -0.81542607E+01
  0.23470595E+01 -0.81728209E+01
  0.23517588E+01 -0.81911490E+01
  0.23564582E+01 -0.82092375E+01
  0.23611575E+01 -0.82270786E+01
  0.23658568E+01 -0.82446647E+01
  0.23705561E+01 -0.82619882E+01
  0.23752555E+01 -0.82790413E+01
  0.23799548E+01 -0.82958163E+01
  0.23846541E+01 -0.83123055E+01
  0.23893534E+01 -0.83285012E+01
  0.23940528E+01 -0.83443956E+01
  0.23987521E+01 -0.83599809E+01
  0.24034514E+01 -0.83752491E+01
  0.24081508E+01 -0.83901924E+01
  0.24128501E+01 -0.84048026E+01
  0.24175494E+01 -0.84190714E+01
  0.24222487E+01 -0.84329905E+01
  0.24269481E+01 -0.84465511E+01
  0.24316474E+01 -0.84597442E+01
  0.24363467E+01 -0.84725601E+01
  0.24410460E+01 -0.84849888E+01
  0.24457454E+01 -0.84970194E+01
  0.24504447E+01 -0.85086399E+01
  0.24551440E+01 -0.85198372E+01
  0.24598433E+01 -0.85305960E+01
  0.24645427E+01 -0.85408991E+01
  0.24692420E+01 -0.85507259E+01
  0.24739413E+01 -0.85600514E+01
  0.24786406E+01 -0.85688452E+01
  0.24833400E+01 -0.85770692E+01
  0.24880393E+01 -0.85846749E+01
  0.24927386E+01 -0.85916008E+01
  0.24974380E+01 -0.85977687E+01
  0.25021373E+01 -0.86030811E+01
  0.25068366E+01 -0.86074217E+01
  0.25115359E+01 -0.86106614E+01
  0.25162353E+01 -0.86126756E+01
  0.25209346E+01 -0.86133700E+01
  
  0.00000000E+00 -0.86000885E+01
  0.47097009E-02 -0.85955754E+01
  0.94194018E-02 -0.85873638E+01
  0.14129103E-01 -0.85783114E+01
  0.18838804E-01 -0.85688622E+01
  0.23548505E-01 -0.85591272E+01
  0.28258205E-01 -0.85491475E+01
  0.32967906E-01 -0.85389432E+01
  0.37677607E-01 -0.85285262E+01
  0.42387308E-01 -0.85179047E+01
  0.47097009E-01 -0.85070855E+01
  0.51806710E-01 -0.84960745E+01
  0.56516411E-01 -0.84848772E+01
  0.61226112E-01 -0.84734988E+01
  0.65935813E-01 -0.84619448E+01
  0.70645514E-01 -0.84502204E+01
  0.75355215E-01 -0.84383310E+01
  0.80064916E-01 -0.84262821E+01
  0.84774616E-01 -0.84140793E+01
  0.89484317E-01 -0.84017282E+01
  0.94194018E-01 -0.83892346E+01
  0.98903719E-01 -0.83766042E+01
  0.10361342E+00 -0.83638431E+01
  0.10832312E+00 -0.83509571E+01
  0.11303282E+00 -0.83379523E+01
  0.11774252E+00 -0.83248348E+01
  0.12245222E+00 -0.83116106E+01
  0.12716192E+00 -0.82982859E+01
  0.13187163E+00 -0.82848667E+01
  0.13658133E+00 -0.82713591E+01
  0.14129103E+00 -0.82577693E+01
  0.14600073E+00 -0.82441034E+01
  0.15071043E+00 -0.82303674E+01
  0.15542013E+00 -0.82165674E+01
  0.16012983E+00 -0.82027093E+01
  0.16483953E+00 -0.81887992E+01
  0.16954923E+00 -0.81748429E+01
  0.17425893E+00 -0.81608464E+01
  0.17896863E+00 -0.81468156E+01
  0.18367834E+00 -0.81327562E+01
  0.18838804E+00 -0.81186742E+01
  0.19309774E+00 -0.81045752E+01
  0.19780744E+00 -0.80904651E+01
  0.20251714E+00 -0.80763497E+01
  0.20722684E+00 -0.80622347E+01
  0.21193654E+00 -0.80481259E+01
  0.21664624E+00 -0.80340290E+01
  0.22135594E+00 -0.80199500E+01
  0.22606564E+00 -0.80058947E+01
  0.23077534E+00 -0.79918690E+01
  0.23548505E+00 -0.79778789E+01
  0.24019475E+00 -0.79639305E+01
  0.24490445E+00 -0.79500300E+01
  0.24961415E+00 -0.79361837E+01
  0.25432385E+00 -0.79223979E+01
  0.25903355E+00 -0.79086792E+01
  0.26374325E+00 -0.78950344E+01
  0.26845295E+00 -0.78814703E+01
  0.27316265E+00 -0.78679939E+01
  0.27787235E+00 -0.78546127E+01
  0.28258205E+00 -0.78413339E+01
  0.28729176E+00 -0.78281654E+01
  0.29200146E+00 -0.78151150E+01
  0.29671116E+00 -0.78021911E+01
  0.30142086E+00 -0.77894020E+01
  0.30613056E+00 -0.77767566E+01
  0.31084026E+00 -0.77642637E+01
  0.31554996E+00 -0.77519329E+01
  0.32025966E+00 -0.77397736E+01
  0.32496936E+00 -0.77277958E+01
  0.32967906E+00 -0.77160097E+01
  0.33438876E+00 -0.77044258E+01
  0.33909847E+00 -0.76930548E+01
  0.34380817E+00 -0.76819079E+01
  0.34851787E+00 -0.76709965E+01
  0.35322757E+00 -0.76603319E+01
  0.35793727E+00 -0.76499262E+01
  0.36264697E+00 -0.76397914E+01
  0.36735667E+00 -0.76299395E+01
  0.37206637E+00 -0.76203831E+01
  0.37677607E+00 -0.76111345E+01
  0.38148577E+00 -0.76022063E+01
  0.38619547E+00 -0.75936110E+01
  0.39090518E+00 -0.75853612E+01
  0.39561488E+00 -0.75774693E+01
  0.40032458E+00 -0.75699476E+01
  0.40503428E+00 -0.75628082E+01
  0.40974398E+00 -0.75560630E+01
  0.41445368E+00 -0.75497235E+01
  0.41916338E+00 -0.75438009E+01
  0.42387308E+00 -0.75383057E+01
  0.42858278E+00 -0.75332482E+01
  0.43329248E+00 -0.75286379E+01
  0.43800218E+00 -0.75244837E+01
  0.44271189E+00 -0.75207938E+01
  0.44742159E+00 -0.75175755E+01
  0.45213129E+00 -0.75148355E+01
  0.45684099E+00 -0.75125794E+01
  0.46155069E+00 -0.75108120E+01
  0.46626039E+00 -0.75095371E+01
  0.47097009E+00 -0.75087574E+01
  0.47567979E+00 -0.75084748E+01
  0.48037912E+00 -0.75080753E+01
  0.48507844E+00 -0.75068851E+01
  0.48977777E+00 -0.75049070E+01
  0.49447710E+00 -0.75021454E+01
  0.49917642E+00 -0.74986067E+01
  0.50387575E+00 -0.74942991E+01
  0.50857508E+00 -0.74892319E+01
  0.51327440E+00 -0.74834164E+01
  0.51797373E+00 -0.74768650E+01
  0.52267306E+00 -0.74695914E+01
  0.52737238E+00 -0.74616102E+01
  0.53207171E+00 -0.74529372E+01
  0.53677103E+00 -0.74435889E+01
  0.54147036E+00 -0.74335824E+01
  0.54616969E+00 -0.74229353E+01
  0.55086901E+00 -0.74116659E+01
  0.55556834E+00 -0.73997926E+01
  0.56026767E+00 -0.73873341E+01
  0.56496699E+00 -0.73743092E+01
  0.56966632E+00 -0.73607369E+01
  0.57436565E+00 -0.73466360E+01
  0.57906497E+00 -0.73320255E+01
  0.58376430E+00 -0.73169242E+01
  0.58846362E+00 -0.73013508E+01
  0.59316295E+00 -0.72853240E+01
  0.59786228E+00 -0.72688623E+01
  0.60256160E+00 -0.72519840E+01
  0.60726093E+00 -0.72347074E+01
  0.61196026E+00 -0.72170505E+01
  0.61665958E+00 -0.71990314E+01
  0.62135891E+00 -0.71806680E+01
  0.62605824E+00 -0.71619780E+01
  0.63075756E+00 -0.71429792E+01
  0.63545689E+00 -0.71236894E+01
  0.64015621E+00 -0.71041261E+01
  0.64485554E+00 -0.70843072E+01
  0.64955487E+00 -0.70642503E+01
  0.65425419E+00 -0.70439733E+01
  0.65895352E+00 -0.70234941E+01
  0.66365285E+00 -0.70028305E+01
  0.66835217E+00 -0.69820009E+01
  0.67305150E+00 -0.69610233E+01
  0.67775083E+00 -0.69399162E+01
  0.68245015E+00 -0.69186983E+01
  0.68714948E+00 -0.68973882E+01
  0.69184880E+00 -0.68760050E+01
  0.69654813E+00 -0.68545678E+01
  0.70124746E+00 -0.68330958E+01
  0.70594678E+00 -0.68116087E+01
  0.71064611E+00 -0.67901259E+01
  0.71534544E+00 -0.67686673E+01
  0.72004476E+00 -0.67472526E+01
  0.72474409E+00 -0.67259016E+01
  0.72944342E+00 -0.67046340E+01
  0.73414274E+00 -0.66834696E+01
  0.73884207E+00 -0.66624278E+01
  0.74354139E+00 -0.66415277E+01
  0.74824072E+00 -0.66207882E+01
  0.75294005E+00 -0.66002276E+01
  0.75763937E+00 -0.65798636E+01
  0.76233870E+00 -0.65597133E+01
  0.76703803E+00 -0.65397928E+01
  0.77173735E+00 -0.65201175E+01
  0.77643668E+00 -0.65007018E+01
  0.78113601E+00 -0.64815587E+01
  0.78583533E+00 -0.64627004E+01
  0.79053466E+00 -0.64441377E+01
  0.79523398E+00 -0.64258804E+01
  0.79993331E+00 -0.64079367E+01
  0.80463264E+00 -0.63903142E+01
  0.80933196E+00 -0.63730189E+01
  0.81403129E+00 -0.63560562E+01
  0.81873062E+00 -0.63394305E+01
  0.82342994E+00 -0.63231458E+01
  0.82812927E+00 -0.63072054E+01
  0.83282859E+00 -0.62916125E+01
  0.83752792E+00 -0.62763706E+01
  0.84222725E+00 -0.62614832E+01
  0.84692657E+00 -0.62469545E+01
  0.85162590E+00 -0.62327895E+01
  0.85632523E+00 -0.62189944E+01
  0.86102455E+00 -0.62055762E+01
  0.86572388E+00 -0.61925439E+01
  0.87042321E+00 -0.61799073E+01
  0.87512253E+00 -0.61676783E+01
  0.87982186E+00 -0.61558699E+01
  0.88452118E+00 -0.61444966E+01
  0.88922051E+00 -0.61335741E+01
  0.89391984E+00 -0.61231188E+01
  0.89861916E+00 -0.61131477E+01
  0.90331849E+00 -0.61036779E+01
  0.90801782E+00 -0.60947257E+01
  0.91271714E+00 -0.60863067E+01
  0.91741647E+00 -0.60784344E+01
  0.92211580E+00 -0.60711205E+01
  0.92681512E+00 -0.60643735E+01
  0.93151445E+00 -0.60581990E+01
  0.93621377E+00 -0.60525989E+01
  0.94091310E+00 -0.60475712E+01
  0.94561243E+00 -0.60431101E+01
  0.95031175E+00 -0.60392061E+01
  0.95501108E+00 -0.60358459E+01
  0.95971041E+00 -0.60330130E+01
  0.96440973E+00 -0.60306879E+01
  0.96910906E+00 -0.60288486E+01
  0.97380839E+00 -0.60274715E+01
  0.97850771E+00 -0.60265310E+01
  0.98320704E+00 -0.60260010E+01
  0.98790636E+00 -0.60258544E+01
  0.99260569E+00 -0.60260644E+01
  0.99730502E+00 -0.60266041E+01
  0.10020043E+01 -0.60274472E+01
  0.10067037E+01 -0.60285679E+01
  0.10114030E+01 -0.60299417E+01
  0.10161023E+01 -0.60315446E+01
  0.10208016E+01 -0.60333542E+01
  0.10255010E+01 -0.60353489E+01
  0.10302003E+01 -0.60375083E+01
  0.10348996E+01 -0.60398134E+01
  0.10395990E+01 -0.60422461E+01
  0.10442983E+01 -0.60447897E+01
  0.10489976E+01 -0.60474282E+01
  0.10536969E+01 -0.60501471E+01
  0.10583963E+01 -0.60529324E+01
  0.10630956E+01 -0.60557715E+01
  0.10677949E+01 -0.60586522E+01
  0.10724942E+01 -0.60615636E+01
  0.10771936E+01 -0.60644952E+01
  0.10818929E+01 -0.60674374E+01
  0.10865922E+01 -0.60703811E+01
  0.10912915E+01 -0.60733181E+01
  0.10959909E+01 -0.60762405E+01
  0.11006902E+01 -0.60791409E+01
  0.11053895E+01 -0.60820128E+01
  0.11100888E+01 -0.60848496E+01
  0.11147882E+01 -0.60876456E+01
  0.11194875E+01 -0.60903953E+01
  0.11241868E+01 -0.60930934E+01
  0.11288862E+01 -0.60957353E+01
  0.11335855E+01 -0.60983164E+01
  0.11382848E+01 -0.61008326E+01
  0.11429841E+01 -0.61032799E+01
  0.11476835E+01 -0.61056549E+01
  0.11523828E+01 -0.61079539E+01
  0.11570821E+01 -0.61101740E+01
  0.11617814E+01 -0.61123121E+01
  0.11664808E+01 -0.61143655E+01
  0.11711801E+01 -0.61163317E+01
  0.11758794E+01 -0.61182083E+01
  0.11805787E+01 -0.61199930E+01
  0.11852781E+01 -0.61216840E+01
  0.11899774E+01 -0.61232792E+01
  0.11946767E+01 -0.61247769E+01
  0.11993761E+01 -0.61261757E+01
  0.12040754E+01 -0.61274740E+01
  0.12087747E+01 -0.61286706E+01
  0.12134740E+01 -0.61297643E+01
  0.12181734E+01 -0.61307540E+01
  0.12228727E+01 -0.61316388E+01
  0.12275720E+01 -0.61324179E+01
  0.12322713E+01 -0.61330907E+01
  0.12369707E+01 -0.61336565E+01
  0.12416700E+01 -0.61341149E+01
  0.12463693E+01 -0.61344655E+01
  0.12510686E+01 -0.61347081E+01
  0.12557680E+01 -0.61348426E+01
  0.12604673E+01 -0.61348690E+01
  0.12651770E+01 -0.61346695E+01
  0.12698867E+01 -0.61339539E+01
  0.12745964E+01 -0.61327228E+01
  0.12793061E+01 -0.61309769E+01
  0.12840158E+01 -0.61287181E+01
  0.12887255E+01 -0.61259482E+01
  0.12934352E+01 -0.61226701E+01
  0.12981449E+01 -0.61188869E+01
  0.13028546E+01 -0.61146025E+01
  0.13075643E+01 -0.61098212E+01
  0.13122740E+01 -0.61045479E+01
  0.13169837E+01 -0.60987880E+01
  0.13216934E+01 -0.60925475E+01
  0.13264031E+01 -0.60858329E+01
  0.13311128E+01 -0.60786512E+01
  0.13358225E+01 -0.60710099E+01
  0.13405322E+01 -0.60629171E+01
  0.13452419E+01 -0.60543813E+01
  0.13499516E+01 -0.60454117E+01
  0.13546613E+01 -0.60360177E+01
  0.13593710E+01 -0.60262095E+01
  0.13640807E+01 -0.60159979E+01
  0.13687904E+01 -0.60053939E+01
  0.13735001E+01 -0.59944093E+01
  0.13782098E+01 -0.59830565E+01
  0.13829195E+01 -0.59713484E+01
  0.13876292E+01 -0.59592987E+01
  0.13923389E+01 -0.59469217E+01
  0.13970486E+01 -0.59342323E+01
  0.14017583E+01 -0.59212465E+01
  0.14064680E+01 -0.59079810E+01
  0.14111777E+01 -0.58944533E+01
  0.14158874E+01 -0.58806823E+01
  0.14205971E+01 -0.58666876E+01
  0.14253068E+01 -0.58524903E+01
  0.14300165E+01 -0.58381130E+01
  0.14347262E+01 -0.58235795E+01
  0.14394359E+01 -0.58089155E+01
  0.14441456E+01 -0.57941486E+01
  0.14488553E+01 -0.57793083E+01
  0.14535650E+01 -0.57644267E+01
  0.14582747E+01 -0.57495382E+01
  0.14629844E+01 -0.57346802E+01
  0.14676941E+01 -0.57198932E+01
  0.14724038E+01 -0.57052210E+01
  0.14771135E+01 -0.56907115E+01
  0.14818232E+01 -0.56764163E+01
  0.14865329E+01 -0.56623917E+01
  0.14912426E+01 -0.56486988E+01
  0.14959523E+01 -0.56354035E+01
  0.15006620E+01 -0.56225771E+01
  0.15053717E+01 -0.56102963E+01
  0.15100814E+01 -0.55986428E+01
  0.15147911E+01 -0.55877037E+01
  0.15195008E+01 -0.55775704E+01
  0.15242105E+01 -0.55683382E+01
  0.15289202E+01 -0.55601049E+01
  0.15336299E+01 -0.55529693E+01
  0.15383396E+01 -0.55470293E+01
  0.15430493E+01 -0.55423792E+01
  0.15477590E+01 -0.55391075E+01
  0.15524687E+01 -0.55372935E+01
  0.15571785E+01 -0.55370052E+01
  0.15618882E+01 -0.55382959E+01
  0.15665979E+01 -0.55412028E+01
  0.15713076E+01 -0.55457453E+01
  0.15760173E+01 -0.55519248E+01
  0.15807270E+01 -0.55597247E+01
  0.15854367E+01 -0.55691123E+01
  0.15901464E+01 -0.55800398E+01
  0.15948561E+01 -0.55924477E+01
  0.15995658E+01 -0.56062667E+01
  0.16042755E+01 -0.56214211E+01
  0.16089852E+01 -0.56378308E+01
  0.16136949E+01 -0.56554136E+01
  0.16184046E+01 -0.56740877E+01
  0.16231143E+01 -0.56937726E+01
  0.16278240E+01 -0.57143903E+01
  0.16325337E+01 -0.57358665E+01
  0.16372434E+01 -0.57581307E+01
  0.16419531E+01 -0.57811166E+01
  0.16466628E+01 -0.58047623E+01
  0.16513725E+01 -0.58290100E+01
  0.16560822E+01 -0.58538060E+01
  0.16607919E+01 -0.58791002E+01
  0.16655016E+01 -0.59048464E+01
  0.16702113E+01 -0.59310013E+01
  0.16749210E+01 -0.59575246E+01
  0.16796307E+01 -0.59843784E+01
  0.16843404E+01 -0.60115273E+01
  0.16890501E+01 -0.60389377E+01
  0.16937598E+01 -0.60665776E+01
  0.16984695E+01 -0.60944168E+01
  0.17031792E+01 -0.61224257E+01
  0.17078889E+01 -0.61505759E+01
  0.17125986E+01 -0.61788396E+01
  0.17173083E+01 -0.62071894E+01
  0.17220180E+01 -0.62355983E+01
  0.17267277E+01 -0.62640391E+01
  0.17314374E+01 -0.62924843E+01
  0.17361471E+01 -0.63200344E+01
  0.17408464E+01 -0.63199781E+01
  0.17455457E+01 -0.63200755E+01
  0.17502451E+01 -0.63203284E+01
  0.17549444E+01 -0.63207385E+01
  0.17596437E+01 -0.63213074E+01
  0.17643430E+01 -0.63220371E+01
  0.17690424E+01 -0.63229294E+01
  0.17737417E+01 -0.63239866E+01
  0.17784410E+01 -0.63252111E+01
  0.17831403E+01 -0.63266054E+01
  0.17878397E+01 -0.63281723E+01
  0.17925390E+01 -0.63299149E+01
  0.17972383E+01 -0.63318365E+01
  0.18019377E+01 -0.63339404E+01
  0.18066370E+01 -0.63362305E+01
  0.18113363E+01 -0.63387105E+01
  0.18160356E+01 -0.63413848E+01
  0.18207350E+01 -0.63442575E+01
  0.18254343E+01 -0.63473334E+01
  0.18301336E+01 -0.63506171E+01
  0.18348329E+01 -0.63541137E+01
  0.18395323E+01 -0.63578285E+01
  0.18442316E+01 -0.63617667E+01
  0.18489309E+01 -0.63659340E+01
  0.18536302E+01 -0.63703362E+01
  0.18583296E+01 -0.63749792E+01
  0.18630289E+01 -0.63798691E+01
  0.18677282E+01 -0.63850120E+01
  0.18724275E+01 -0.63904144E+01
  0.18771269E+01 -0.63960826E+01
  0.18818262E+01 -0.64020231E+01
  0.18865255E+01 -0.64082424E+01
  0.18912249E+01 -0.64147471E+01
  0.18959242E+01 -0.64215437E+01
  0.19006235E+01 -0.64286385E+01
  0.19053228E+01 -0.64360379E+01
  0.19100222E+01 -0.64437479E+01
  0.19147215E+01 -0.64517741E+01
  0.19194208E+01 -0.64601216E+01
  0.19241201E+01 -0.64687942E+01
  0.19288195E+01 -0.64777935E+01
  0.19335188E+01 -0.64871157E+01
  0.19382181E+01 -0.64967467E+01
  0.19429174E+01 -0.65066661E+01
  0.19476168E+01 -0.65168775E+01
  0.19523161E+01 -0.65274108E+01
  0.19570154E+01 -0.65382908E+01
  0.19617147E+01 -0.65495316E+01
  0.19664141E+01 -0.65611414E+01
  0.19711134E+01 -0.65731257E+01
  0.19758127E+01 -0.65854879E+01
  0.19805121E+01 -0.65982308E+01
  0.19852114E+01 -0.66113558E+01
  0.19899107E+01 -0.66248635E+01
  0.19946100E+01 -0.66387538E+01
  0.19993094E+01 -0.66530256E+01
  0.20040087E+01 -0.66676771E+01
  0.20087080E+01 -0.66827055E+01
  0.20134073E+01 -0.66981074E+01
  0.20181067E+01 -0.67138785E+01
  0.20228060E+01 -0.67300137E+01
  0.20275053E+01 -0.67465073E+01
  0.20322046E+01 -0.67633527E+01
  0.20369040E+01 -0.67805426E+01
  0.20416033E+01 -0.67980692E+01
  0.20463026E+01 -0.68159240E+01
  0.20510020E+01 -0.68340978E+01
  0.20557013E+01 -0.68525809E+01
  0.20604006E+01 -0.68713633E+01
  0.20650999E+01 -0.68904342E+01
  0.20697993E+01 -0.69097826E+01
  0.20744986E+01 -0.69293971E+01
  0.20791979E+01 -0.69492659E+01
  0.20838972E+01 -0.69693768E+01
  0.20885966E+01 -0.69897175E+01
  0.20932959E+01 -0.70102755E+01
  0.20979952E+01 -0.70310381E+01
  0.21026945E+01 -0.70519924E+01
  0.21073939E+01 -0.70731258E+01
  0.21120932E+01 -0.70944255E+01
  0.21167925E+01 -0.71158793E+01
  0.21214918E+01 -0.71374750E+01
  0.21261912E+01 -0.71592011E+01
  0.21308905E+01 -0.71810467E+01
  0.21355898E+01 -0.72030013E+01
  0.21402892E+01 -0.72250549E+01
  0.21449885E+01 -0.72471982E+01
  0.21496878E+01 -0.72694220E+01
  0.21543871E+01 -0.72917175E+01
  0.21590865E+01 -0.73140760E+01
  0.21637858E+01 -0.73364890E+01
  0.21684851E+01 -0.73589481E+01
  0.21731844E+01 -0.73814448E+01
  0.21778838E+01 -0.74039710E+01
  0.21825831E+01 -0.74265182E+01
  0.21872824E+01 -0.74490782E+01
  0.21919817E+01 -0.74716429E+01
  0.21966811E+01 -0.74942041E+01
  0.22013804E+01 -0.75167539E+01
  0.22060797E+01 -0.75392840E+01
  0.22107790E+01 -0.75617867E+01
  0.22154784E+01 -0.75842540E+01
  0.22201777E+01 -0.76066781E+01
  0.22248770E+01 -0.76290512E+01
  0.22295764E+01 -0.76513655E+01
  0.22342757E+01 -0.76736133E+01
  0.22389750E+01 -0.76957870E+01
  0.22436743E+01 -0.77178788E+01
  0.22483737E+01 -0.77398812E+01
  0.22530730E+01 -0.77617864E+01
  0.22577723E+01 -0.77835867E+01
  0.22624716E+01 -0.78052745E+01
  0.22671710E+01 -0.78268419E+01
  0.22718703E+01 -0.78482811E+01
  0.22765696E+01 -0.78695842E+01
  0.22812689E+01 -0.78907433E+01
  0.22859683E+01 -0.79117505E+01
  0.22906676E+01 -0.79325976E+01
  0.22953669E+01 -0.79532767E+01
  0.23000662E+01 -0.79737798E+01
  0.23047656E+01 -0.79940991E+01
  0.23094649E+01 -0.80142269E+01
  0.23141642E+01 -0.80341557E+01
  0.23188636E+01 -0.80538784E+01
  0.23235629E+01 -0.80733882E+01
  0.23282622E+01 -0.80926784E+01
  0.23329615E+01 -0.81117429E+01
  0.23376609E+01 -0.81305757E+01
  0.23423602E+01 -0.81491711E+01
  0.23470595E+01 -0.81675235E+01
  0.23517588E+01 -0.81856273E+01
  0.23564582E+01 -0.82034773E+01
  0.23611575E+01 -0.82210679E+01
  0.23658568E+01 -0.82383937E+01
  0.23705561E+01 -0.82554493E+01
  0.23752555E+01 -0.82722291E+01
  0.23799548E+01 -0.82887274E+01
  0.23846541E+01 -0.83049386E+01
  0.23893534E+01 -0.83208566E+01
  0.23940528E+01 -0.83364755E+01
  0.23987521E+01 -0.83517890E+01
  0.24034514E+01 -0.83667907E+01
  0.24081508E+01 -0.83814740E+01
  0.24128501E+01 -0.83958318E+01
  0.24175494E+01 -0.84098568E+01
  0.24222487E+01 -0.84235415E+01
  0.24269481E+01 -0.84368775E+01
  0.24316474E+01 -0.84498562E+01
  0.24363467E+01 -0.84624679E+01
  0.24410460E+01 -0.84747024E+01
  0.24457454E+01 -0.84865482E+01
  0.24504447E+01 -0.84979923E+01
  0.24551440E+01 -0.85090203E+01
  0.24598433E+01 -0.85196152E+01
  0.24645427E+01 -0.85297575E+01
  0.24692420E+01 -0.85394238E+01
  0.24739413E+01 -0.85485863E+01
  0.24786406E+01 -0.85572111E+01
  0.24833400E+01 -0.85652564E+01
  0.24880393E+01 -0.85726710E+01
  0.24927386E+01 -0.85793916E+01
  0.24974380E+01 -0.85853411E+01
  0.25021373E+01 -0.85904278E+01
  0.25068366E+01 -0.85945479E+01
  0.25115359E+01 -0.85975929E+01
  0.25162353E+01 -0.85994634E+01
  0.25209346E+01 -0.86000885E+01
  
  0.00000000E+00 -0.44065889E+01
  0.47097009E-02 -0.44130145E+01
  0.94194018E-02 -0.44218277E+01
  0.14129103E-01 -0.44310352E+01
  0.18838804E-01 -0.44404486E+01
  0.23548505E-01 -0.44500028E+01
  0.28258205E-01 -0.44596601E+01
  0.32967906E-01 -0.44693928E+01
  0.37677607E-01 -0.44791791E+01
  0.42387308E-01 -0.44890011E+01
  0.47097009E-01 -0.44988432E+01
  0.51806710E-01 -0.45086923E+01
  0.56516411E-01 -0.45185367E+01
  0.61226112E-01 -0.45283663E+01
  0.65935813E-01 -0.45381721E+01
  0.70645514E-01 -0.45479460E+01
  0.75355215E-01 -0.45576808E+01
  0.80064916E-01 -0.45673698E+01
  0.84774616E-01 -0.45770074E+01
  0.89484317E-01 -0.45865880E+01
  0.94194018E-01 -0.45961068E+01
  0.98903719E-01 -0.46055595E+01
  0.10361342E+00 -0.46149423E+01
  0.10832312E+00 -0.46242518E+01
  0.11303282E+00 -0.46334857E+01
  0.11774252E+00 -0.46426438E+01
  0.12245222E+00 -0.46517313E+01
  0.12716192E+00 -0.46607815E+01
  0.13187163E+00 -0.46703326E+01
  0.13658133E+00 -0.46935949E+01
  0.14129103E+00 -0.47217176E+01
  0.14600073E+00 -0.47501510E+01
  0.15071043E+00 -0.47787595E+01
  0.15542013E+00 -0.48074872E+01
  0.16012983E+00 -0.48362932E+01
  0.16483953E+00 -0.48651430E+01
  0.16954923E+00 -0.48940061E+01
  0.17425893E+00 -0.49228554E+01
  0.17896863E+00 -0.49516659E+01
  0.18367834E+00 -0.49804146E+01
  0.18838804E+00 -0.50090803E+01
  0.19309774E+00 -0.50376431E+01
  0.19780744E+00 -0.50660844E+01
  0.20251714E+00 -0.50943864E+01
  0.20722684E+00 -0.51225324E+01
  0.21193654E+00 -0.51505065E+01
  0.21664624E+00 -0.51782934E+01
  0.22135594E+00 -0.52058783E+01
  0.22606564E+00 -0.52332471E+01
  0.23077534E+00 -0.52603863E+01
  0.23548505E+00 -0.52872824E+01
  0.24019475E+00 -0.53139227E+01
  0.24490445E+00 -0.53402945E+01
  0.24961415E+00 -0.53663856E+01
  0.25432385E+00 -0.53921841E+01
  0.25903355E+00 -0.54176782E+01
  0.26374325E+00 -0.54428562E+01
  0.26845295E+00 -0.54677068E+01
  0.27316265E+00 -0.54922189E+01
  0.27787235E+00 -0.55163812E+01
  0.28258205E+00 -0.55401828E+01
  0.28729176E+00 -0.55636129E+01
  0.29200146E+00 -0.55866606E+01
  0.29671116E+00 -0.56093153E+01
  0.30142086E+00 -0.56315662E+01
  0.30613056E+00 -0.56534028E+01
  0.31084026E+00 -0.56748145E+01
  0.31554996E+00 -0.56957907E+01
  0.32025966E+00 -0.57163210E+01
  0.32496936E+00 -0.57363947E+01
  0.32967906E+00 -0.57560016E+01
  0.33438876E+00 -0.57751310E+01
  0.33909847E+00 -0.57937725E+01
  0.34380817E+00 -0.58119158E+01
  0.34851787E+00 -0.58295503E+01
  0.35322757E+00 -0.58466658E+01
  0.35793727E+00 -0.58632518E+01
  0.36264697E+00 -0.58792980E+01
  0.36735667E+00 -0.58947943E+01
  0.37206637E+00 -0.59097305E+01
  0.37677607E+00 -0.59240964E+01
  0.38148577E+00 -0.59378821E+01
  0.38619547E+00 -0.59510777E+01
  0.39090518E+00 -0.59636735E+01
  0.39561488E+00 -0.59756601E+01
  0.40032458E+00 -0.59870281E+01
  0.40503428E+00 -0.59977683E+01
  0.40974398E+00 -0.60078720E+01
  0.41445368E+00 -0.60173305E+01
  0.41916338E+00 -0.60261357E+01
  0.42387308E+00 -0.60342797E+01
  0.42858278E+00 -0.60417550E+01
  0.43329248E+00 -0.60485545E+01
  0.43800218E+00 -0.60546716E+01
  0.44271189E+00 -0.60601001E+01
  0.44742159E+00 -0.60648346E+01
  0.45213129E+00 -0.60688698E+01
  0.45684099E+00 -0.60722013E+01
  0.46155069E+00 -0.60748252E+01
  0.46626039E+00 -0.60767383E+01
  0.47097009E+00 -0.60779379E+01
  0.47567979E+00 -0.60784221E+01
  0.48037912E+00 -0.60784528E+01
  0.48507844E+00 -0.60786507E+01
  0.48977777E+00 -0.60790145E+01
  0.49447710E+00 -0.60795418E+01
  0.49917642E+00 -0.60802290E+01
  0.50387575E+00 -0.60810715E+01
  0.50857508E+00 -0.60820636E+01
  0.51327440E+00 -0.60831987E+01
  0.51797373E+00 -0.60844689E+01
  0.52267306E+00 -0.60858657E+01
  0.52737238E+00 -0.60873795E+01
  0.53207171E+00 -0.60890001E+01
  0.53677103E+00 -0.60907164E+01
  0.54147036E+00 -0.60925163E+01
  0.54616969E+00 -0.60943876E+01
  0.55086901E+00 -0.60963169E+01
  0.55556834E+00 -0.60982907E+01
  0.56026767E+00 -0.61002948E+01
  0.56496699E+00 -0.61023145E+01
  0.56966632E+00 -0.61043348E+01
  0.57436565E+00 -0.61063404E+01
  0.57906497E+00 -0.61083156E+01
  0.58376430E+00 -0.61102446E+01
  0.58846362E+00 -0.61121112E+01
  0.59316295E+00 -0.61138991E+01
  0.59786228E+00 -0.61155921E+01
  0.60256160E+00 -0.61171737E+01
  0.60726093E+00 -0.61186273E+01
  0.61196026E+00 -0.61199364E+01
  0.61665958E+00 -0.61210845E+01
  0.62135891E+00 -0.61220551E+01
  0.62605824E+00 -0.61228319E+01
  0.63075756E+00 -0.61233985E+01
  0.63545689E+00 -0.61237388E+01
  0.64015621E+00 -0.61238366E+01
  0.64485554E+00 -0.61236762E+01
  0.64955487E+00 -0.61232419E+01
  0.65425419E+00 -0.61225182E+01
  0.65895352E+00 -0.61214898E+01
  0.66365285E+00 -0.61201419E+01
  0.66835217E+00 -0.61184597E+01
  0.67305150E+00 -0.61164288E+01
  0.67775083E+00 -0.61140353E+01
  0.68245015E+00 -0.61112653E+01
  0.68714948E+00 -0.61081055E+01
  0.69184880E+00 -0.61045431E+01
  0.69654813E+00 -0.61005654E+01
  0.70124746E+00 -0.60961604E+01
  0.70594678E+00 -0.60913164E+01
  0.71064611E+00 -0.60860223E+01
  0.71534544E+00 -0.60802674E+01
  0.72004476E+00 -0.60740417E+01
  0.72474409E+00 -0.60673355E+01
  0.72944342E+00 -0.60601400E+01
  0.73414274E+00 -0.60524466E+01
  0.73884207E+00 -0.60442477E+01
  0.74354139E+00 -0.60355361E+01
  0.74824072E+00 -0.60263053E+01
  0.75294005E+00 -0.60165494E+01
  0.75763937E+00 -0.60062634E+01
  0.76233870E+00 -0.59954428E+01
  0.76703803E+00 -0.59840838E+01
  0.77173735E+00 -0.59721835E+01
  0.77643668E+00 -0.59597395E+01
  0.78113601E+00 -0.59467502E+01
  0.78583533E+00 -0.59332148E+01
  0.79053466E+00 -0.59191331E+01
  0.79523398E+00 -0.59045057E+01
  0.79993331E+00 -0.58893339E+01
  0.80463264E+00 -0.58736196E+01
  0.80933196E+00 -0.58573654E+01
  0.81403129E+00 -0.58405747E+01
  0.81873062E+00 -0.58232512E+01
  0.82342994E+00 -0.58053997E+01
  0.82812927E+00 -0.57870251E+01
  0.83282859E+00 -0.57681332E+01
  0.83752792E+00 -0.57487302E+01
  0.84222725E+00 -0.57288228E+01
  0.84692657E+00 -0.57084182E+01
  0.85162590E+00 -0.56875241E+01
  0.85632523E+00 -0.56661486E+01
  0.86102455E+00 -0.56443001E+01
  0.86572388E+00 -0.56219876E+01
  0.87042321E+00 -0.55992204E+01
  0.87512253E+00 -0.55760082E+01
  0.87982186E+00 -0.55523617E+01
  0.88452118E+00 -0.55282933E+01
  0.88922051E+00 -0.55038251E+01
  0.89391984E+00 -0.54794097E+01
  0.89861916E+00 -0.54729267E+01
  0.90331849E+00 -0.54680900E+01
  0.90801782E+00 -0.54627566E+01
  0.91271714E+00 -0.54568622E+01
  0.91741647E+00 -0.54503600E+01
  0.92211580E+00 -0.54432093E+01
  0.92681512E+00 -0.54353753E+01
  0.93151445E+00 -0.54268286E+01
  0.93621377E+00 -0.54175458E+01
  0.94091310E+00 -0.54075094E+01
  0.94561243E+00 -0.53967080E+01
  0.95031175E+00 -0.53851357E+01
  0.95501108E+00 -0.53727926E+01
  0.95971041E+00 -0.53596837E+01
  0.96440973E+00 -0.53458187E+01
  0.96910906E+00 -0.53312118E+01
  0.97380839E+00 -0.53158804E+01
  0.97850771E+00 -0.52998452E+01
  0.98320704E+00 -0.52831295E+01
  0.98790636E+00 -0.52657584E+01
  0.99260569E+00 -0.52477587E+01
  0.99730502E+00 -0.52291584E+01
  0.10020043E+01 -0.52099864E+01
  0.10067037E+01 -0.51902721E+01
  0.10114030E+01 -0.51700453E+01
  0.10161023E+01 -0.51493359E+01
  0.10208016E+01 -0.51281742E+01
  0.10255010E+01 -0.51065901E+01
  0.10302003E+01 -0.50846138E+01
  0.10348996E+01 -0.50622752E+01
  0.10395990E+01 -0.50396043E+01
  0.10442983E+01 -0.50166309E+01
  0.10489976E+01 -0.49933848E+01
  0.10536969E+01 -0.49698958E+01
  0.10583963E+01 -0.49461937E+01
  0.10630956E+01 -0.49223084E+01
  0.10677949E+01 -0.48982699E+01
  0.10724942E+01 -0.48741083E+01
  0.10771936E+01 -0.48498538E+01
  0.10818929E+01 -0.48255371E+01
  0.10865922E+01 -0.48011889E+01
  0.10912915E+01 -0.47768404E+01
  0.10959909E+01 -0.47525230E+01
  0.11006902E+01 -0.47282686E+01
  0.11053895E+01 -0.47041093E+01
  0.11100888E+01 -0.46800779E+01
  0.11147882E+01 -0.46562075E+01
  0.11194875E+01 -0.46325317E+01
  0.11241868E+01 -0.46090847E+01
  0.11288862E+01 -0.45859012E+01
  0.11335855E+01 -0.45630163E+01
  0.11382848E+01 -0.45404658E+01
  0.11429841E+01 -0.45182861E+01
  0.11476835E+01 -0.44965142E+01
  0.11523828E+01 -0.44751874E+01
  0.11570821E+01 -0.44543438E+01
  0.11617814E+01 -0.44340221E+01
  0.11664808E+01 -0.44142614E+01
  0.11711801E+01 -0.43951013E+01
  0.11758794E+01 -0.43765818E+01
  0.11805787E+01 -0.43587436E+01
  0.11852781E+01 -0.43416272E+01
  0.11899774E+01 -0.43252737E+01
  0.11946767E+01 -0.43097240E+01
  0.11993761E+01 -0.42950190E+01
  0.12040754E+01 -0.42811993E+01
  0.12087747E+01 -0.42683048E+01
  0.12134740E+01 -0.42563746E+01
  0.12181734E+01 -0.42454466E+01
  0.12228727E+01 -0.42355571E+01
  0.12275720E+01 -0.42267404E+01
  0.12322713E+01 -0.42190283E+01
  0.12369707E+01 -0.42124497E+01
  0.12416700E+01 -0.42070301E+01
  0.12463693E+01 -0.42027910E+01
  0.12510686E+01 -0.41997498E+01
  0.12557680E+01 -0.41979192E+01
  0.12604673E+01 -0.41973069E+01
  0.12651770E+01 -0.41972464E+01
  0.12698867E+01 -0.41970444E+01
  0.12745964E+01 -0.41967010E+01
  0.12793061E+01 -0.41962160E+01
  0.12840158E+01 -0.41955894E+01
  0.12887255E+01 -0.41948211E+01
  0.12934352E+01 -0.41939109E+01
  0.12981449E+01 -0.41928589E+01
  0.13028546E+01 -0.41916648E+01
  0.13075643E+01 -0.41903286E+01
  0.13122740E+01 -0.41888502E+01
  0.13169837E+01 -0.41872295E+01
  0.13216934E+01 -0.41854664E+01
  0.13264031E+01 -0.41835609E+01
  0.13311128E+01 -0.41815129E+01
  0.13358225E+01 -0.41793223E+01
  0.13405322E+01 -0.41769892E+01
  0.13452419E+01 -0.41745136E+01
  0.13499516E+01 -0.41718954E+01
  0.13546613E+01 -0.41691348E+01
  0.13593710E+01 -0.41662318E+01
  0.13640807E+01 -0.41631866E+01
  0.13687904E+01 -0.41599992E+01
  0.13735001E+01 -0.41566700E+01
  0.13782098E+01 -0.41531991E+01
  0.13829195E+01 -0.41495868E+01
  0.13876292E+01 -0.41458334E+01
  0.13923389E+01 -0.41419392E+01
  0.13970486E+01 -0.41379048E+01
  0.14017583E+01 -0.41337305E+01
  0.14064680E+01 -0.41294169E+01
  0.14111777E+01 -0.41249645E+01
  0.14158874E+01 -0.41203739E+01
  0.14205971E+01 -0.41156458E+01
  0.14253068E+01 -0.41107809E+01
  0.14300165E+01 -0.41057800E+01
  0.14347262E+01 -0.41047502E+01
  0.14394359E+01 -0.41252111E+01
  0.14441456E+01 -0.41458027E+01
  0.14488553E+01 -0.41664878E+01
  0.14535650E+01 -0.41872266E+01
  0.14582747E+01 -0.42079772E+01
  0.14629844E+01 -0.42286949E+01
  0.14676941E+01 -0.42493322E+01
  0.14724038E+01 -0.42698381E+01
  0.14771135E+01 -0.42901582E+01
  0.14818232E+01 -0.43102343E+01
  0.14865329E+01 -0.43300041E+01
  0.14912426E+01 -0.43494009E+01
  0.14959523E+01 -0.43683532E+01
  0.15006620E+01 -0.43867847E+01
  0.15053717E+01 -0.44046144E+01
  0.15100814E+01 -0.44217562E+01
  0.15147911E+01 -0.44381197E+01
  0.15195008E+01 -0.44536102E+01
  0.15242105E+01 -0.44681299E+01
  0.15289202E+01 -0.44815790E+01
  0.15336299E+01 -0.44938571E+01
  0.15383396E+01 -0.45048657E+01
  0.15430493E+01 -0.45145099E+01
  0.15477590E+01 -0.45227017E+01
  0.15524687E+01 -0.45293626E+01
  0.15571785E+01 -0.45344262E+01
  0.15618882E+01 -0.45378414E+01
  0.15665979E+01 -0.45395737E+01
  0.15713076E+01 -0.45396069E+01
  0.15760173E+01 -0.45379438E+01
  0.15807270E+01 -0.45346054E+01
  0.15854367E+01 -0.45296298E+01
  0.15901464E+01 -0.45230703E+01
  0.15948561E+01 -0.45149928E+01
  0.15995658E+01 -0.45054734E+01
  0.16042755E+01 -0.44945955E+01
  0.16089852E+01 -0.44824470E+01
  0.16136949E+01 -0.44691184E+01
  0.16184046E+01 -0.44547007E+01
  0.16231143E+01 -0.44392839E+01
  0.16278240E+01 -0.44229558E+01
  0.16325337E+01 -0.44058012E+01
  0.16372434E+01 -0.43879016E+01
  0.16419531E+01 -0.43693344E+01
  0.16466628E+01 -0.43501734E+01
  0.16513725E+01 -0.43304885E+01
  0.16560822E+01 -0.43103462E+01
  0.16607919E+01 -0.42898094E+01
  0.16655016E+01 -0.42689379E+01
  0.16702113E+01 -0.42477889E+01
  0.16749210E+01 -0.42264171E+01
  0.16796307E+01 -0.42048749E+01
  0.16843404E+01 -0.41832131E+01
  0.16890501E+01 -0.41614808E+01
  0.16937598E+01 -0.41397262E+01
  0.16984695E+01 -0.41179964E+01
  0.17031792E+01 -0.40963377E+01
  0.17078889E+01 -0.40747966E+01
  0.17125986E+01 -0.40534191E+01
  0.17173083E+01 -0.40322526E+01
  0.17220180E+01 -0.40113462E+01
  0.17267277E+01 -0.39907578E+01
  0.17314374E+01 -0.39705911E+01
  0.17361471E+01 -0.39530337E+01
  0.17408464E+01 -0.39531630E+01
  0.17455457E+01 -0.39537599E+01
  0.17502451E+01 -0.39548284E+01
  0.17549444E+01 -0.39563713E+01
  0.17596437E+01 -0.39583905E+01
  0.17643430E+01 -0.39608883E+01
  0.17690424E+01 -0.39638675E+01
  0.17737417E+01 -0.39673329E+01
  0.17784410E+01 -0.39712911E+01
  0.17831403E+01 -0.39757507E+01
  0.17878397E+01 -0.39807222E+01
  0.17925390E+01 -0.39862178E+01
  0.17972383E+01 -0.39922506E+01
  0.18019377E+01 -0.39988348E+01
  0.18066370E+01 -0.40059845E+01
  0.18113363E+01 -0.40137137E+01
  0.18160356E+01 -0.40220358E+01
  0.18207350E+01 -0.40309625E+01
  0.18254343E+01 -0.40405040E+01
  0.18301336E+01 -0.40506681E+01
  0.18348329E+01 -0.40614597E+01
  0.18395323E+01 -0.40728799E+01
  0.18442316E+01 -0.40849256E+01
  0.18489309E+01 -0.40975884E+01
  0.18536302E+01 -0.41108541E+01
  0.18583296E+01 -0.41247021E+01
  0.18630289E+01 -0.41391061E+01
  0.18677282E+01 -0.41540351E+01
  0.18724275E+01 -0.41694538E+01
  0.18771269E+01 -0.41853250E+01
  0.18818262E+01 -0.42016100E+01
  0.18865255E+01 -0.42182694E+01
  0.18912249E+01 -0.42352641E+01
  0.18959242E+01 -0.42525552E+01
  0.19006235E+01 -0.42701046E+01
  0.19053228E+01 -0.42878749E+01
  0.19100222E+01 -0.43058294E+01
  0.19147215E+01 -0.43239325E+01
  0.19194208E+01 -0.43421493E+01
  0.19241201E+01 -0.43604460E+01
  0.19288195E+01 -0.43787896E+01
  0.19335188E+01 -0.43971481E+01
  0.19382181E+01 -0.44154903E+01
  0.19429174E+01 -0.44337858E+01
  0.19476168E+01 -0.44520052E+01
  0.19523161E+01 -0.44701198E+01
  0.19570154E+01 -0.44881019E+01
  0.19617147E+01 -0.45059247E+01
  0.19664141E+01 -0.45235622E+01
  0.19711134E+01 -0.45409898E+01
  0.19758127E+01 -0.45581837E+01
  0.19805121E+01 -0.45751218E+01
  0.19852114E+01 -0.45917829E+01
  0.19899107E+01 -0.46081475E+01
  0.19946100E+01 -0.46241975E+01
  0.19993094E+01 -0.46399162E+01
  0.20040087E+01 -0.46552886E+01
  0.20087080E+01 -0.46703012E+01
  0.20134073E+01 -0.46849419E+01
  0.20181067E+01 -0.46992004E+01
  0.20228060E+01 -0.47130676E+01
  0.20275053E+01 -0.47265360E+01
  0.20322046E+01 -0.47395995E+01
  0.20369040E+01 -0.47522532E+01
  0.20416033E+01 -0.47644935E+01
  0.20463026E+01 -0.47763181E+01
  0.20510020E+01 -0.47877256E+01
  0.20557013E+01 -0.47987159E+01
  0.20604006E+01 -0.48092895E+01
  0.20650999E+01 -0.48194482E+01
  0.20697993E+01 -0.48291941E+01
  0.20744986E+01 -0.48385307E+01
  0.20791979E+01 -0.48474617E+01
  0.20838972E+01 -0.48559919E+01
  0.20885966E+01 -0.48641267E+01
  0.20932959E+01 -0.48718725E+01
  0.20979952E+01 -0.48792366E+01
  0.21026945E+01 -0.48862278E+01
  0.21073939E+01 -0.48928571E+01
  0.21120932E+01 -0.48991377E+01
  0.21167925E+01 -0.49050866E+01
  0.21214918E+01 -0.49107242E+01
  0.21261912E+01 -0.49160726E+01
  0.21308905E+01 -0.49211495E+01
  0.21355898E+01 -0.49259616E+01
  0.21402892E+01 -0.49305017E+01
  0.21449885E+01 -0.49347541E+01
  0.21496878E+01 -0.49387010E+01
  0.21543871E+01 -0.49423274E+01
  0.21590865E+01 -0.49456211E+01
  0.21637858E+01 -0.49485732E+01
  0.21684851E+01 -0.49511767E+01
  0.21731844E+01 -0.49534261E+01
  0.21778838E+01 -0.49553171E+01
  0.21825831E+01 -0.49568459E+01
  0.21872824E+01 -0.49580096E+01
  0.21919817E+01 -0.49588055E+01
  0.21966811E+01 -0.49592315E+01
  0.22013804E+01 -0.49592858E+01
  0.22060797E+01 -0.49589669E+01
  0.22107790E+01 -0.49582739E+01
  0.22154784E+01 -0.49572061E+01
  0.22201777E+01 -0.49557633E+01
  0.22248770E+01 -0.49539456E+01
  0.22295764E+01 -0.49517537E+01
  0.22342757E+01 -0.49491885E+01
  0.22389750E+01 -0.49462514E+01
  0.22436743E+01 -0.49429444E+01
  0.22483737E+01 -0.49392696E+01
  0.22530730E+01 -0.49352298E+01
  0.22577723E+01 -0.49308283E+01
  0.22624716E+01 -0.49260686E+01
  0.22671710E+01 -0.49209548E+01
  0.22718703E+01 -0.49154913E+01
  0.22765696E+01 -0.49096832E+01
  0.22812689E+01 -0.49035359E+01
  0.22859683E+01 -0.48970552E+01
  0.22906676E+01 -0.48902475E+01
  0.22953669E+01 -0.48831199E+01
  0.23000662E+01 -0.48756805E+01
  0.23047656E+01 -0.48679387E+01
  0.23094649E+01 -0.48599077E+01
  0.23141642E+01 -0.48516100E+01
  0.23188636E+01 -0.48431005E+01
  0.23235629E+01 -0.48345232E+01
  0.23282622E+01 -0.48259744E+01
  0.23329615E+01 -0.48173125E+01
  0.23376609E+01 -0.48084408E+01
  0.23423602E+01 -0.47993323E+01
  0.23470595E+01 -0.47899813E+01
  0.23517588E+01 -0.47803887E+01
  0.23564582E+01 -0.47705578E+01
  0.23611575E+01 -0.47604936E+01
  0.23658568E+01 -0.47502018E+01
  0.23705561E+01 -0.47396888E+01
  0.23752555E+01 -0.47289615E+01
  0.23799548E+01 -0.47180277E+01
  0.23846541E+01 -0.47068955E+01
  0.23893534E+01 -0.46955741E+01
  0.23940528E+01 -0.46840729E+01
  0.23987521E+01 -0.46724025E+01
  0.24034514E+01 -0.46605741E+01
  0.24081508E+01 -0.46486001E+01
  0.24128501E+01 -0.46364939E+01
  0.24175494E+01 -0.46242701E+01
  0.24222487E+01 -0.46119449E+01
  0.24269481E+01 -0.45995360E+01
  0.24316474E+01 -0.45870634E+01
  0.24363467E+01 -0.45745493E+01
  0.24410460E+01 -0.45620185E+01
  0.24457454E+01 -0.45494996E+01
  0.24504447E+01 -0.45370251E+01
  0.24551440E+01 -0.45246326E+01
  0.24598433E+01 -0.45123658E+01
  0.24645427E+01 -0.45002760E+01
  0.24692420E+01 -0.44884241E+01
  0.24739413E+01 -0.44768821E+01
  0.24786406E+01 -0.44657366E+01
  0.24833400E+01 -0.44550907E+01
  0.24880393E+01 -0.44450676E+01
  0.24927386E+01 -0.44358126E+01
  0.24974380E+01 -0.44274942E+01
  0.25021373E+01 -0.44203010E+01
  0.25068366E+01 -0.44144337E+01
  0.25115359E+01 -0.44100889E+01
  0.25162353E+01 -0.44074358E+01
  0.25209346E+01 -0.44065889E+01
  
  0.00000000E+00 -0.43991695E+01
  0.47097009E-02 -0.43930315E+01
  0.94194018E-02 -0.43850832E+01
  0.14129103E-01 -0.43773505E+01
  0.18838804E-01 -0.43700780E+01
  0.23548505E-01 -0.43634121E+01
  0.28258205E-01 -0.43575009E+01
  0.32967906E-01 -0.43525136E+01
  0.37677607E-01 -0.43486477E+01
  0.42387308E-01 -0.43461308E+01
  0.47097009E-01 -0.43452172E+01
  0.51806710E-01 -0.43461765E+01
  0.56516411E-01 -0.43492722E+01
  0.61226112E-01 -0.43547312E+01
  0.65935813E-01 -0.43627101E+01
  0.70645514E-01 -0.43732677E+01
  0.75355215E-01 -0.43863545E+01
  0.80064916E-01 -0.44018240E+01
  0.84774616E-01 -0.44194599E+01
  0.89484317E-01 -0.44390094E+01
  0.94194018E-01 -0.44602124E+01
  0.98903719E-01 -0.44828218E+01
  0.10361342E+00 -0.45066150E+01
  0.10832312E+00 -0.45313974E+01
  0.11303282E+00 -0.45570019E+01
  0.11774252E+00 -0.45832853E+01
  0.12245222E+00 -0.46101210E+01
  0.12716192E+00 -0.46373734E+01
  0.13187163E+00 -0.46644172E+01
  0.13658133E+00 -0.46779678E+01
  0.14129103E+00 -0.46868120E+01
  0.14600073E+00 -0.46954439E+01
  0.15071043E+00 -0.47039504E+01
  0.15542013E+00 -0.47123444E+01
  0.16012983E+00 -0.47206284E+01
  0.16483953E+00 -0.47288024E+01
  0.16954923E+00 -0.47368655E+01
  0.17425893E+00 -0.47448162E+01
  0.17896863E+00 -0.47526531E+01
  0.18367834E+00 -0.47603746E+01
  0.18838804E+00 -0.47679793E+01
  0.19309774E+00 -0.47754656E+01
  0.19780744E+00 -0.47828320E+01
  0.20251714E+00 -0.47900770E+01
  0.20722684E+00 -0.47971992E+01
  0.21193654E+00 -0.48041971E+01
  0.21664624E+00 -0.48110693E+01
  0.22135594E+00 -0.48178145E+01
  0.22606564E+00 -0.48244312E+01
  0.23077534E+00 -0.48309181E+01
  0.23548505E+00 -0.48372739E+01
  0.24019475E+00 -0.48434972E+01
  0.24490445E+00 -0.48495868E+01
  0.24961415E+00 -0.48555413E+01
  0.25432385E+00 -0.48613595E+01
  0.25903355E+00 -0.48670402E+01
  0.26374325E+00 -0.48725822E+01
  0.26845295E+00 -0.48779842E+01
  0.27316265E+00 -0.48832452E+01
  0.27787235E+00 -0.48883639E+01
  0.28258205E+00 -0.48933393E+01
  0.28729176E+00 -0.48981705E+01
  0.29200146E+00 -0.49028563E+01
  0.29671116E+00 -0.49073960E+01
  0.30142086E+00 -0.49117887E+01
  0.30613056E+00 -0.49160337E+01
  0.31084026E+00 -0.49201302E+01
  0.31554996E+00 -0.49240779E+01
  0.32025966E+00 -0.49278762E+01
  0.32496936E+00 -0.49315249E+01
  0.32967906E+00 -0.49350239E+01
  0.33438876E+00 -0.49383732E+01
  0.33909847E+00 -0.49415730E+01
  0.34380817E+00 -0.49446237E+01
  0.34851787E+00 -0.49475260E+01
  0.35322757E+00 -0.49502807E+01
  0.35793727E+00 -0.49528888E+01
  0.36264697E+00 -0.49553517E+01
  0.36735667E+00 -0.49576711E+01
  0.37206637E+00 -0.49598487E+01
  0.37677607E+00 -0.49618868E+01
  0.38148577E+00 -0.49637877E+01
  0.38619547E+00 -0.49655543E+01
  0.39090518E+00 -0.49671895E+01
  0.39561488E+00 -0.49686966E+01
  0.40032458E+00 -0.49700793E+01
  0.40503428E+00 -0.49713413E+01
  0.40974398E+00 -0.49724866E+01
  0.41445368E+00 -0.49735195E+01
  0.41916338E+00 -0.49744444E+01
  0.42387308E+00 -0.49752657E+01
  0.42858278E+00 -0.49759880E+01
  0.43329248E+00 -0.49766158E+01
  0.43800218E+00 -0.49771536E+01
  0.44271189E+00 -0.49776058E+01
  0.44742159E+00 -0.49779765E+01
  0.45213129E+00 -0.49782695E+01
  0.45684099E+00 -0.49784884E+01
  0.46155069E+00 -0.49786363E+01
  0.46626039E+00 -0.49787159E+01
  0.47097009E+00 -0.49787293E+01
  0.47567979E+00 -0.49786783E+01
  0.48037912E+00 -0.49826178E+01
  0.48507844E+00 -0.49918565E+01
  0.48977777E+00 -0.50032976E+01
  0.49447710E+00 -0.50157132E+01
  0.49917642E+00 -0.50286472E+01
  0.50387575E+00 -0.50418991E+01
  0.50857508E+00 -0.50553640E+01
  0.51327440E+00 -0.50689781E+01
  0.51797373E+00 -0.50826977E+01
  0.52267306E+00 -0.50964904E+01
  0.52737238E+00 -0.51103301E+01
  0.53207171E+00 -0.51241946E+01
  0.53677103E+00 -0.51380645E+01
  0.54147036E+00 -0.51519225E+01
  0.54616969E+00 -0.51657525E+01
  0.55086901E+00 -0.51795392E+01
  0.55556834E+00 -0.51932683E+01
  0.56026767E+00 -0.52069261E+01
  0.56496699E+00 -0.52204991E+01
  0.56966632E+00 -0.52339741E+01
  0.57436565E+00 -0.52473384E+01
  0.57906497E+00 -0.52605792E+01
  0.58376430E+00 -0.52736839E+01
  0.58846362E+00 -0.52866399E+01
  0.59316295E+00 -0.52994346E+01
  0.59786228E+00 -0.53120554E+01
  0.60256160E+00 -0.53244898E+01
  0.60726093E+00 -0.53367251E+01
  0.61196026E+00 -0.53487484E+01
  0.61665958E+00 -0.53605471E+01
  0.62135891E+00 -0.53721083E+01
  0.62605824E+00 -0.53834189E+01
  0.63075756E+00 -0.53944660E+01
  0.63545689E+00 -0.54052365E+01
  0.64015621E+00 -0.54157172E+01
  0.64485554E+00 -0.54258951E+01
  0.64955487E+00 -0.54357570E+01
  0.65425419E+00 -0.54452899E+01
  0.65895352E+00 -0.54544806E+01
  0.66365285E+00 -0.54633163E+01
  0.66835217E+00 -0.54717843E+01
  0.67305150E+00 -0.54798719E+01
  0.67775083E+00 -0.54875671E+01
  0.68245015E+00 -0.54948578E+01
  0.68714948E+00 -0.55017326E+01
  0.69184880E+00 -0.55081806E+01
  0.69654813E+00 -0.55141916E+01
  0.70124746E+00 -0.55197561E+01
  0.70594678E+00 -0.55248654E+01
  0.71064611E+00 -0.55295121E+01
  0.71534544E+00 -0.55336899E+01
  0.72004476E+00 -0.55373938E+01
  0.72474409E+00 -0.55406206E+01
  0.72944342E+00 -0.55433688E+01
  0.73414274E+00 -0.55456392E+01
  0.73884207E+00 -0.55474346E+01
  0.74354139E+00 -0.55487606E+01
  0.74824072E+00 -0.55496254E+01
  0.75294005E+00 -0.55500406E+01
  0.75763937E+00 -0.55500208E+01
  0.76233870E+00 -0.55495841E+01
  0.76703803E+00 -0.55487523E+01
  0.77173735E+00 -0.55475508E+01
  0.77643668E+00 -0.55460086E+01
  0.78113601E+00 -0.55441583E+01
  0.78583533E+00 -0.55420355E+01
  0.79053466E+00 -0.55396784E+01
  0.79523398E+00 -0.55371274E+01
  0.79993331E+00 -0.55344238E+01
  0.80463264E+00 -0.55316090E+01
  0.80933196E+00 -0.55287233E+01
  0.81403129E+00 -0.55258044E+01
  0.81873062E+00 -0.55228862E+01
  0.82342994E+00 -0.55199975E+01
  0.82812927E+00 -0.55171606E+01
  0.83282859E+00 -0.55143906E+01
  0.83752792E+00 -0.55116945E+01
  0.84222725E+00 -0.55090708E+01
  0.84692657E+00 -0.55065096E+01
  0.85162590E+00 -0.55039927E+01
  0.85632523E+00 -0.55014940E+01
  0.86102455E+00 -0.54989808E+01
  0.86572388E+00 -0.54964138E+01
  0.87042321E+00 -0.54937488E+01
  0.87512253E+00 -0.54909370E+01
  0.87982186E+00 -0.54879264E+01
  0.88452118E+00 -0.54846608E+01
  0.88922051E+00 -0.54810736E+01
  0.89391984E+00 -0.54766676E+01
  0.89861916E+00 -0.54535194E+01
  0.90331849E+00 -0.54278731E+01
  0.90801782E+00 -0.54018318E+01
  0.91271714E+00 -0.53754232E+01
  0.91741647E+00 -0.53486618E+01
  0.92211580E+00 -0.53215599E+01
  0.92681512E+00 -0.52941296E+01
  0.93151445E+00 -0.52663828E+01
  0.93621377E+00 -0.52383317E+01
  0.94091310E+00 -0.52099884E+01
  0.94561243E+00 -0.51813653E+01
  0.95031175E+00 -0.51524750E+01
  0.95501108E+00 -0.51233302E+01
  0.95971041E+00 -0.50939441E+01
  0.96440973E+00 -0.50643299E+01
  0.96910906E+00 -0.50345014E+01
  0.97380839E+00 -0.50044725E+01
  0.97850771E+00 -0.49742575E+01
  0.98320704E+00 -0.49438713E+01
  0.98790636E+00 -0.49133291E+01
  0.99260569E+00 -0.48826464E+01
  0.99730502E+00 -0.48518396E+01
  0.10020043E+01 -0.48209254E+01
  0.10067037E+01 -0.47899210E+01
  0.10114030E+01 -0.47588446E+01
  0.10161023E+01 -0.47277147E+01
  0.10208016E+01 -0.46965508E+01
  0.10255010E+01 -0.46653729E+01
  0.10302003E+01 -0.46342022E+01
  0.10348996E+01 -0.46030603E+01
  0.10395990E+01 -0.45719702E+01
  0.10442983E+01 -0.45409555E+01
  0.10489976E+01 -0.45100411E+01
  0.10536969E+01 -0.44792527E+01
  0.10583963E+01 -0.44486175E+01
  0.10630956E+01 -0.44181636E+01
  0.10677949E+01 -0.43879206E+01
  0.10724942E+01 -0.43579194E+01
  0.10771936E+01 -0.43281921E+01
  0.10818929E+01 -0.42987725E+01
  0.10865922E+01 -0.42696960E+01
  0.10912915E+01 -0.42409994E+01
  0.10959909E+01 -0.42127211E+01
  0.11006902E+01 -0.41849014E+01
  0.11053895E+01 -0.41575820E+01
  0.11100888E+01 -0.41308064E+01
  0.11147882E+01 -0.41046197E+01
  0.11194875E+01 -0.40790680E+01
  0.11241868E+01 -0.40541991E+01
  0.11288862E+01 -0.40300612E+01
  0.11335855E+01 -0.40067031E+01
  0.11382848E+01 -0.39841730E+01
  0.11429841E+01 -0.39625184E+01
  0.11476835E+01 -0.39417845E+01
  0.11523828E+01 -0.39220133E+01
  0.11570821E+01 -0.39032424E+01
  0.11617814E+01 -0.38855035E+01
  0.11664808E+01 -0.38688212E+01
  0.11711801E+01 -0.38532117E+01
  0.11758794E+01 -0.38386820E+01
  0.11805787E+01 -0.38252293E+01
  0.11852781E+01 -0.38128413E+01
  0.11899774E+01 -0.38014962E+01
  0.11946767E+01 -0.37911640E+01
  0.11993761E+01 -0.37818080E+01
  0.12040754E+01 -0.37733861E+01
  0.12087747E+01 -0.37658533E+01
  0.12134740E+01 -0.37591629E+01
  0.12181734E+01 -0.37532683E+01
  0.12228727E+01 -0.37481245E+01
  0.12275720E+01 -0.37436894E+01
  0.12322713E+01 -0.37399245E+01
  0.12369707E+01 -0.37367957E+01
  0.12416700E+01 -0.37342735E+01
  0.12463693E+01 -0.37323337E+01
  0.12510686E+01 -0.37309573E+01
  0.12557680E+01 -0.37301308E+01
  0.12604673E+01 -0.37298459E+01
  0.12651770E+01 -0.37300504E+01
  0.12698867E+01 -0.37303900E+01
  0.12745964E+01 -0.37308608E+01
  0.12793061E+01 -0.37314570E+01
  0.12840158E+01 -0.37321716E+01
  0.12887255E+01 -0.37329961E+01
  0.12934352E+01 -0.37339212E+01
  0.12981449E+01 -0.37349363E+01
  0.13028546E+01 -0.37360301E+01
  0.13075643E+01 -0.37371908E+01
  0.13122740E+01 -0.37384064E+01
  0.13169837E+01 -0.37396649E+01
  0.13216934E+01 -0.37409557E+01
  0.13264031E+01 -0.37422787E+01
  0.13311128E+01 -0.37446977E+01
  0.13358225E+01 -0.37553723E+01
  0.13405322E+01 -0.37669610E+01
  0.13452419E+01 -0.37791782E+01
  0.13499516E+01 -0.37920004E+01
  0.13546613E+01 -0.38054107E+01
  0.13593710E+01 -0.38193926E+01
  0.13640807E+01 -0.38339290E+01
  0.13687904E+01 -0.38490026E+01
  0.13735001E+01 -0.38645952E+01
  0.13782098E+01 -0.38806878E+01
  0.13829195E+01 -0.38972609E+01
  0.13876292E+01 -0.39142938E+01
  0.13923389E+01 -0.39317655E+01
  0.13970486E+01 -0.39496535E+01
  0.14017583E+01 -0.39679350E+01
  0.14064680E+01 -0.39865856E+01
  0.14111777E+01 -0.40055803E+01
  0.14158874E+01 -0.40248928E+01
  0.14205971E+01 -0.40444955E+01
  0.14253068E+01 -0.40643598E+01
  0.14300165E+01 -0.40844552E+01
  0.14347262E+01 -0.41006438E+01
  0.14394359E+01 -0.40953733E+01
  0.14441456E+01 -0.40899694E+01
  0.14488553E+01 -0.40844330E+01
  0.14535650E+01 -0.40787652E+01
  0.14582747E+01 -0.40729671E+01
  0.14629844E+01 -0.40670397E+01
  0.14676941E+01 -0.40609842E+01
  0.14724038E+01 -0.40548018E+01
  0.14771135E+01 -0.40484938E+01
  0.14818232E+01 -0.40420615E+01
  0.14865329E+01 -0.40355062E+01
  0.14912426E+01 -0.40288292E+01
  0.14959523E+01 -0.40220321E+01
  0.15006620E+01 -0.40151161E+01
  0.15053717E+01 -0.40080828E+01
  0.15100814E+01 -0.40009336E+01
  0.15147911E+01 -0.39936702E+01
  0.15195008E+01 -0.39862940E+01
  0.15242105E+01 -0.39788066E+01
  0.15289202E+01 -0.39712095E+01
  0.15336299E+01 -0.39635045E+01
  0.15383396E+01 -0.39556931E+01
  0.15430493E+01 -0.39477770E+01
  0.15477590E+01 -0.39397579E+01
  0.15524687E+01 -0.39316373E+01
  0.15571785E+01 -0.39234170E+01
  0.15618882E+01 -0.39150987E+01
  0.15665979E+01 -0.39066841E+01
  0.15713076E+01 -0.38981749E+01
  0.15760173E+01 -0.38895729E+01
  0.15807270E+01 -0.38808797E+01
  0.15854367E+01 -0.38720972E+01
  0.15901464E+01 -0.38632272E+01
  0.15948561E+01 -0.38542714E+01
  0.15995658E+01 -0.38452317E+01
  0.16042755E+01 -0.38361099E+01
  0.16089852E+01 -0.38269079E+01
  0.16136949E+01 -0.38176275E+01
  0.16184046E+01 -0.38082708E+01
  0.16231143E+01 -0.37988398E+01
  0.16278240E+01 -0.37893364E+01
  0.16325337E+01 -0.37797628E+01
  0.16372434E+01 -0.37701211E+01
  0.16419531E+01 -0.37604136E+01
  0.16466628E+01 -0.37506426E+01
  0.16513725E+01 -0.37408105E+01
  0.16560822E+01 -0.37309198E+01
  0.16607919E+01 -0.37209731E+01
  0.16655016E+01 -0.37271997E+01
  0.16702113E+01 -0.37363199E+01
  0.16749210E+01 -0.37463334E+01
  0.16796307E+01 -0.37572388E+01
  0.16843404E+01 -0.37690275E+01
  0.16890501E+01 -0.37816841E+01
  0.16937598E+01 -0.37951871E+01
  0.16984695E+01 -0.38095092E+01
  0.17031792E+01 -0.38246183E+01
  0.17078889E+01 -0.38404778E+01
  0.17125986E+01 -0.38570476E+01
  0.17173083E+01 -0.38742841E+01
  0.17220180E+01 -0.38921395E+01
  0.17267277E+01 -0.39105566E+01
  0.17314374E+01 -0.39294309E+01
  0.17361471E+01 -0.39465744E+01
  0.17408464E+01 -0.39468275E+01
  0.17455457E+01 -0.39474776E+01
  0.17502451E+01 -0.39485282E+01
  0.17549444E+01 -0.39499881E+01
  0.17596437E+01 -0.39518712E+01
  0.17643430E+01 -0.39541952E+01
  0.17690424E+01 -0.39569802E+01
  0.17737417E+01 -0.39602482E+01
  0.17784410E+01 -0.39640216E+01
  0.17831403E+01 -0.39683227E+01
  0.17878397E+01 -0.39731734E+01
  0.17925390E+01 -0.39785940E+01
  0.17972383E+01 -0.39846035E+01
  0.18019377E+01 -0.39912182E+01
  0.18066370E+01 -0.39984518E+01
  0.18113363E+01 -0.40063148E+01
  0.18160356E+01 -0.40148135E+01
  0.18207350E+01 -0.40239505E+01
  0.18254343E+01 -0.40337235E+01
  0.18301336E+01 -0.40441260E+01
  0.18348329E+01 -0.40551469E+01
  0.18395323E+01 -0.40667715E+01
  0.18442316E+01 -0.40789815E+01
  0.18489309E+01 -0.40917566E+01
  0.18536302E+01 -0.41050754E+01
  0.18583296E+01 -0.41189156E+01
  0.18630289E+01 -0.41332551E+01
  0.18677282E+01 -0.41480709E+01
  0.18724275E+01 -0.41633391E+01
  0.18771269E+01 -0.41790344E+01
  0.18818262E+01 -0.41951292E+01
  0.18865255E+01 -0.42115937E+01
  0.18912249E+01 -0.42283964E+01
  0.18959242E+01 -0.42455037E+01
  0.19006235E+01 -0.42628806E+01
  0.19053228E+01 -0.42804910E+01
  0.19100222E+01 -0.42982981E+01
  0.19147215E+01 -0.43162648E+01
  0.19194208E+01 -0.43343538E+01
  0.19241201E+01 -0.43525280E+01
  0.19288195E+01 -0.43707512E+01
  0.19335188E+01 -0.43889878E+01
  0.19382181E+01 -0.44072031E+01
  0.19429174E+01 -0.44253642E+01
  0.19476168E+01 -0.44434392E+01
  0.19523161E+01 -0.44613982E+01
  0.19570154E+01 -0.44792128E+01
  0.19617147E+01 -0.44968565E+01
  0.19664141E+01 -0.45143048E+01
  0.19711134E+01 -0.45315350E+01
  0.19758127E+01 -0.45485261E+01
  0.19805121E+01 -0.45652590E+01
  0.19852114E+01 -0.45817165E+01
  0.19899107E+01 -0.45978828E+01
  0.19946100E+01 -0.46137440E+01
  0.19993094E+01 -0.46292877E+01
  0.20040087E+01 -0.46445029E+01
  0.20087080E+01 -0.46593800E+01
  0.20134073E+01 -0.46739109E+01
  0.20181067E+01 -0.46880887E+01
  0.20228060E+01 -0.47019077E+01
  0.20275053E+01 -0.47153635E+01
  0.20322046E+01 -0.47284523E+01
  0.20369040E+01 -0.47411717E+01
  0.20416033E+01 -0.47535199E+01
  0.20463026E+01 -0.47654960E+01
  0.20510020E+01 -0.47770995E+01
  0.20557013E+01 -0.47883306E+01
  0.20604006E+01 -0.47991900E+01
  0.20650999E+01 -0.48096786E+01
  0.20697993E+01 -0.48197974E+01
  0.20744986E+01 -0.48295477E+01
  0.20791979E+01 -0.48389305E+01
  0.20838972E+01 -0.48479468E+01
  0.20885966E+01 -0.48565968E+01
  0.20932959E+01 -0.48648804E+01
  0.20979952E+01 -0.48727962E+01
  0.21026945E+01 -0.48803417E+01
  0.21073939E+01 -0.48875120E+01
  0.21120932E+01 -0.48942994E+01
  0.21167925E+01 -0.49006925E+01
  0.21214918E+01 -0.49066759E+01
  0.21261912E+01 -0.49122325E+01
  0.21308905E+01 -0.49173485E+01
  0.21355898E+01 -0.49220214E+01
  0.21402892E+01 -0.49262614E+01
  0.21449885E+01 -0.49300874E+01
  0.21496878E+01 -0.49335195E+01
  0.21543871E+01 -0.49365751E+01
  0.21590865E+01 -0.49392677E+01
  0.21637858E+01 -0.49416079E+01
  0.21684851E+01 -0.49436037E+01
  0.21731844E+01 -0.49452613E+01
  0.21778838E+01 -0.49465858E+01
  0.21825831E+01 -0.49475813E+01
  0.21872824E+01 -0.49482514E+01
  0.21919817E+01 -0.49485989E+01
  0.21966811E+01 -0.49486264E+01
  0.22013804E+01 -0.49483361E+01
  0.22060797E+01 -0.49477300E+01
  0.22107790E+01 -0.49468098E+01
  0.22154784E+01 -0.49455772E+01
  0.22201777E+01 -0.49440334E+01
  0.22248770E+01 -0.49421798E+01
  0.22295764E+01 -0.49400177E+01
  0.22342757E+01 -0.49375481E+01
  0.22389750E+01 -0.49347722E+01
  0.22436743E+01 -0.49316912E+01
  0.22483737E+01 -0.49283059E+01
  0.22530730E+01 -0.49246177E+01
  0.22577723E+01 -0.49206275E+01
  0.22624716E+01 -0.49163366E+01
  0.22671710E+01 -0.49117462E+01
  0.22718703E+01 -0.49068575E+01
  0.22765696E+01 -0.49016720E+01
  0.22812689E+01 -0.48961909E+01
  0.22859683E+01 -0.48904158E+01
  0.22906676E+01 -0.48843481E+01
  0.22953669E+01 -0.48779891E+01
  0.23000662E+01 -0.48713396E+01
  0.23047656E+01 -0.48643995E+01
  0.23094649E+01 -0.48571657E+01
  0.23141642E+01 -0.48496261E+01
  0.23188636E+01 -0.48417366E+01
  0.23235629E+01 -0.48333649E+01
  0.23282622E+01 -0.48244267E+01
  0.23329615E+01 -0.48150760E+01
  0.23376609E+01 -0.48054226E+01
  0.23423602E+01 -0.47955072E+01
  0.23470595E+01 -0.47853495E+01
  0.23517588E+01 -0.47749634E+01
  0.23564582E+01 -0.47643607E+01
  0.23611575E+01 -0.47535526E+01
  0.23658568E+01 -0.47425497E+01
  0.23705561E+01 -0.47313630E+01
  0.23752555E+01 -0.47200033E+01
  0.23799548E+01 -0.47084817E+01
  0.23846541E+01 -0.46968095E+01
  0.23893534E+01 -0.46849983E+01
  0.23940528E+01 -0.46730600E+01
  0.23987521E+01 -0.46610071E+01
  0.24034514E+01 -0.46488523E+01
  0.24081508E+01 -0.46366091E+01
  0.24128501E+01 -0.46242917E+01
  0.24175494E+01 -0.46119151E+01
  0.24222487E+01 -0.45994953E+01
  0.24269481E+01 -0.45870498E+01
  0.24316474E+01 -0.45745974E+01
  0.24363467E+01 -0.45621590E+01
  0.24410460E+01 -0.45497579E+01
  0.24457454E+01 -0.45374201E+01
  0.24504447E+01 -0.45251754E+01
  0.24551440E+01 -0.45130580E+01
  0.24598433E+01 -0.45011077E+01
  0.24645427E+01 -0.44893711E+01
  0.24692420E+01 -0.44779034E+01
  0.24739413E+01 -0.44667703E+01
  0.24786406E+01 -0.44560501E+01
  0.24833400E+01 -0.44458367E+01
  0.24880393E+01 -0.44362415E+01
  0.24927386E+01 -0.44273957E+01
  0.24974380E+01 -0.44194505E+01
  0.25021373E+01 -0.44125746E+01
  0.25068366E+01 -0.44069467E+01
  0.25115359E+01 -0.44027422E+01
  0.25162353E+01 -0.44001139E+01
  0.25209346E+01 -0.43991695E+01
  
  0.00000000E+00 -0.41686425E+01
  0.47097009E-02 -0.41779053E+01
  0.94194018E-02 -0.41875376E+01
  0.14129103E-01 -0.41973065E+01
  0.18838804E-01 -0.42071974E+01
  0.23548505E-01 -0.42171996E+01
  0.28258205E-01 -0.42273037E+01
  0.32967906E-01 -0.42375009E+01
  0.37677607E-01 -0.42477829E+01
  0.42387308E-01 -0.42581419E+01
  0.47097009E-01 -0.42685702E+01
  0.51806710E-01 -0.42790608E+01
  0.56516411E-01 -0.42896067E+01
  0.61226112E-01 -0.43002014E+01
  0.65935813E-01 -0.43108385E+01
  0.70645514E-01 -0.43215117E+01
  0.75355215E-01 -0.43322153E+01
  0.80064916E-01 -0.43429434E+01
  0.84774616E-01 -0.43536903E+01
  0.89484317E-01 -0.43644507E+01
  0.94194018E-01 -0.43752193E+01
  0.98903719E-01 -0.43859910E+01
  0.10361342E+00 -0.43967606E+01
  0.10832312E+00 -0.44075234E+01
  0.11303282E+00 -0.44182746E+01
  0.11774252E+00 -0.44290095E+01
  0.12245222E+00 -0.44397236E+01
  0.12716192E+00 -0.44504124E+01
  0.13187163E+00 -0.44610717E+01
  0.13658133E+00 -0.44716972E+01
  0.14129103E+00 -0.44822847E+01
  0.14600073E+00 -0.44928304E+01
  0.15071043E+00 -0.45033301E+01
  0.15542013E+00 -0.45137802E+01
  0.16012983E+00 -0.45241767E+01
  0.16483953E+00 -0.45345162E+01
  0.16954923E+00 -0.45447949E+01
  0.17425893E+00 -0.45550094E+01
  0.17896863E+00 -0.45651563E+01
  0.18367834E+00 -0.45752321E+01
  0.18838804E+00 -0.45852338E+01
  0.19309774E+00 -0.45951579E+01
  0.19780744E+00 -0.46050014E+01
  0.20251714E+00 -0.46147613E+01
  0.20722684E+00 -0.46244344E+01
  0.21193654E+00 -0.46340178E+01
  0.21664624E+00 -0.46435086E+01
  0.22135594E+00 -0.46529038E+01
  0.22606564E+00 -0.46622008E+01
  0.23077534E+00 -0.46713965E+01
  0.23548505E+00 -0.46804882E+01
  0.24019475E+00 -0.46894733E+01
  0.24490445E+00 -0.46983488E+01
  0.24961415E+00 -0.47071121E+01
  0.25432385E+00 -0.47157604E+01
  0.25903355E+00 -0.47242911E+01
  0.26374325E+00 -0.47327013E+01
  0.26845295E+00 -0.47409883E+01
  0.27316265E+00 -0.47491494E+01
  0.27787235E+00 -0.47571818E+01
  0.28258205E+00 -0.47650827E+01
  0.28729176E+00 -0.47728493E+01
  0.29200146E+00 -0.47804787E+01
  0.29671116E+00 -0.47879682E+01
  0.30142086E+00 -0.47953147E+01
  0.30613056E+00 -0.48025155E+01
  0.31084026E+00 -0.48095675E+01
  0.31554996E+00 -0.48164678E+01
  0.32025966E+00 -0.48232133E+01
  0.32496936E+00 -0.48298011E+01
  0.32967906E+00 -0.48362282E+01
  0.33438876E+00 -0.48424913E+01
  0.33909847E+00 -0.48485876E+01
  0.34380817E+00 -0.48545138E+01
  0.34851787E+00 -0.48602669E+01
  0.35322757E+00 -0.48658439E+01
  0.35793727E+00 -0.48712415E+01
  0.36264697E+00 -0.48764569E+01
  0.36735667E+00 -0.48814868E+01
  0.37206637E+00 -0.48863283E+01
  0.37677607E+00 -0.48909785E+01
  0.38148577E+00 -0.48954344E+01
  0.38619547E+00 -0.48996932E+01
  0.39090518E+00 -0.49037520E+01
  0.39561488E+00 -0.49076082E+01
  0.40032458E+00 -0.49112590E+01
  0.40503428E+00 -0.49147021E+01
  0.40974398E+00 -0.49179348E+01
  0.41445368E+00 -0.49209550E+01
  0.41916338E+00 -0.49237603E+01
  0.42387308E+00 -0.49263488E+01
  0.42858278E+00 -0.49287185E+01
  0.43329248E+00 -0.49308676E+01
  0.43800218E+00 -0.49327944E+01
  0.44271189E+00 -0.49344975E+01
  0.44742159E+00 -0.49359756E+01
  0.45213129E+00 -0.49372275E+01
  0.45684099E+00 -0.49382522E+01
  0.46155069E+00 -0.49390489E+01
  0.46626039E+00 -0.49396171E+01
  0.47097009E+00 -0.49399562E+01
  0.47567979E+00 -0.49400661E+01
  0.48037912E+00 -0.49362637E+01
  0.48507844E+00 -0.49276171E+01
  0.48977777E+00 -0.49172292E+01
  0.49447710E+00 -0.49063376E+01
  0.49917642E+00 -0.48954114E+01
  0.50387575E+00 -0.48846675E+01
  0.50857508E+00 -0.48742299E+01
  0.51327440E+00 -0.48641836E+01
  0.51797373E+00 -0.48545954E+01
  0.52267306E+00 -0.48455218E+01
  0.52737238E+00 -0.48370133E+01
  0.53207171E+00 -0.48291155E+01
  0.53677103E+00 -0.48218694E+01
  0.54147036E+00 -0.48153116E+01
  0.54616969E+00 -0.48094736E+01
  0.55086901E+00 -0.48043809E+01
  0.55556834E+00 -0.48000532E+01
  0.56026767E+00 -0.47965033E+01
  0.56496699E+00 -0.47937372E+01
  0.56966632E+00 -0.47917542E+01
  0.57436565E+00 -0.47905465E+01
  0.57906497E+00 -0.47901004E+01
  0.58376430E+00 -0.47903963E+01
  0.58846362E+00 -0.47914098E+01
  0.59316295E+00 -0.47931122E+01
  0.59786228E+00 -0.47954716E+01
  0.60256160E+00 -0.47984535E+01
  0.60726093E+00 -0.48020216E+01
  0.61196026E+00 -0.48061386E+01
  0.61665958E+00 -0.48107668E+01
  0.62135891E+00 -0.48158682E+01
  0.62605824E+00 -0.48214053E+01
  0.63075756E+00 -0.48273415E+01
  0.63545689E+00 -0.48336406E+01
  0.64015621E+00 -0.48402678E+01
  0.64485554E+00 -0.48471891E+01
  0.64955487E+00 -0.48543719E+01
  0.65425419E+00 -0.48617845E+01
  0.65895352E+00 -0.48693962E+01
  0.66365285E+00 -0.48771774E+01
  0.66835217E+00 -0.48850994E+01
  0.67305150E+00 -0.48931341E+01
  0.67775083E+00 -0.49012543E+01
  0.68245015E+00 -0.49094331E+01
  0.68714948E+00 -0.49176443E+01
  0.69184880E+00 -0.49258616E+01
  0.69654813E+00 -0.49340592E+01
  0.70124746E+00 -0.49422109E+01
  0.70594678E+00 -0.49502905E+01
  0.71064611E+00 -0.49582716E+01
  0.71534544E+00 -0.49661269E+01
  0.72004476E+00 -0.49738287E+01
  0.72474409E+00 -0.49813484E+01
  0.72944342E+00 -0.49886562E+01
  0.73414274E+00 -0.49957213E+01
  0.73884207E+00 -0.50025113E+01
  0.74354139E+00 -0.50089923E+01
  0.74824072E+00 -0.50151287E+01
  0.75294005E+00 -0.50208827E+01
  0.75763937E+00 -0.50262149E+01
  0.76233870E+00 -0.50310836E+01
  0.76703803E+00 -0.50354448E+01
  0.77173735E+00 -0.50392526E+01
  0.77643668E+00 -0.50424591E+01
  0.78113601E+00 -0.50450147E+01
  0.78583533E+00 -0.50468682E+01
  0.79053466E+00 -0.50479680E+01
  0.79523398E+00 -0.50482620E+01
  0.79993331E+00 -0.50476991E+01
  0.80463264E+00 -0.50462297E+01
  0.80933196E+00 -0.50438073E+01
  0.81403129E+00 -0.50403892E+01
  0.81873062E+00 -0.50359384E+01
  0.82342994E+00 -0.50304239E+01
  0.82812927E+00 -0.50238223E+01
  0.83282859E+00 -0.50161183E+01
  0.83752792E+00 -0.50073055E+01
  0.84222725E+00 -0.49973858E+01
  0.84692657E+00 -0.49863701E+01
  0.85162590E+00 -0.49742771E+01
  0.85632523E+00 -0.49611329E+01
  0.86102455E+00 -0.49469702E+01
  0.86572388E+00 -0.49318268E+01
  0.87042321E+00 -0.49157450E+01
  0.87512253E+00 -0.48987703E+01
  0.87982186E+00 -0.48809506E+01
  0.88452118E+00 -0.48623353E+01
  0.88922051E+00 -0.48429744E+01
  0.89391984E+00 -0.48229183E+01
  0.89861916E+00 -0.48022168E+01
  0.90331849E+00 -0.47809192E+01
  0.90801782E+00 -0.47590736E+01
  0.91271714E+00 -0.47367272E+01
  0.91741647E+00 -0.47139258E+01
  0.92211580E+00 -0.46907139E+01
  0.92681512E+00 -0.46671346E+01
  0.93151445E+00 -0.46432297E+01
  0.93621377E+00 -0.46190399E+01
  0.94091310E+00 -0.45946046E+01
  0.94561243E+00 -0.45699621E+01
  0.95031175E+00 -0.45451495E+01
  0.95501108E+00 -0.45202033E+01
  0.95971041E+00 -0.44951589E+01
  0.96440973E+00 -0.44700509E+01
  0.96910906E+00 -0.44449135E+01
  0.97380839E+00 -0.44197800E+01
  0.97850771E+00 -0.43946831E+01
  0.98320704E+00 -0.43696554E+01
  0.98790636E+00 -0.43447285E+01
  0.99260569E+00 -0.43199340E+01
  0.99730502E+00 -0.42953029E+01
  0.10020043E+01 -0.42708659E+01
  0.10067037E+01 -0.42466530E+01
  0.10114030E+01 -0.42226942E+01
  0.10161023E+01 -0.41990186E+01
  0.10208016E+01 -0.41756552E+01
  0.10255010E+01 -0.41526319E+01
  0.10302003E+01 -0.41299765E+01
  0.10348996E+01 -0.41077155E+01
  0.10395990E+01 -0.40858749E+01
  0.10442983E+01 -0.40644797E+01
  0.10489976E+01 -0.40435537E+01
  0.10536969E+01 -0.40231195E+01
  0.10583963E+01 -0.40031985E+01
  0.10630956E+01 -0.39838105E+01
  0.10677949E+01 -0.39649740E+01
  0.10724942E+01 -0.39467056E+01
  0.10771936E+01 -0.39290202E+01
  0.10818929E+01 -0.39119309E+01
  0.10865922E+01 -0.38954489E+01
  0.10912915E+01 -0.38795833E+01
  0.10959909E+01 -0.38643414E+01
  0.11006902E+01 -0.38497282E+01
  0.11053895E+01 -0.38357471E+01
  0.11100888E+01 -0.38223991E+01
  0.11147882E+01 -0.38096835E+01
  0.11194875E+01 -0.37975977E+01
  0.11241868E+01 -0.37861373E+01
  0.11288862E+01 -0.37752960E+01
  0.11335855E+01 -0.37650661E+01
  0.11382848E+01 -0.37554382E+01
  0.11429841E+01 -0.37464016E+01
  0.11476835E+01 -0.37379441E+01
  0.11523828E+01 -0.37300525E+01
  0.11570821E+01 -0.37227122E+01
  0.11617814E+01 -0.37159077E+01
  0.11664808E+01 -0.37096224E+01
  0.11711801E+01 -0.37038389E+01
  0.11758794E+01 -0.36985388E+01
  0.11805787E+01 -0.36937029E+01
  0.11852781E+01 -0.36893114E+01
  0.11899774E+01 -0.36853436E+01
  0.11946767E+01 -0.36817786E+01
  0.11993761E+01 -0.36785946E+01
  0.12040754E+01 -0.36757696E+01
  0.12087747E+01 -0.36732815E+01
  0.12134740E+01 -0.36711080E+01
  0.12181734E+01 -0.36692271E+01
  0.12228727E+01 -0.36676173E+01
  0.12275720E+01 -0.36662579E+01
  0.12322713E+01 -0.36651294E+01
  0.12369707E+01 -0.36642136E+01
  0.12416700E+01 -0.36634944E+01
  0.12463693E+01 -0.36629578E+01
  0.12510686E+01 -0.36625925E+01
  0.12557680E+01 -0.36623901E+01
  0.12604673E+01 -0.36623452E+01
  0.12651770E+01 -0.36627414E+01
  0.12698867E+01 -0.36638799E+01
  0.12745964E+01 -0.36657594E+01
  0.12793061E+01 -0.36683772E+01
  0.12840158E+01 -0.36717302E+01
  0.12887255E+01 -0.36758141E+01
  0.12934352E+01 -0.36806238E+01
  0.12981449E+01 -0.36861533E+01
  0.13028546E+01 -0.36923957E+01
  0.13075643E+01 -0.36993431E+01
  0.13122740E+01 -0.37069869E+01
  0.13169837E+01 -0.37153171E+01
  0.13216934E+01 -0.37243211E+01
  0.13264031E+01 -0.37339755E+01
  0.13311128E+01 -0.37431923E+01
  0.13358225E+01 -0.37447871E+01
  0.13405322E+01 -0.37460763E+01
  0.13452419E+01 -0.37473201E+01
  0.13499516E+01 -0.37485162E+01
  0.13546613E+01 -0.37496559E+01
  0.13593710E+01 -0.37507298E+01
  0.13640807E+01 -0.37517289E+01
  0.13687904E+01 -0.37526447E+01
  0.13735001E+01 -0.37534690E+01
  0.13782098E+01 -0.37541947E+01
  0.13829195E+01 -0.37548151E+01
  0.13876292E+01 -0.37553240E+01
  0.13923389E+01 -0.37557163E+01
  0.13970486E+01 -0.37559871E+01
  0.14017583E+01 -0.37561323E+01
  0.14064680E+01 -0.37561484E+01
  0.14111777E+01 -0.37560324E+01
  0.14158874E+01 -0.37557822E+01
  0.14205971E+01 -0.37553958E+01
  0.14253068E+01 -0.37548721E+01
  0.14300165E+01 -0.37542103E+01
  0.14347262E+01 -0.37534103E+01
  0.14394359E+01 -0.37524724E+01
  0.14441456E+01 -0.37513974E+01
  0.14488553E+01 -0.37501868E+01
  0.14535650E+01 -0.37488422E+01
  0.14582747E+01 -0.37473661E+01
  0.14629844E+01 -0.37457612E+01
  0.14676941E+01 -0.37440310E+01
  0.14724038E+01 -0.37421792E+01
  0.14771135E+01 -0.37402103E+01
  0.14818232E+01 -0.37381291E+01
  0.14865329E+01 -0.37359413E+01
  0.14912426E+01 -0.37336528E+01
  0.14959523E+01 -0.37312703E+01
  0.15006620E+01 -0.37288013E+01
  0.15053717E+01 -0.37262537E+01
  0.15100814E+01 -0.37236363E+01
  0.15147911E+01 -0.37209586E+01
  0.15195008E+01 -0.37182312E+01
  0.15242105E+01 -0.37154651E+01
  0.15289202E+01 -0.37126727E+01
  0.15336299E+01 -0.37098671E+01
  0.15383396E+01 -0.37070629E+01
  0.15430493E+01 -0.37042755E+01
  0.15477590E+01 -0.37015219E+01
  0.15524687E+01 -0.36988201E+01
  0.15571785E+01 -0.36961900E+01
  0.15618882E+01 -0.36936529E+01
  0.15665979E+01 -0.36912317E+01
  0.15713076E+01 -0.36889514E+01
  0.15760173E+01 -0.36868385E+01
  0.15807270E+01 -0.36849219E+01
  0.15854367E+01 -0.36832324E+01
  0.15901464E+01 -0.36818028E+01
  0.15948561E+01 -0.36806683E+01
  0.15995658E+01 -0.36798661E+01
  0.16042755E+01 -0.36794354E+01
  0.16089852E+01 -0.36794175E+01
  0.16136949E+01 -0.36798552E+01
  0.16184046E+01 -0.36807928E+01
  0.16231143E+01 -0.36822754E+01
  0.16278240E+01 -0.36843487E+01
  0.16325337E+01 -0.36870579E+01
  0.16372434E+01 -0.36904475E+01
  0.16419531E+01 -0.36945597E+01
  0.16466628E+01 -0.36994343E+01
  0.16513725E+01 -0.37051071E+01
  0.16560822E+01 -0.37116095E+01
  0.16607919E+01 -0.37189671E+01
  0.16655016E+01 -0.37109732E+01
  0.16702113E+01 -0.37009229E+01
  0.16749210E+01 -0.36908254E+01
  0.16796307E+01 -0.36806838E+01
  0.16843404E+01 -0.36705015E+01
  0.16890501E+01 -0.36602822E+01
  0.16937598E+01 -0.36500296E+01
  0.16984695E+01 -0.36397478E+01
  0.17031792E+01 -0.36294414E+01
  0.17078889E+01 -0.36191150E+01
  0.17125986E+01 -0.36087739E+01
  0.17173083E+01 -0.35984242E+01
  0.17220180E+01 -0.35880736E+01
  0.17267277E+01 -0.35777345E+01
  0.17314374E+01 -0.35674458E+01
  0.17361471E+01 -0.35585276E+01
  0.17408464E+01 -0.35588571E+01
  0.17455457E+01 -0.35597220E+01
  0.17502451E+01 -0.35610518E+01
  0.17549444E+01 -0.35627864E+01
  0.17596437E+01 -0.35648802E+01
  0.17643430E+01 -0.35672947E+01
  0.17690424E+01 -0.35699948E+01
  0.17737417E+01 -0.35729455E+01
  0.17784410E+01 -0.35761113E+01
  0.17831403E+01 -0.35794560E+01
  0.17878397E+01 -0.35829423E+01
  0.17925390E+01 -0.35865330E+01
  0.17972383E+01 -0.35901905E+01
  0.18019377E+01 -0.35938783E+01
  0.18066370E+01 -0.35975608E+01
  0.18113363E+01 -0.36012046E+01
  0.18160356E+01 -0.36047784E+01
  0.18207350E+01 -0.36082540E+01
  0.18254343E+01 -0.36116061E+01
  0.18301336E+01 -0.36148131E+01
  0.18348329E+01 -0.36178568E+01
  0.18395323E+01 -0.36207227E+01
  0.18442316E+01 -0.36233997E+01
  0.18489309E+01 -0.36258798E+01
  0.18536302E+01 -0.36281581E+01
  0.18583296E+01 -0.36302319E+01
  0.18630289E+01 -0.36321008E+01
  0.18677282E+01 -0.36337662E+01
  0.18724275E+01 -0.36352306E+01
  0.18771269E+01 -0.36364974E+01
  0.18818262E+01 -0.36375710E+01
  0.18865255E+01 -0.36384564E+01
  0.18912249E+01 -0.36391594E+01
  0.18959242E+01 -0.36396868E+01
  0.19006235E+01 -0.36400468E+01
  0.19053228E+01 -0.36402494E+01
  0.19100222E+01 -0.36403073E+01
  0.19147215E+01 -0.36402360E+01
  0.19194208E+01 -0.36400554E+01
  0.19241201E+01 -0.36397908E+01
  0.19288195E+01 -0.36394750E+01
  0.19335188E+01 -0.36391509E+01
  0.19382181E+01 -0.36388768E+01
  0.19429174E+01 -0.36387331E+01
  0.19476168E+01 -0.36388349E+01
  0.19523161E+01 -0.36393505E+01
  0.19570154E+01 -0.36405318E+01
  0.19617147E+01 -0.36427557E+01
  0.19664141E+01 -0.36465552E+01
  0.19711134E+01 -0.36525564E+01
  0.19758127E+01 -0.36612277E+01
  0.19805121E+01 -0.36726089E+01
  0.19852114E+01 -0.36862984E+01
  0.19899107E+01 -0.37016865E+01
  0.19946100E+01 -0.37181936E+01
  0.19993094E+01 -0.37353726E+01
  0.20040087E+01 -0.37529077E+01
  0.20087080E+01 -0.37705819E+01
  0.20134073E+01 -0.37882445E+01
  0.20181067E+01 -0.38057885E+01
  0.20228060E+01 -0.38231358E+01
  0.20275053E+01 -0.38402273E+01
  0.20322046E+01 -0.38570173E+01
  0.20369040E+01 -0.38734693E+01
  0.20416033E+01 -0.38895537E+01
  0.20463026E+01 -0.39052459E+01
  0.20510020E+01 -0.39205252E+01
  0.20557013E+01 -0.39353743E+01
  0.20604006E+01 -0.39497784E+01
  0.20650999E+01 -0.39637252E+01
  0.20697993E+01 -0.39772043E+01
  0.20744986E+01 -0.39902070E+01
  0.20791979E+01 -0.40027266E+01
  0.20838972E+01 -0.40147576E+01
  0.20885966E+01 -0.40262963E+01
  0.20932959E+01 -0.40373402E+01
  0.20979952E+01 -0.40478882E+01
  0.21026945E+01 -0.40579403E+01
  0.21073939E+01 -0.40674977E+01
  0.21120932E+01 -0.40765626E+01
  0.21167925E+01 -0.40851378E+01
  0.21214918E+01 -0.40932271E+01
  0.21261912E+01 -0.41008345E+01
  0.21308905E+01 -0.41079645E+01
  0.21355898E+01 -0.41146218E+01
  0.21402892E+01 -0.41208114E+01
  0.21449885E+01 -0.41265384E+01
  0.21496878E+01 -0.41318078E+01
  0.21543871E+01 -0.41366253E+01
  0.21590865E+01 -0.41409964E+01
  0.21637858E+01 -0.41449273E+01
  0.21684851E+01 -0.41484243E+01
  0.21731844E+01 -0.41514944E+01
  0.21778838E+01 -0.41541447E+01
  0.21825831E+01 -0.41563831E+01
  0.21872824E+01 -0.41582177E+01
  0.21919817E+01 -0.41596571E+01
  0.21966811E+01 -0.41607103E+01
  0.22013804E+01 -0.41613869E+01
  0.22060797E+01 -0.41616967E+01
  0.22107790E+01 -0.41616498E+01
  0.22154784E+01 -0.41612570E+01
  0.22201777E+01 -0.41605290E+01
  0.22248770E+01 -0.41594772E+01
  0.22295764E+01 -0.41581131E+01
  0.22342757E+01 -0.41564486E+01
  0.22389750E+01 -0.41544961E+01
  0.22436743E+01 -0.41522679E+01
  0.22483737E+01 -0.41497771E+01
  0.22530730E+01 -0.41470368E+01
  0.22577723E+01 -0.41440607E+01
  0.22624716E+01 -0.41408628E+01
  0.22671710E+01 -0.41374575E+01
  0.22718703E+01 -0.41338597E+01
  0.22765696E+01 -0.41300846E+01
  0.22812689E+01 -0.41261483E+01
  0.22859683E+01 -0.41220670E+01
  0.22906676E+01 -0.41178577E+01
  0.22953669E+01 -0.41135380E+01
  0.23000662E+01 -0.41091257E+01
  0.23047656E+01 -0.41046394E+01
  0.23094649E+01 -0.41000979E+01
  0.23141642E+01 -0.40955202E+01
  0.23188636E+01 -0.40909259E+01
  0.23235629E+01 -0.40863344E+01
  0.23282622E+01 -0.40817655E+01
  0.23329615E+01 -0.40772396E+01
  0.23376609E+01 -0.40727775E+01
  0.23423602E+01 -0.40684012E+01
  0.23470595E+01 -0.40641342E+01
  0.23517588E+01 -0.40600017E+01
  0.23564582E+01 -0.40560313E+01
  0.23611575E+01 -0.40522529E+01
  0.23658568E+01 -0.40486996E+01
  0.23705561E+01 -0.40454077E+01
  0.23752555E+01 -0.40424166E+01
  0.23799548E+01 -0.40397692E+01
  0.23846541E+01 -0.40375119E+01
  0.23893534E+01 -0.40356938E+01
  0.23940528E+01 -0.40343663E+01
  0.23987521E+01 -0.40335820E+01
  0.24034514E+01 -0.40333930E+01
  0.24081508E+01 -0.40338491E+01
  0.24128501E+01 -0.40349949E+01
  0.24175494E+01 -0.40368674E+01
  0.24222487E+01 -0.40394926E+01
  0.24269481E+01 -0.40428831E+01
  0.24316474E+01 -0.40470358E+01
  0.24363467E+01 -0.40519307E+01
  0.24410460E+01 -0.40575312E+01
  0.24457454E+01 -0.40637848E+01
  0.24504447E+01 -0.40706254E+01
  0.24551440E+01 -0.40779753E+01
  0.24598433E+01 -0.40857473E+01
  0.24645427E+01 -0.40938464E+01
  0.24692420E+01 -0.41021705E+01
  0.24739413E+01 -0.41106104E+01
  0.24786406E+01 -0.41190488E+01
  0.24833400E+01 -0.41273592E+01
  0.24880393E+01 -0.41354022E+01
  0.24927386E+01 -0.41430202E+01
  0.24974380E+01 -0.41500293E+01
  0.25021373E+01 -0.41562199E+01
  0.25068366E+01 -0.41613697E+01
  0.25115359E+01 -0.41652657E+01
  0.25162353E+01 -0.41677295E+01
  0.25209346E+01 -0.41686425E+01
  
  0.00000000E+00 -0.41669551E+01
  0.47097009E-02 -0.41578016E+01
  0.94194018E-02 -0.41485921E+01
  0.14129103E-01 -0.41395632E+01
  0.18838804E-01 -0.41307345E+01
  0.23548505E-01 -0.41221235E+01
  0.28258205E-01 -0.41137488E+01
  0.32967906E-01 -0.41056297E+01
  0.37677607E-01 -0.40977875E+01
  0.42387308E-01 -0.40902449E+01
  0.47097009E-01 -0.40830267E+01
  0.51806710E-01 -0.40761592E+01
  0.56516411E-01 -0.40696711E+01
  0.61226112E-01 -0.40635930E+01
  0.65935813E-01 -0.40579576E+01
  0.70645514E-01 -0.40527993E+01
  0.75355215E-01 -0.40481544E+01
  0.80064916E-01 -0.40440607E+01
  0.84774616E-01 -0.40405566E+01
  0.89484317E-01 -0.40376810E+01
  0.94194018E-01 -0.40354721E+01
  0.98903719E-01 -0.40339666E+01
  0.10361342E+00 -0.40331984E+01
  0.10832312E+00 -0.40331976E+01
  0.11303282E+00 -0.40339889E+01
  0.11774252E+00 -0.40355909E+01
  0.12245222E+00 -0.40380149E+01
  0.12716192E+00 -0.40412644E+01
  0.13187163E+00 -0.40453347E+01
  0.13658133E+00 -0.40502130E+01
  0.14129103E+00 -0.40558790E+01
  0.14600073E+00 -0.40623055E+01
  0.15071043E+00 -0.40694598E+01
  0.15542013E+00 -0.40773047E+01
  0.16012983E+00 -0.40857996E+01
  0.16483953E+00 -0.40949017E+01
  0.16954923E+00 -0.41045672E+01
  0.17425893E+00 -0.41147524E+01
  0.17896863E+00 -0.41254136E+01
  0.18367834E+00 -0.41365086E+01
  0.18838804E+00 -0.41479966E+01
  0.19309774E+00 -0.41598383E+01
  0.19780744E+00 -0.41719966E+01
  0.20251714E+00 -0.41844360E+01
  0.20722684E+00 -0.41971231E+01
  0.21193654E+00 -0.42100262E+01
  0.21664624E+00 -0.42231157E+01
  0.22135594E+00 -0.42363631E+01
  0.22606564E+00 -0.42497420E+01
  0.23077534E+00 -0.42632270E+01
  0.23548505E+00 -0.42767941E+01
  0.24019475E+00 -0.42904206E+01
  0.24490445E+00 -0.43040848E+01
  0.24961415E+00 -0.43177659E+01
  0.25432385E+00 -0.43314441E+01
  0.25903355E+00 -0.43451004E+01
  0.26374325E+00 -0.43587163E+01
  0.26845295E+00 -0.43722745E+01
  0.27316265E+00 -0.43857577E+01
  0.27787235E+00 -0.43991497E+01
  0.28258205E+00 -0.44124346E+01
  0.28729176E+00 -0.44255970E+01
  0.29200146E+00 -0.44386220E+01
  0.29671116E+00 -0.44514952E+01
  0.30142086E+00 -0.44642026E+01
  0.30613056E+00 -0.44767307E+01
  0.31084026E+00 -0.44890663E+01
  0.31554996E+00 -0.45011966E+01
  0.32025966E+00 -0.45131094E+01
  0.32496936E+00 -0.45247925E+01
  0.32967906E+00 -0.45362346E+01
  0.33438876E+00 -0.45474242E+01
  0.33909847E+00 -0.45583507E+01
  0.34380817E+00 -0.45690035E+01
  0.34851787E+00 -0.45793726E+01
  0.35322757E+00 -0.45894483E+01
  0.35793727E+00 -0.45992213E+01
  0.36264697E+00 -0.46086825E+01
  0.36735667E+00 -0.46178235E+01
  0.37206637E+00 -0.46266360E+01
  0.37677607E+00 -0.46351122E+01
  0.38148577E+00 -0.46432445E+01
  0.38619547E+00 -0.46510260E+01
  0.39090518E+00 -0.46584499E+01
  0.39561488E+00 -0.46655098E+01
  0.40032458E+00 -0.46721998E+01
  0.40503428E+00 -0.46785141E+01
  0.40974398E+00 -0.46844475E+01
  0.41445368E+00 -0.46899951E+01
  0.41916338E+00 -0.46951523E+01
  0.42387308E+00 -0.46999149E+01
  0.42858278E+00 -0.47042789E+01
  0.43329248E+00 -0.47082409E+01
  0.43800218E+00 -0.47117976E+01
  0.44271189E+00 -0.47149461E+01
  0.44742159E+00 -0.47176840E+01
  0.45213129E+00 -0.47200090E+01
  0.45684099E+00 -0.47219192E+01
  0.46155069E+00 -0.47234132E+01
  0.46626039E+00 -0.47244896E+01
  0.47097009E+00 -0.47251476E+01
  0.47567979E+00 -0.47253865E+01
  0.48037912E+00 -0.47251393E+01
  0.48507844E+00 -0.47244357E+01
  0.48977777E+00 -0.47232772E+01
  0.49447710E+00 -0.47216666E+01
  0.49917642E+00 -0.47196074E+01
  0.50387575E+00 -0.47171045E+01
  0.50857508E+00 -0.47141635E+01
  0.51327440E+00 -0.47107911E+01
  0.51797373E+00 -0.47069948E+01
  0.52267306E+00 -0.47027831E+01
  0.52737238E+00 -0.46981653E+01
  0.53207171E+00 -0.46931514E+01
  0.53677103E+00 -0.46877522E+01
  0.54147036E+00 -0.46819793E+01
  0.54616969E+00 -0.46758447E+01
  0.55086901E+00 -0.46693612E+01
  0.55556834E+00 -0.46625421E+01
  0.56026767E+00 -0.46554010E+01
  0.56496699E+00 -0.46479523E+01
  0.56966632E+00 -0.46402107E+01
  0.57436565E+00 -0.46321911E+01
  0.57906497E+00 -0.46239090E+01
  0.58376430E+00 -0.46153801E+01
  0.58846362E+00 -0.46066204E+01
  0.59316295E+00 -0.45976462E+01
  0.59786228E+00 -0.45884740E+01
  0.60256160E+00 -0.45791206E+01
  0.60726093E+00 -0.45696028E+01
  0.61196026E+00 -0.45599378E+01
  0.61665958E+00 -0.45501428E+01
  0.62135891E+00 -0.45402351E+01
  0.62605824E+00 -0.45302322E+01
  0.63075756E+00 -0.45201517E+01
  0.63545689E+00 -0.45100111E+01
  0.64015621E+00 -0.44998280E+01
  0.64485554E+00 -0.44896200E+01
  0.64955487E+00 -0.44794047E+01
  0.65425419E+00 -0.44691994E+01
  0.65895352E+00 -0.44590212E+01
  0.66365285E+00 -0.44488873E+01
  0.66835217E+00 -0.44388140E+01
  0.67305150E+00 -0.44288177E+01
  0.67775083E+00 -0.44189139E+01
  0.68245015E+00 -0.44091174E+01
  0.68714948E+00 -0.43994424E+01
  0.69184880E+00 -0.43899020E+01
  0.69654813E+00 -0.43805081E+01
  0.70124746E+00 -0.43712713E+01
  0.70594678E+00 -0.43622009E+01
  0.71064611E+00 -0.43533043E+01
  0.71534544E+00 -0.43445871E+01
  0.72004476E+00 -0.43360531E+01
  0.72474409E+00 -0.43277038E+01
  0.72944342E+00 -0.43195386E+01
  0.73414274E+00 -0.43115545E+01
  0.73884207E+00 -0.43037463E+01
  0.74354139E+00 -0.42961064E+01
  0.74824072E+00 -0.42886250E+01
  0.75294005E+00 -0.42812901E+01
  0.75763937E+00 -0.42740878E+01
  0.76233870E+00 -0.42670022E+01
  0.76703803E+00 -0.42600158E+01
  0.77173735E+00 -0.42531098E+01
  0.77643668E+00 -0.42462642E+01
  0.78113601E+00 -0.42394580E+01
  0.78583533E+00 -0.42326697E+01
  0.79053466E+00 -0.42258773E+01
  0.79523398E+00 -0.42190586E+01
  0.79993331E+00 -0.42121916E+01
  0.80463264E+00 -0.42052543E+01
  0.80933196E+00 -0.41982253E+01
  0.81403129E+00 -0.41910838E+01
  0.81873062E+00 -0.41838096E+01
  0.82342994E+00 -0.41763833E+01
  0.82812927E+00 -0.41687865E+01
  0.83282859E+00 -0.41610017E+01
  0.83752792E+00 -0.41530125E+01
  0.84222725E+00 -0.41448037E+01
  0.84692657E+00 -0.41363611E+01
  0.85162590E+00 -0.41276718E+01
  0.85632523E+00 -0.41187241E+01
  0.86102455E+00 -0.41095076E+01
  0.86572388E+00 -0.41000132E+01
  0.87042321E+00 -0.40902330E+01
  0.87512253E+00 -0.40801607E+01
  0.87982186E+00 -0.40697911E+01
  0.88452118E+00 -0.40591208E+01
  0.88922051E+00 -0.40481477E+01
  0.89391984E+00 -0.40368712E+01
  0.89861916E+00 -0.40252926E+01
  0.90331849E+00 -0.40134146E+01
  0.90801782E+00 -0.40012420E+01
  0.91271714E+00 -0.39887812E+01
  0.91741647E+00 -0.39760410E+01
  0.92211580E+00 -0.39630319E+01
  0.92681512E+00 -0.39497673E+01
  0.93151445E+00 -0.39362625E+01
  0.93621377E+00 -0.39225358E+01
  0.94091310E+00 -0.39086084E+01
  0.94561243E+00 -0.38945046E+01
  0.95031175E+00 -0.38802519E+01
  0.95501108E+00 -0.38658816E+01
  0.95971041E+00 -0.38514285E+01
  0.96440973E+00 -0.38369319E+01
  0.96910906E+00 -0.38224347E+01
  0.97380839E+00 -0.38079843E+01
  0.97850771E+00 -0.37936320E+01
  0.98320704E+00 -0.37794329E+01
  0.98790636E+00 -0.37654450E+01
  0.99260569E+00 -0.37517285E+01
  0.99730502E+00 -0.37383440E+01
  0.10020043E+01 -0.37253512E+01
  0.10067037E+01 -0.37128064E+01
  0.10114030E+01 -0.37007603E+01
  0.10161023E+01 -0.36892554E+01
  0.10208016E+01 -0.36783241E+01
  0.10255010E+01 -0.36679873E+01
  0.10302003E+01 -0.36582534E+01
  0.10348996E+01 -0.36491186E+01
  0.10395990E+01 -0.36405678E+01
  0.10442983E+01 -0.36325762E+01
  0.10489976E+01 -0.36251112E+01
  0.10536969E+01 -0.36181348E+01
  0.10583963E+01 -0.36116050E+01
  0.10630956E+01 -0.36054779E+01
  0.10677949E+01 -0.35997092E+01
  0.10724942E+01 -0.35942547E+01
  0.10771936E+01 -0.35890712E+01
  0.10818929E+01 -0.35841171E+01
  0.10865922E+01 -0.35793523E+01
  0.10912915E+01 -0.35747384E+01
  0.10959909E+01 -0.35702382E+01
  0.11006902E+01 -0.35658164E+01
  0.11053895E+01 -0.35614386E+01
  0.11100888E+01 -0.35570717E+01
  0.11147882E+01 -0.35526835E+01
  0.11194875E+01 -0.35482429E+01
  0.11241868E+01 -0.35437197E+01
  0.11288862E+01 -0.35390849E+01
  0.11335855E+01 -0.35343111E+01
  0.11382848E+01 -0.35293727E+01
  0.11429841E+01 -0.35242468E+01
  0.11476835E+01 -0.35189138E+01
  0.11523828E+01 -0.35133585E+01
  0.11570821E+01 -0.35075712E+01
  0.11617814E+01 -0.35015490E+01
  0.11664808E+01 -0.34952967E+01
  0.11711801E+01 -0.34888281E+01
  0.11758794E+01 -0.34821667E+01
  0.11805787E+01 -0.34753458E+01
  0.11852781E+01 -0.34684086E+01
  0.11899774E+01 -0.34614077E+01
  0.11946767E+01 -0.34544032E+01
  0.11993761E+01 -0.34474619E+01
  0.12040754E+01 -0.34406549E+01
  0.12087747E+01 -0.34340557E+01
  0.12134740E+01 -0.34277384E+01
  0.12181734E+01 -0.34217753E+01
  0.12228727E+01 -0.34162360E+01
  0.12275720E+01 -0.34111851E+01
  0.12322713E+01 -0.34066819E+01
  0.12369707E+01 -0.34027790E+01
  0.12416700E+01 -0.33995218E+01
  0.12463693E+01 -0.33969481E+01
  0.12510686E+01 -0.33950875E+01
  0.12557680E+01 -0.33939613E+01
  0.12604673E+01 -0.33935824E+01
  0.12651770E+01 -0.33935349E+01
  0.12698867E+01 -0.33933873E+01
  0.12745964E+01 -0.33931396E+01
  0.12793061E+01 -0.33927921E+01
  0.12840158E+01 -0.33923450E+01
  0.12887255E+01 -0.33917987E+01
  0.12934352E+01 -0.33911538E+01
  0.12981449E+01 -0.33904107E+01
  0.13028546E+01 -0.33895702E+01
  0.13075643E+01 -0.33886329E+01
  0.13122740E+01 -0.33875997E+01
  0.13169837E+01 -0.33864716E+01
  0.13216934E+01 -0.33852496E+01
  0.13264031E+01 -0.33839348E+01
  0.13311128E+01 -0.33825286E+01
  0.13358225E+01 -0.33810322E+01
  0.13405322E+01 -0.33794472E+01
  0.13452419E+01 -0.33777751E+01
  0.13499516E+01 -0.33760177E+01
  0.13546613E+01 -0.33741768E+01
  0.13593710E+01 -0.33722545E+01
  0.13640807E+01 -0.33702528E+01
  0.13687904E+01 -0.33681741E+01
  0.13735001E+01 -0.33660208E+01
  0.13782098E+01 -0.33637955E+01
  0.13829195E+01 -0.33615012E+01
  0.13876292E+01 -0.33591407E+01
  0.13923389E+01 -0.33567173E+01
  0.13970486E+01 -0.33542345E+01
  0.14017583E+01 -0.33516960E+01
  0.14064680E+01 -0.33491057E+01
  0.14111777E+01 -0.33464680E+01
  0.14158874E+01 -0.33437872E+01
  0.14205971E+01 -0.33410684E+01
  0.14253068E+01 -0.33383167E+01
  0.14300165E+01 -0.33355379E+01
  0.14347262E+01 -0.33327378E+01
  0.14394359E+01 -0.33299231E+01
  0.14441456E+01 -0.33271007E+01
  0.14488553E+01 -0.33242779E+01
  0.14535650E+01 -0.33214630E+01
  0.14582747E+01 -0.33186644E+01
  0.14629844E+01 -0.33158915E+01
  0.14676941E+01 -0.33131540E+01
  0.14724038E+01 -0.33104627E+01
  0.14771135E+01 -0.33078288E+01
  0.14818232E+01 -0.33052645E+01
  0.14865329E+01 -0.33027827E+01
  0.14912426E+01 -0.33003971E+01
  0.14959523E+01 -0.32981223E+01
  0.15006620E+01 -0.32959738E+01
  0.15053717E+01 -0.32939678E+01
  0.15100814E+01 -0.32921212E+01
  0.15147911E+01 -0.32904520E+01
  0.15195008E+01 -0.32889784E+01
  0.15242105E+01 -0.32877197E+01
  0.15289202E+01 -0.32866951E+01
  0.15336299E+01 -0.32859243E+01
  0.15383396E+01 -0.32854272E+01
  0.15430493E+01 -0.32852232E+01
  0.15477590E+01 -0.32853315E+01
  0.15524687E+01 -0.32857705E+01
  0.15571785E+01 -0.32865573E+01
  0.15618882E+01 -0.32877080E+01
  0.15665979E+01 -0.32892367E+01
  0.15713076E+01 -0.32911557E+01
  0.15760173E+01 -0.32934750E+01
  0.15807270E+01 -0.32962021E+01
  0.15854367E+01 -0.32993418E+01
  0.15901464E+01 -0.33028965E+01
  0.15948561E+01 -0.33068654E+01
  0.15995658E+01 -0.33112454E+01
  0.16042755E+01 -0.33160306E+01
  0.16089852E+01 -0.33212129E+01
  0.16136949E+01 -0.33267820E+01
  0.16184046E+01 -0.33327256E+01
  0.16231143E+01 -0.33390298E+01
  0.16278240E+01 -0.33456796E+01
  0.16325337E+01 -0.33526588E+01
  0.16372434E+01 -0.33599506E+01
  0.16419531E+01 -0.33675374E+01
  0.16466628E+01 -0.33754019E+01
  0.16513725E+01 -0.33835263E+01
  0.16560822E+01 -0.33918931E+01
  0.16607919E+01 -0.34004852E+01
  0.16655016E+01 -0.34092856E+01
  0.16702113E+01 -0.34182781E+01
  0.16749210E+01 -0.34274468E+01
  0.16796307E+01 -0.34367767E+01
  0.16843404E+01 -0.34462532E+01
  0.16890501E+01 -0.34558624E+01
  0.16937598E+01 -0.34655910E+01
  0.16984695E+01 -0.34754265E+01
  0.17031792E+01 -0.34853569E+01
  0.17078889E+01 -0.34953707E+01
  0.17125986E+01 -0.35054567E+01
  0.17173083E+01 -0.35156041E+01
  0.17220180E+01 -0.35258013E+01
  0.17267277E+01 -0.35360325E+01
  0.17314374E+01 -0.35462567E+01
  0.17361471E+01 -0.35551527E+01
  0.17408464E+01 -0.35552028E+01
  0.17455457E+01 -0.35554697E+01
  0.17502451E+01 -0.35560116E+01
  0.17549444E+01 -0.35568674E+01
  0.17596437E+01 -0.35580545E+01
  0.17643430E+01 -0.35595750E+01
  0.17690424E+01 -0.35614212E+01
  0.17737417E+01 -0.35635780E+01
  0.17784410E+01 -0.35660254E+01
  0.17831403E+01 -0.35687388E+01
  0.17878397E+01 -0.35716901E+01
  0.17925390E+01 -0.35748486E+01
  0.17972383E+01 -0.35781807E+01
  0.18019377E+01 -0.35816517E+01
  0.18066370E+01 -0.35852251E+01
  0.18113363E+01 -0.35888643E+01
  0.18160356E+01 -0.35925325E+01
  0.18207350E+01 -0.35961937E+01
  0.18254343E+01 -0.35998131E+01
  0.18301336E+01 -0.36033577E+01
  0.18348329E+01 -0.36067968E+01
  0.18395323E+01 -0.36101025E+01
  0.18442316E+01 -0.36132496E+01
  0.18489309E+01 -0.36162168E+01
  0.18536302E+01 -0.36189860E+01
  0.18583296E+01 -0.36215428E+01
  0.18630289E+01 -0.36238765E+01
  0.18677282E+01 -0.36259802E+01
  0.18724275E+01 -0.36278508E+01
  0.18771269E+01 -0.36294885E+01
  0.18818262E+01 -0.36308972E+01
  0.18865255E+01 -0.36320835E+01
  0.18912249E+01 -0.36330574E+01
  0.18959242E+01 -0.36338308E+01
  0.19006235E+01 -0.36344184E+01
  0.19053228E+01 -0.36348367E+01
  0.19100222E+01 -0.36351047E+01
  0.19147215E+01 -0.36352436E+01
  0.19194208E+01 -0.36352782E+01
  0.19241201E+01 -0.36352378E+01
  0.19288195E+01 -0.36351584E+01
  0.19335188E+01 -0.36350855E+01
  0.19382181E+01 -0.36350792E+01
  0.19429174E+01 -0.36352216E+01
  0.19476168E+01 -0.36356278E+01
  0.19523161E+01 -0.36364629E+01
  0.19570154E+01 -0.36379643E+01
  0.19617147E+01 -0.36404657E+01
  0.19664141E+01 -0.36444058E+01
  0.19711134E+01 -0.36502990E+01
  0.19758127E+01 -0.36586201E+01
  0.19805121E+01 -0.36695484E+01
  0.19852114E+01 -0.36828058E+01
  0.19899107E+01 -0.36978272E+01
  0.19946100E+01 -0.37140312E+01
  0.19993094E+01 -0.37309559E+01
  0.20040087E+01 -0.37482721E+01
  0.20087080E+01 -0.37657534E+01
  0.20134073E+01 -0.37832430E+01
  0.20181067E+01 -0.38006308E+01
  0.20228060E+01 -0.38178366E+01
  0.20275053E+01 -0.38348007E+01
  0.20322046E+01 -0.38514773E+01
  0.20369040E+01 -0.38678302E+01
  0.20416033E+01 -0.38838299E+01
  0.20463026E+01 -0.38994524E+01
  0.20510020E+01 -0.39146773E+01
  0.20557013E+01 -0.39294873E+01
  0.20604006E+01 -0.39438676E+01
  0.20650999E+01 -0.39578051E+01
  0.20697993E+01 -0.39712887E+01
  0.20744986E+01 -0.39843086E+01
  0.20791979E+01 -0.39968560E+01
  0.20838972E+01 -0.40089235E+01
  0.20885966E+01 -0.40205046E+01
  0.20932959E+01 -0.40315938E+01
  0.20979952E+01 -0.40421863E+01
  0.21026945E+01 -0.40522785E+01
  0.21073939E+01 -0.40618675E+01
  0.21120932E+01 -0.40709515E+01
  0.21167925E+01 -0.40795295E+01
  0.21214918E+01 -0.40876019E+01
  0.21261912E+01 -0.40951700E+01
  0.21308905E+01 -0.41022366E+01
  0.21355898E+01 -0.41088055E+01
  0.21402892E+01 -0.41148820E+01
  0.21449885E+01 -0.41204725E+01
  0.21496878E+01 -0.41255845E+01
  0.21543871E+01 -0.41302265E+01
  0.21590865E+01 -0.41344079E+01
  0.21637858E+01 -0.41381387E+01
  0.21684851E+01 -0.41414295E+01
  0.21731844E+01 -0.41442913E+01
  0.21778838E+01 -0.41467355E+01
  0.21825831E+01 -0.41487738E+01
  0.21872824E+01 -0.41504180E+01
  0.21919817E+01 -0.41516800E+01
  0.21966811E+01 -0.41525721E+01
  0.22013804E+01 -0.41531063E+01
  0.22060797E+01 -0.41532947E+01
  0.22107790E+01 -0.41531496E+01
  0.22154784E+01 -0.41526829E+01
  0.22201777E+01 -0.41519069E+01
  0.22248770E+01 -0.41508335E+01
  0.22295764E+01 -0.41494746E+01
  0.22342757E+01 -0.41478423E+01
  0.22389750E+01 -0.41459482E+01
  0.22436743E+01 -0.41438041E+01
  0.22483737E+01 -0.41414216E+01
  0.22530730E+01 -0.41388123E+01
  0.22577723E+01 -0.41359876E+01
  0.22624716E+01 -0.41329591E+01
  0.22671710E+01 -0.41297382E+01
  0.22718703E+01 -0.41263361E+01
  0.22765696E+01 -0.41227644E+01
  0.22812689E+01 -0.41190344E+01
  0.22859683E+01 -0.41151578E+01
  0.22906676E+01 -0.41111463E+01
  0.22953669E+01 -0.41070121E+01
  0.23000662E+01 -0.41027679E+01
  0.23047656E+01 -0.40984268E+01
  0.23094649E+01 -0.40940032E+01
  0.23141642E+01 -0.40895126E+01
  0.23188636E+01 -0.40849722E+01
  0.23235629E+01 -0.40804007E+01
  0.23282622E+01 -0.40758192E+01
  0.23329615E+01 -0.40712506E+01
  0.23376609E+01 -0.40667206E+01
  0.23423602E+01 -0.40622567E+01
  0.23470595E+01 -0.40578893E+01
  0.23517588E+01 -0.40536508E+01
  0.23564582E+01 -0.40495764E+01
  0.23611575E+01 -0.40457037E+01
  0.23658568E+01 -0.40420731E+01
  0.23705561E+01 -0.40387275E+01
  0.23752555E+01 -0.40357127E+01
  0.23799548E+01 -0.40330771E+01
  0.23846541E+01 -0.40308710E+01
  0.23893534E+01 -0.40291465E+01
  0.23940528E+01 -0.40279562E+01
  0.23987521E+01 -0.40273516E+01
  0.24034514E+01 -0.40273821E+01
  0.24081508E+01 -0.40280921E+01
  0.24128501E+01 -0.40295191E+01
  0.24175494E+01 -0.40316912E+01
  0.24222487E+01 -0.40346251E+01
  0.24269481E+01 -0.40383245E+01
  0.24316474E+01 -0.40427790E+01
  0.24363467E+01 -0.40479645E+01
  0.24410460E+01 -0.40538428E+01
  0.24457454E+01 -0.40603630E+01
  0.24504447E+01 -0.40674626E+01
  0.24551440E+01 -0.40750680E+01
  0.24598433E+01 -0.40830953E+01
  0.24645427E+01 -0.40914511E+01
  0.24692420E+01 -0.41000314E+01
  0.24739413E+01 -0.41087210E+01
  0.24786406E+01 -0.41173914E+01
  0.24833400E+01 -0.41258983E+01
  0.24880393E+01 -0.41340804E+01
  0.24927386E+01 -0.41417609E+01
  0.24974380E+01 -0.41487544E+01
  0.25021373E+01 -0.41548717E+01
  0.25068366E+01 -0.41599217E+01
  0.25115359E+01 -0.41637193E+01
  0.25162353E+01 -0.41661024E+01
  0.25209346E+01 -0.41669551E+01
  
  0.00000000E+00 -0.37685953E+01
  0.47097009E-02 -0.37850256E+01
  0.94194018E-02 -0.38061375E+01
  0.14129103E-01 -0.38274637E+01
  0.18838804E-01 -0.38487408E+01
  0.23548505E-01 -0.38698029E+01
  0.28258205E-01 -0.38904810E+01
  0.32967906E-01 -0.39105842E+01
  0.37677607E-01 -0.39298937E+01
  0.42387308E-01 -0.39481610E+01
  0.47097009E-01 -0.39651113E+01
  0.51806710E-01 -0.39804551E+01
  0.56516411E-01 -0.39939098E+01
  0.61226112E-01 -0.40052295E+01
  0.65935813E-01 -0.40142397E+01
  0.70645514E-01 -0.40208638E+01
  0.75355215E-01 -0.40251345E+01
  0.80064916E-01 -0.40271815E+01
  0.84774616E-01 -0.40272052E+01
  0.89484317E-01 -0.40254429E+01
  0.94194018E-01 -0.40221395E+01
  0.98903719E-01 -0.40175272E+01
  0.10361342E+00 -0.40118144E+01
  0.10832312E+00 -0.40051813E+01
  0.11303282E+00 -0.39977803E+01
  0.11774252E+00 -0.39897387E+01
  0.12245222E+00 -0.39811622E+01
  0.12716192E+00 -0.39721380E+01
  0.13187163E+00 -0.39627386E+01
  0.13658133E+00 -0.39530244E+01
  0.14129103E+00 -0.39430458E+01
  0.14600073E+00 -0.39328452E+01
  0.15071043E+00 -0.39224587E+01
  0.15542013E+00 -0.39119171E+01
  0.16012983E+00 -0.39012471E+01
  0.16483953E+00 -0.38904717E+01
  0.16954923E+00 -0.38796113E+01
  0.17425893E+00 -0.38686838E+01
  0.17896863E+00 -0.38577054E+01
  0.18367834E+00 -0.38466905E+01
  0.18838804E+00 -0.38356524E+01
  0.19309774E+00 -0.38246031E+01
  0.19780744E+00 -0.38135539E+01
  0.20251714E+00 -0.38025151E+01
  0.20722684E+00 -0.37914966E+01
  0.21193654E+00 -0.37805078E+01
  0.21664624E+00 -0.37695573E+01
  0.22135594E+00 -0.37586537E+01
  0.22606564E+00 -0.37478052E+01
  0.23077534E+00 -0.37370197E+01
  0.23548505E+00 -0.37263051E+01
  0.24019475E+00 -0.37156695E+01
  0.24490445E+00 -0.37051217E+01
  0.24961415E+00 -0.36946771E+01
  0.25432385E+00 -0.36845993E+01
  0.25903355E+00 -0.36973156E+01
  0.26374325E+00 -0.37135053E+01
  0.26845295E+00 -0.37298681E+01
  0.27316265E+00 -0.37463651E+01
  0.27787235E+00 -0.37629687E+01
  0.28258205E+00 -0.37796533E+01
  0.28729176E+00 -0.37963940E+01
  0.29200146E+00 -0.38131667E+01
  0.29671116E+00 -0.38299474E+01
  0.30142086E+00 -0.38467126E+01
  0.30613056E+00 -0.38634388E+01
  0.31084026E+00 -0.38801028E+01
  0.31554996E+00 -0.38966816E+01
  0.32025966E+00 -0.39131521E+01
  0.32496936E+00 -0.39294914E+01
  0.32967906E+00 -0.39456764E+01
  0.33438876E+00 -0.39616842E+01
  0.33909847E+00 -0.39774918E+01
  0.34380817E+00 -0.39930759E+01
  0.34851787E+00 -0.40084135E+01
  0.35322757E+00 -0.40234811E+01
  0.35793727E+00 -0.40382554E+01
  0.36264697E+00 -0.40527129E+01
  0.36735667E+00 -0.40668298E+01
  0.37206637E+00 -0.40805827E+01
  0.37677607E+00 -0.40939477E+01
  0.38148577E+00 -0.41069011E+01
  0.38619547E+00 -0.41194194E+01
  0.39090518E+00 -0.41314788E+01
  0.39561488E+00 -0.41430559E+01
  0.40032458E+00 -0.41541277E+01
  0.40503428E+00 -0.41646713E+01
  0.40974398E+00 -0.41746642E+01
  0.41445368E+00 -0.41840845E+01
  0.41916338E+00 -0.41929109E+01
  0.42387308E+00 -0.42011230E+01
  0.42858278E+00 -0.42087011E+01
  0.43329248E+00 -0.42156266E+01
  0.43800218E+00 -0.42218821E+01
  0.44271189E+00 -0.42274513E+01
  0.44742159E+00 -0.42323195E+01
  0.45213129E+00 -0.42364736E+01
  0.45684099E+00 -0.42399020E+01
  0.46155069E+00 -0.42425950E+01
  0.46626039E+00 -0.42445447E+01
  0.47097009E+00 -0.42457452E+01
  0.47567979E+00 -0.42461928E+01
  0.48037912E+00 -0.42461362E+01
  0.48507844E+00 -0.42458291E+01
  0.48977777E+00 -0.42452631E+01
  0.49447710E+00 -0.42444243E+01
  0.49917642E+00 -0.42432939E+01
  0.50387575E+00 -0.42418480E+01
  0.50857508E+00 -0.42400587E+01
  0.51327440E+00 -0.42378940E+01
  0.51797373E+00 -0.42353191E+01
  0.52267306E+00 -0.42322967E+01
  0.52737238E+00 -0.42287884E+01
  0.53207171E+00 -0.42247552E+01
  0.53677103E+00 -0.42201592E+01
  0.54147036E+00 -0.42149644E+01
  0.54616969E+00 -0.42091377E+01
  0.55086901E+00 -0.42026503E+01
  0.55556834E+00 -0.41954784E+01
  0.56026767E+00 -0.41876038E+01
  0.56496699E+00 -0.41790145E+01
  0.56966632E+00 -0.41697052E+01
  0.57436565E+00 -0.41596766E+01
  0.57906497E+00 -0.41489357E+01
  0.58376430E+00 -0.41374952E+01
  0.58846362E+00 -0.41253725E+01
  0.59316295E+00 -0.41125897E+01
  0.59786228E+00 -0.40991720E+01
  0.60256160E+00 -0.40851477E+01
  0.60726093E+00 -0.40705470E+01
  0.61196026E+00 -0.40554015E+01
  0.61665958E+00 -0.40397435E+01
  0.62135891E+00 -0.40236059E+01
  0.62605824E+00 -0.40070214E+01
  0.63075756E+00 -0.39900223E+01
  0.63545689E+00 -0.39726404E+01
  0.64015621E+00 -0.39549066E+01
  0.64485554E+00 -0.39368511E+01
  0.64955487E+00 -0.39185030E+01
  0.65425419E+00 -0.38998904E+01
  0.65895352E+00 -0.38810404E+01
  0.66365285E+00 -0.38619791E+01
  0.66835217E+00 -0.38427316E+01
  0.67305150E+00 -0.38233235E+01
  0.67775083E+00 -0.38139059E+01
  0.68245015E+00 -0.38174647E+01
  0.68714948E+00 -0.38206077E+01
  0.69184880E+00 -0.38233234E+01
  0.69654813E+00 -0.38256033E+01
  0.70124746E+00 -0.38274402E+01
  0.70594678E+00 -0.38288284E+01
  0.71064611E+00 -0.38297634E+01
  0.71534544E+00 -0.38302425E+01
  0.72004476E+00 -0.38302648E+01
  0.72474409E+00 -0.38298312E+01
  0.72944342E+00 -0.38289448E+01
  0.73414274E+00 -0.38276107E+01
  0.73884207E+00 -0.38258361E+01
  0.74354139E+00 -0.38236303E+01
  0.74824072E+00 -0.38210048E+01
  0.75294005E+00 -0.38179730E+01
  0.75763937E+00 -0.38145500E+01
  0.76233870E+00 -0.38107528E+01
  0.76703803E+00 -0.38065998E+01
  0.77173735E+00 -0.38021104E+01
  0.77643668E+00 -0.37973054E+01
  0.78113601E+00 -0.37922060E+01
  0.78583533E+00 -0.37868341E+01
  0.79053466E+00 -0.37812119E+01
  0.79523398E+00 -0.37753614E+01
  0.79993331E+00 -0.37693048E+01
  0.80463264E+00 -0.37630636E+01
  0.80933196E+00 -0.37566591E+01
  0.81403129E+00 -0.37501117E+01
  0.81873062E+00 -0.37434413E+01
  0.82342994E+00 -0.37366668E+01
  0.82812927E+00 -0.37298062E+01
  0.83282859E+00 -0.37228764E+01
  0.83752792E+00 -0.37158934E+01
  0.84222725E+00 -0.37088721E+01
  0.84692657E+00 -0.37018263E+01
  0.85162590E+00 -0.36947687E+01
  0.85632523E+00 -0.36877109E+01
  0.86102455E+00 -0.36806634E+01
  0.86572388E+00 -0.36736354E+01
  0.87042321E+00 -0.36666352E+01
  0.87512253E+00 -0.36596698E+01
  0.87982186E+00 -0.36527452E+01
  0.88452118E+00 -0.36458660E+01
  0.88922051E+00 -0.36390358E+01
  0.89391984E+00 -0.36322570E+01
  0.89861916E+00 -0.36255306E+01
  0.90331849E+00 -0.36188563E+01
  0.90801782E+00 -0.36122326E+01
  0.91271714E+00 -0.36056565E+01
  0.91741647E+00 -0.35991235E+01
  0.92211580E+00 -0.35926273E+01
  0.92681512E+00 -0.35861601E+01
  0.93151445E+00 -0.35797122E+01
  0.93621377E+00 -0.35732717E+01
  0.94091310E+00 -0.35668247E+01
  0.94561243E+00 -0.35603548E+01
  0.95031175E+00 -0.35538433E+01
  0.95501108E+00 -0.35472684E+01
  0.95971041E+00 -0.35406055E+01
  0.96440973E+00 -0.35338272E+01
  0.96910906E+00 -0.35269026E+01
  0.97380839E+00 -0.35197979E+01
  0.97850771E+00 -0.35124763E+01
  0.98320704E+00 -0.35048988E+01
  0.98790636E+00 -0.34970243E+01
  0.99260569E+00 -0.34888113E+01
  0.99730502E+00 -0.34802189E+01
  0.10020043E+01 -0.34712090E+01
  0.10067037E+01 -0.34617484E+01
  0.10114030E+01 -0.34518115E+01
  0.10161023E+01 -0.34413822E+01
  0.10208016E+01 -0.34304565E+01
  0.10255010E+01 -0.34190440E+01
  0.10302003E+01 -0.34071685E+01
  0.10348996E+01 -0.33948678E+01
  0.10395990E+01 -0.33821929E+01
  0.10442983E+01 -0.33692060E+01
  0.10489976E+01 -0.33559781E+01
  0.10536969E+01 -0.33425869E+01
  0.10583963E+01 -0.33291141E+01
  0.10630956E+01 -0.33156430E+01
  0.10677949E+01 -0.33022563E+01
  0.10724942E+01 -0.32890344E+01
  0.10771936E+01 -0.32760533E+01
  0.10818929E+01 -0.32633832E+01
  0.10865922E+01 -0.32510872E+01
  0.10912915E+01 -0.32392205E+01
  0.10959909E+01 -0.32278288E+01
  0.11006902E+01 -0.32169487E+01
  0.11053895E+01 -0.32066068E+01
  0.11100888E+01 -0.31968204E+01
  0.11147882E+01 -0.31875977E+01
  0.11194875E+01 -0.31789386E+01
  0.11241868E+01 -0.31708362E+01
  0.11288862E+01 -0.31632771E+01
  0.11335855E+01 -0.31562435E+01
  0.11382848E+01 -0.31497140E+01
  0.11429841E+01 -0.31436646E+01
  0.11476835E+01 -0.31380698E+01
  0.11523828E+01 -0.31329038E+01
  0.11570821E+01 -0.31281406E+01
  0.11617814E+01 -0.31237546E+01
  0.11664808E+01 -0.31197215E+01
  0.11711801E+01 -0.31160181E+01
  0.11758794E+01 -0.31126224E+01
  0.11805787E+01 -0.31095141E+01
  0.11852781E+01 -0.31066741E+01
  0.11899774E+01 -0.31040852E+01
  0.11946767E+01 -0.31017311E+01
  0.11993761E+01 -0.30995972E+01
  0.12040754E+01 -0.30976700E+01
  0.12087747E+01 -0.30959374E+01
  0.12134740E+01 -0.30943882E+01
  0.12181734E+01 -0.30930123E+01
  0.12228727E+01 -0.30918007E+01
  0.12275720E+01 -0.30907453E+01
  0.12322713E+01 -0.30898390E+01
  0.12369707E+01 -0.30890756E+01
  0.12416700E+01 -0.30884498E+01
  0.12463693E+01 -0.30879573E+01
  0.12510686E+01 -0.30875948E+01
  0.12557680E+01 -0.30873599E+01
  0.12604673E+01 -0.30872512E+01
  0.12651770E+01 -0.30868260E+01
  0.12698867E+01 -0.30859093E+01
  0.12745964E+01 -0.30845069E+01
  0.12793061E+01 -0.30826270E+01
  0.12840158E+01 -0.30802801E+01
  0.12887255E+01 -0.30774789E+01
  0.12934352E+01 -0.30742383E+01
  0.12981449E+01 -0.30705748E+01
  0.13028546E+01 -0.30665070E+01
  0.13075643E+01 -0.30620546E+01
  0.13122740E+01 -0.30572387E+01
  0.13169837E+01 -0.30520818E+01
  0.13216934E+01 -0.30466070E+01
  0.13264031E+01 -0.30408382E+01
  0.13311128E+01 -0.30348002E+01
  0.13358225E+01 -0.30285179E+01
  0.13405322E+01 -0.30220168E+01
  0.13452419E+01 -0.30153227E+01
  0.13499516E+01 -0.30084612E+01
  0.13546613E+01 -0.30014583E+01
  0.13593710E+01 -0.29943399E+01
  0.13640807E+01 -0.29871317E+01
  0.13687904E+01 -0.29798594E+01
  0.13735001E+01 -0.29725485E+01
  0.13782098E+01 -0.29652242E+01
  0.13829195E+01 -0.29579116E+01
  0.13876292E+01 -0.29506354E+01
  0.13923389E+01 -0.29434202E+01
  0.13970486E+01 -0.29362900E+01
  0.14017583E+01 -0.29292686E+01
  0.14064680E+01 -0.29223796E+01
  0.14111777E+01 -0.29156458E+01
  0.14158874E+01 -0.29090901E+01
  0.14205971E+01 -0.29027344E+01
  0.14253068E+01 -0.28966007E+01
  0.14300165E+01 -0.28907100E+01
  0.14347262E+01 -0.28850832E+01
  0.14394359E+01 -0.28797402E+01
  0.14441456E+01 -0.28747007E+01
  0.14488553E+01 -0.28699835E+01
  0.14535650E+01 -0.28656067E+01
  0.14582747E+01 -0.28615878E+01
  0.14629844E+01 -0.28579432E+01
  0.14676941E+01 -0.28546887E+01
  0.14724038E+01 -0.28518391E+01
  0.14771135E+01 -0.28494079E+01
  0.14818232E+01 -0.28474080E+01
  0.14865329E+01 -0.28458507E+01
  0.14912426E+01 -0.28447462E+01
  0.14959523E+01 -0.28441035E+01
  0.15006620E+01 -0.28439299E+01
  0.15053717E+01 -0.28442314E+01
  0.15100814E+01 -0.28450124E+01
  0.15147911E+01 -0.28462753E+01
  0.15195008E+01 -0.28480211E+01
  0.15242105E+01 -0.28502486E+01
  0.15289202E+01 -0.28529546E+01
  0.15336299E+01 -0.28561341E+01
  0.15383396E+01 -0.28597794E+01
  0.15430493E+01 -0.28638808E+01
  0.15477590E+01 -0.28684261E+01
  0.15524687E+01 -0.28734006E+01
  0.15571785E+01 -0.28787868E+01
  0.15618882E+01 -0.28845647E+01
  0.15665979E+01 -0.28907113E+01
  0.15713076E+01 -0.28972006E+01
  0.15760173E+01 -0.29040038E+01
  0.15807270E+01 -0.29110890E+01
  0.15854367E+01 -0.29184209E+01
  0.15901464E+01 -0.29259615E+01
  0.15948561E+01 -0.29336693E+01
  0.15995658E+01 -0.29415000E+01
  0.16042755E+01 -0.29494064E+01
  0.16089852E+01 -0.29573385E+01
  0.16136949E+01 -0.29652437E+01
  0.16184046E+01 -0.29730677E+01
  0.16231143E+01 -0.29807542E+01
  0.16278240E+01 -0.29882464E+01
  0.16325337E+01 -0.29954868E+01
  0.16372434E+01 -0.30024186E+01
  0.16419531E+01 -0.30089865E+01
  0.16466628E+01 -0.30151375E+01
  0.16513725E+01 -0.30208221E+01
  0.16560822E+01 -0.30259951E+01
  0.16607919E+01 -0.30306165E+01
  0.16655016E+01 -0.30346524E+01
  0.16702113E+01 -0.30380753E+01
  0.16749210E+01 -0.30408648E+01
  0.16796307E+01 -0.30430072E+01
  0.16843404E+01 -0.30444962E+01
  0.16890501E+01 -0.30453318E+01
  0.16937598E+01 -0.30455202E+01
  0.16984695E+01 -0.30450730E+01
  0.17031792E+01 -0.30440065E+01
  0.17078889E+01 -0.30423410E+01
  0.17125986E+01 -0.30401000E+01
  0.17173083E+01 -0.30373095E+01
  0.17220180E+01 -0.30339973E+01
  0.17267277E+01 -0.30301932E+01
  0.17314374E+01 -0.30259319E+01
  0.17361471E+01 -0.30217474E+01
  0.17408464E+01 -0.30217909E+01
  0.17455457E+01 -0.30219265E+01
  0.17502451E+01 -0.30221582E+01
  0.17549444E+01 -0.30224917E+01
  0.17596437E+01 -0.30229336E+01
  0.17643430E+01 -0.30234919E+01
  0.17690424E+01 -0.30241765E+01
  0.17737417E+01 -0.30249997E+01
  0.17784410E+01 -0.30259766E+01
  0.17831403E+01 -0.30271263E+01
  0.17878397E+01 -0.30284717E+01
  0.17925390E+01 -0.30300412E+01
  0.17972383E+01 -0.30318686E+01
  0.18019377E+01 -0.30339943E+01
  0.18066370E+01 -0.30364665E+01
  0.18113363E+01 -0.30393416E+01
  0.18160356E+01 -0.30426861E+01
  0.18207350E+01 -0.30465766E+01
  0.18254343E+01 -0.30511011E+01
  0.18301336E+01 -0.30563590E+01
  0.18348329E+01 -0.30624614E+01
  0.18395323E+01 -0.30695286E+01
  0.18442316E+01 -0.30776791E+01
  0.18489309E+01 -0.30870057E+01
  0.18536302E+01 -0.30975599E+01
  0.18583296E+01 -0.31093577E+01
  0.18630289E+01 -0.31223839E+01
  0.18677282E+01 -0.31365949E+01
  0.18724275E+01 -0.31519216E+01
  0.18771269E+01 -0.31682752E+01
  0.18818262E+01 -0.31855550E+01
  0.18865255E+01 -0.32036542E+01
  0.18912249E+01 -0.32224657E+01
  0.18959242E+01 -0.32418856E+01
  0.19006235E+01 -0.32618152E+01
  0.19053228E+01 -0.32821616E+01
  0.19100222E+01 -0.33028376E+01
  0.19147215E+01 -0.33237610E+01
  0.19194208E+01 -0.33448528E+01
  0.19241201E+01 -0.33660356E+01
  0.19288195E+01 -0.33872303E+01
  0.19335188E+01 -0.34083531E+01
  0.19382181E+01 -0.34293097E+01
  0.19429174E+01 -0.34499877E+01
  0.19476168E+01 -0.34702441E+01
  0.19523161E+01 -0.34898875E+01
  0.19570154E+01 -0.35086504E+01
  0.19617147E+01 -0.35261549E+01
  0.19664141E+01 -0.35418889E+01
  0.19711134E+01 -0.35552478E+01
  0.19758127E+01 -0.35657193E+01
  0.19805121E+01 -0.35731632E+01
  0.19852114E+01 -0.35779120E+01
  0.19899107E+01 -0.35805598E+01
  0.19946100E+01 -0.35816904E+01
  0.19993094E+01 -0.35817534E+01
  0.20040087E+01 -0.35810601E+01
  0.20087080E+01 -0.35798190E+01
  0.20134073E+01 -0.35781699E+01
  0.20181067E+01 -0.35762081E+01
  0.20228060E+01 -0.35740005E+01
  0.20275053E+01 -0.35715955E+01
  0.20322046E+01 -0.35690293E+01
  0.20369040E+01 -0.35663298E+01
  0.20416033E+01 -0.35635192E+01
  0.20463026E+01 -0.35606158E+01
  0.20510020E+01 -0.35576352E+01
  0.20557013E+01 -0.35545908E+01
  0.20604006E+01 -0.35514947E+01
  0.20650999E+01 -0.35483580E+01
  0.20697993E+01 -0.35451910E+01
  0.20744986E+01 -0.35420034E+01
  0.20791979E+01 -0.35388047E+01
  0.20838972E+01 -0.35356040E+01
  0.20885966E+01 -0.35324103E+01
  0.20932959E+01 -0.35292325E+01
  0.20979952E+01 -0.35260793E+01
  0.21026945E+01 -0.35229598E+01
  0.21073939E+01 -0.35198827E+01
  0.21120932E+01 -0.35168572E+01
  0.21167925E+01 -0.35138922E+01
  0.21214918E+01 -0.35109970E+01
  0.21261912E+01 -0.35081808E+01
  0.21308905E+01 -0.35054528E+01
  0.21355898E+01 -0.35028222E+01
  0.21402892E+01 -0.35002981E+01
  0.21449885E+01 -0.34978894E+01
  0.21496878E+01 -0.34956044E+01
  0.21543871E+01 -0.34934512E+01
  0.21590865E+01 -0.34914371E+01
  0.21637858E+01 -0.34895693E+01
  0.21684851E+01 -0.34878539E+01
  0.21731844E+01 -0.34862973E+01
  0.21778838E+01 -0.34849051E+01
  0.21825831E+01 -0.34836832E+01
  0.21872824E+01 -0.34826376E+01
  0.21919817E+01 -0.34817742E+01
  0.21966811E+01 -0.34810996E+01
  0.22013804E+01 -0.34806207E+01
  0.22060797E+01 -0.34803448E+01
  0.22107790E+01 -0.34802799E+01
  0.22154784E+01 -0.34804344E+01
  0.22201777E+01 -0.34808172E+01
  0.22248770E+01 -0.34814380E+01
  0.22295764E+01 -0.34823067E+01
  0.22342757E+01 -0.34834340E+01
  0.22389750E+01 -0.34848308E+01
  0.22436743E+01 -0.34865086E+01
  0.22483737E+01 -0.34884792E+01
  0.22530730E+01 -0.34907543E+01
  0.22577723E+01 -0.34933459E+01
  0.22624716E+01 -0.34962659E+01
  0.22671710E+01 -0.34995257E+01
  0.22718703E+01 -0.35031364E+01
  0.22765696E+01 -0.35071081E+01
  0.22812689E+01 -0.35114503E+01
  0.22859683E+01 -0.35161712E+01
  0.22906676E+01 -0.35212778E+01
  0.22953669E+01 -0.35267760E+01
  0.23000662E+01 -0.35326705E+01
  0.23047656E+01 -0.35389650E+01
  0.23094649E+01 -0.35456607E+01
  0.23141642E+01 -0.35527543E+01
  0.23188636E+01 -0.35602338E+01
  0.23235629E+01 -0.35680770E+01
  0.23282622E+01 -0.35762540E+01
  0.23329615E+01 -0.35847308E+01
  0.23376609E+01 -0.35934721E+01
  0.23423602E+01 -0.36024424E+01
  0.23470595E+01 -0.36116050E+01
  0.23517588E+01 -0.36209221E+01
  0.23564582E+01 -0.36303537E+01
  0.23611575E+01 -0.36398580E+01
  0.23658568E+01 -0.36493902E+01
  0.23705561E+01 -0.36589031E+01
  0.23752555E+01 -0.36683466E+01
  0.23799548E+01 -0.36776676E+01
  0.23846541E+01 -0.36868106E+01
  0.23893534E+01 -0.36957176E+01
  0.23940528E+01 -0.37043287E+01
  0.23987521E+01 -0.37125838E+01
  0.24034514E+01 -0.37204229E+01
  0.24081508E+01 -0.37277891E+01
  0.24128501E+01 -0.37346297E+01
  0.24175494E+01 -0.37408996E+01
  0.24222487E+01 -0.37465632E+01
  0.24269481E+01 -0.37515970E+01
  0.24316474E+01 -0.37559910E+01
  0.24363467E+01 -0.37597497E+01
  0.24410460E+01 -0.37628916E+01
  0.24457454E+01 -0.37654480E+01
  0.24504447E+01 -0.37674609E+01
  0.24551440E+01 -0.37689807E+01
  0.24598433E+01 -0.37700633E+01
  0.24645427E+01 -0.37707677E+01
  0.24692420E+01 -0.37711535E+01
  0.24739413E+01 -0.37712795E+01
  0.24786406E+01 -0.37712021E+01
  0.24833400E+01 -0.37709742E+01
  0.24880393E+01 -0.37706448E+01
  0.24927386E+01 -0.37702584E+01
  0.24974380E+01 -0.37698548E+01
  0.25021373E+01 -0.37694686E+01
  0.25068366E+01 -0.37691291E+01
  0.25115359E+01 -0.37688598E+01
  0.25162353E+01 -0.37686782E+01
  0.25209346E+01 -0.37685953E+01
  
  0.00000000E+00 -0.37585833E+01
  0.47097009E-02 -0.37423260E+01
  0.94194018E-02 -0.37217865E+01
  0.14129103E-01 -0.37014008E+01
  0.18838804E-01 -0.36813792E+01
  0.23548505E-01 -0.36618087E+01
  0.28258205E-01 -0.36427522E+01
  0.32967906E-01 -0.36242628E+01
  0.37677607E-01 -0.36063883E+01
  0.42387308E-01 -0.35891724E+01
  0.47097009E-01 -0.35726557E+01
  0.51806710E-01 -0.35568759E+01
  0.56516411E-01 -0.35418680E+01
  0.61226112E-01 -0.35276646E+01
  0.65935813E-01 -0.35273451E+01
  0.70645514E-01 -0.35358912E+01
  0.75355215E-01 -0.35441648E+01
  0.80064916E-01 -0.35521255E+01
  0.84774616E-01 -0.35597320E+01
  0.89484317E-01 -0.35669425E+01
  0.94194018E-01 -0.35737157E+01
  0.98903719E-01 -0.35800119E+01
  0.10361342E+00 -0.35857940E+01
  0.10832312E+00 -0.35910284E+01
  0.11303282E+00 -0.35956869E+01
  0.11774252E+00 -0.35997473E+01
  0.12245222E+00 -0.36031945E+01
  0.12716192E+00 -0.36060211E+01
  0.13187163E+00 -0.36082276E+01
  0.13658133E+00 -0.36098226E+01
  0.14129103E+00 -0.36108219E+01
  0.14600073E+00 -0.36112479E+01
  0.15071043E+00 -0.36111286E+01
  0.15542013E+00 -0.36104962E+01
  0.16012983E+00 -0.36093860E+01
  0.16483953E+00 -0.36078352E+01
  0.16954923E+00 -0.36058818E+01
  0.17425893E+00 -0.36035638E+01
  0.17896863E+00 -0.36009185E+01
  0.18367834E+00 -0.35979819E+01
  0.18838804E+00 -0.35947881E+01
  0.19309774E+00 -0.35913694E+01
  0.19780744E+00 -0.35877559E+01
  0.20251714E+00 -0.35839756E+01
  0.20722684E+00 -0.35800543E+01
  0.21193654E+00 -0.35760159E+01
  0.21664624E+00 -0.35718821E+01
  0.22135594E+00 -0.35764297E+01
  0.22606564E+00 -0.35904035E+01
  0.23077534E+00 -0.36047587E+01
  0.23548505E+00 -0.36194647E+01
  0.24019475E+00 -0.36344913E+01
  0.24490445E+00 -0.36498076E+01
  0.24961415E+00 -0.36653769E+01
  0.25432385E+00 -0.36809147E+01
  0.25903355E+00 -0.36739731E+01
  0.26374325E+00 -0.36638528E+01
  0.26845295E+00 -0.36538346E+01
  0.27316265E+00 -0.36439380E+01
  0.27787235E+00 -0.36341719E+01
  0.28258205E+00 -0.36245435E+01
  0.28729176E+00 -0.36150594E+01
  0.29200146E+00 -0.36057258E+01
  0.29671116E+00 -0.35965491E+01
  0.30142086E+00 -0.35875351E+01
  0.30613056E+00 -0.35786900E+01
  0.31084026E+00 -0.35700194E+01
  0.31554996E+00 -0.35615291E+01
  0.32025966E+00 -0.35532248E+01
  0.32496936E+00 -0.35451118E+01
  0.32967906E+00 -0.35371956E+01
  0.33438876E+00 -0.35294813E+01
  0.33909847E+00 -0.35219741E+01
  0.34380817E+00 -0.35146789E+01
  0.34851787E+00 -0.35076004E+01
  0.35322757E+00 -0.35007434E+01
  0.35793727E+00 -0.34941122E+01
  0.36264697E+00 -0.34877112E+01
  0.36735667E+00 -0.34815445E+01
  0.37206637E+00 -0.34756160E+01
  0.37677607E+00 -0.34699296E+01
  0.38148577E+00 -0.34644888E+01
  0.38619547E+00 -0.34592970E+01
  0.39090518E+00 -0.34543575E+01
  0.39561488E+00 -0.34496735E+01
  0.40032458E+00 -0.34452481E+01
  0.40503428E+00 -0.34410877E+01
  0.40974398E+00 -0.34381045E+01
  0.41445368E+00 -0.34367220E+01
  0.41916338E+00 -0.34354466E+01
  0.42387308E+00 -0.34342703E+01
  0.42858278E+00 -0.34331921E+01
  0.43329248E+00 -0.34322117E+01
  0.43800218E+00 -0.34313288E+01
  0.44271189E+00 -0.34305432E+01
  0.44742159E+00 -0.34298547E+01
  0.45213129E+00 -0.34292633E+01
  0.45684099E+00 -0.34287689E+01
  0.46155069E+00 -0.34283716E+01
  0.46626039E+00 -0.34280715E+01
  0.47097009E+00 -0.34278687E+01
  0.47567979E+00 -0.34277634E+01
  0.48037912E+00 -0.34336520E+01
  0.48507844E+00 -0.34439835E+01
  0.48977777E+00 -0.34550837E+01
  0.49447710E+00 -0.34664000E+01
  0.49917642E+00 -0.34777915E+01
  0.50387575E+00 -0.34892034E+01
  0.50857508E+00 -0.35006068E+01
  0.51327440E+00 -0.35119833E+01
  0.51797373E+00 -0.35233189E+01
  0.52267306E+00 -0.35346019E+01
  0.52737238E+00 -0.35458217E+01
  0.53207171E+00 -0.35569685E+01
  0.53677103E+00 -0.35680330E+01
  0.54147036E+00 -0.35790058E+01
  0.54616969E+00 -0.35898780E+01
  0.55086901E+00 -0.36006405E+01
  0.55556834E+00 -0.36112843E+01
  0.56026767E+00 -0.36218002E+01
  0.56496699E+00 -0.36321792E+01
  0.56966632E+00 -0.36424120E+01
  0.57436565E+00 -0.36524892E+01
  0.57906497E+00 -0.36624014E+01
  0.58376430E+00 -0.36721389E+01
  0.58846362E+00 -0.36816921E+01
  0.59316295E+00 -0.36910510E+01
  0.59786228E+00 -0.37002055E+01
  0.60256160E+00 -0.37091453E+01
  0.60726093E+00 -0.37178599E+01
  0.61196026E+00 -0.37263387E+01
  0.61665958E+00 -0.37345708E+01
  0.62135891E+00 -0.37425451E+01
  0.62605824E+00 -0.37502505E+01
  0.63075756E+00 -0.37576753E+01
  0.63545689E+00 -0.37648081E+01
  0.64015621E+00 -0.37716371E+01
  0.64485554E+00 -0.37781503E+01
  0.64955487E+00 -0.37843358E+01
  0.65425419E+00 -0.37901816E+01
  0.65895352E+00 -0.37956757E+01
  0.66365285E+00 -0.38008061E+01
  0.66835217E+00 -0.38055608E+01
  0.67305150E+00 -0.38099271E+01
  0.67775083E+00 -0.38037654E+01
  0.68245015E+00 -0.37841014E+01
  0.68714948E+00 -0.37643383E+01
  0.69184880E+00 -0.37444988E+01
  0.69654813E+00 -0.37246024E+01
  0.70124746E+00 -0.37046674E+01
  0.70594678E+00 -0.36847116E+01
  0.71064611E+00 -0.36647517E+01
  0.71534544E+00 -0.36448036E+01
  0.72004476E+00 -0.36248826E+01
  0.72474409E+00 -0.36050029E+01
  0.72944342E+00 -0.35851783E+01
  0.73414274E+00 -0.35654216E+01
  0.73884207E+00 -0.35457451E+01
  0.74354139E+00 -0.35261600E+01
  0.74824072E+00 -0.35066773E+01
  0.75294005E+00 -0.34873068E+01
  0.75763937E+00 -0.34680582E+01
  0.76233870E+00 -0.34489400E+01
  0.76703803E+00 -0.34299606E+01
  0.77173735E+00 -0.34111273E+01
  0.77643668E+00 -0.33924471E+01
  0.78113601E+00 -0.33739265E+01
  0.78583533E+00 -0.33555713E+01
  0.79053466E+00 -0.33373869E+01
  0.79523398E+00 -0.33193782E+01
  0.79993331E+00 -0.33015497E+01
  0.80463264E+00 -0.32839054E+01
  0.80933196E+00 -0.32664489E+01
  0.81403129E+00 -0.32491837E+01
  0.81873062E+00 -0.32321128E+01
  0.82342994E+00 -0.32152389E+01
  0.82812927E+00 -0.31985647E+01
  0.83282859E+00 -0.31820925E+01
  0.83752792E+00 -0.31658247E+01
  0.84222725E+00 -0.31497633E+01
  0.84692657E+00 -0.31339106E+01
  0.85162590E+00 -0.31182687E+01
  0.85632523E+00 -0.31028398E+01
  0.86102455E+00 -0.30876262E+01
  0.86572388E+00 -0.30726306E+01
  0.87042321E+00 -0.30578555E+01
  0.87512253E+00 -0.30433039E+01
  0.87982186E+00 -0.30289792E+01
  0.88452118E+00 -0.30148849E+01
  0.88922051E+00 -0.30010250E+01
  0.89391984E+00 -0.29874039E+01
  0.89861916E+00 -0.29740262E+01
  0.90331849E+00 -0.29608973E+01
  0.90801782E+00 -0.29480239E+01
  0.91271714E+00 -0.29361124E+01
  0.91741647E+00 -0.29359699E+01
  0.92211580E+00 -0.29358759E+01
  0.92681512E+00 -0.29357376E+01
  0.93151445E+00 -0.29355468E+01
  0.93621377E+00 -0.29352962E+01
  0.94091310E+00 -0.29349786E+01
  0.94561243E+00 -0.29345864E+01
  0.95031175E+00 -0.29341119E+01
  0.95501108E+00 -0.29335472E+01
  0.95971041E+00 -0.29328839E+01
  0.96440973E+00 -0.29321134E+01
  0.96910906E+00 -0.29312266E+01
  0.97380839E+00 -0.29302139E+01
  0.97850771E+00 -0.29290652E+01
  0.98320704E+00 -0.29277698E+01
  0.98790636E+00 -0.29263162E+01
  0.99260569E+00 -0.29246923E+01
  0.99730502E+00 -0.29228849E+01
  0.10020043E+01 -0.29208802E+01
  0.10067037E+01 -0.29186630E+01
  0.10114030E+01 -0.29162172E+01
  0.10161023E+01 -0.29135253E+01
  0.10208016E+01 -0.29105687E+01
  0.10255010E+01 -0.29073272E+01
  0.10302003E+01 -0.29037795E+01
  0.10348996E+01 -0.28999027E+01
  0.10395990E+01 -0.28956729E+01
  0.10442983E+01 -0.28910648E+01
  0.10489976E+01 -0.28860525E+01
  0.10536969E+01 -0.28806093E+01
  0.10583963E+01 -0.28747087E+01
  0.10630956E+01 -0.28683247E+01
  0.10677949E+01 -0.28614327E+01
  0.10724942E+01 -0.28540105E+01
  0.10771936E+01 -0.28460389E+01
  0.10818929E+01 -0.28375035E+01
  0.10865922E+01 -0.28283950E+01
  0.10912915E+01 -0.28187108E+01
  0.10959909E+01 -0.28084555E+01
  0.11006902E+01 -0.27976417E+01
  0.11053895E+01 -0.27862903E+01
  0.11100888E+01 -0.27744302E+01
  0.11147882E+01 -0.27620982E+01
  0.11194875E+01 -0.27493384E+01
  0.11241868E+01 -0.27362010E+01
  0.11288862E+01 -0.27227415E+01
  0.11335855E+01 -0.27090196E+01
  0.11382848E+01 -0.26950978E+01
  0.11429841E+01 -0.26810406E+01
  0.11476835E+01 -0.26669136E+01
  0.11523828E+01 -0.26527825E+01
  0.11570821E+01 -0.26387124E+01
  0.11617814E+01 -0.26247675E+01
  0.11664808E+01 -0.26110107E+01
  0.11711801E+01 -0.25975030E+01
  0.11758794E+01 -0.25843034E+01
  0.11805787E+01 -0.25714689E+01
  0.11852781E+01 -0.25590542E+01
  0.11899774E+01 -0.25471119E+01
  0.11946767E+01 -0.25356931E+01
  0.11993761E+01 -0.25261317E+01
  0.12040754E+01 -0.25251518E+01
  0.12087747E+01 -0.25243199E+01
  0.12134740E+01 -0.25236039E+01
  0.12181734E+01 -0.25229933E+01
  0.12228727E+01 -0.25224788E+01
  0.12275720E+01 -0.25220518E+01
  0.12322713E+01 -0.25217044E+01
  0.12369707E+01 -0.25214298E+01
  0.12416700E+01 -0.25212217E+01
  0.12463693E+01 -0.25210753E+01
  0.12510686E+01 -0.25209863E+01
  0.12557680E+01 -0.25209517E+01
  0.12604673E+01 -0.25209698E+01
  0.12651770E+01 -0.25210728E+01
  0.12698867E+01 -0.25212272E+01
  0.12745964E+01 -0.25214332E+01
  0.12793061E+01 -0.25216914E+01
  0.12840158E+01 -0.25220028E+01
  0.12887255E+01 -0.25223688E+01
  0.12934352E+01 -0.25227913E+01
  0.12981449E+01 -0.25232725E+01
  0.13028546E+01 -0.25238150E+01
  0.13075643E+01 -0.25244218E+01
  0.13122740E+01 -0.25250961E+01
  0.13169837E+01 -0.25258413E+01
  0.13216934E+01 -0.25266611E+01
  0.13264031E+01 -0.25275594E+01
  0.13311128E+01 -0.25285402E+01
  0.13358225E+01 -0.25296074E+01
  0.13405322E+01 -0.25307653E+01
  0.13452419E+01 -0.25320180E+01
  0.13499516E+01 -0.25333695E+01
  0.13546613E+01 -0.25348240E+01
  0.13593710E+01 -0.25363854E+01
  0.13640807E+01 -0.25380576E+01
  0.13687904E+01 -0.25398444E+01
  0.13735001E+01 -0.25417493E+01
  0.13782098E+01 -0.25437757E+01
  0.13829195E+01 -0.25459270E+01
  0.13876292E+01 -0.25482062E+01
  0.13923389E+01 -0.25506161E+01
  0.13970486E+01 -0.25531594E+01
  0.14017583E+01 -0.25580379E+01
  0.14064680E+01 -0.25646052E+01
  0.14111777E+01 -0.25713032E+01
  0.14158874E+01 -0.25781233E+01
  0.14205971E+01 -0.25850567E+01
  0.14253068E+01 -0.25920943E+01
  0.14300165E+01 -0.25992264E+01
  0.14347262E+01 -0.26064429E+01
  0.14394359E+01 -0.26137333E+01
  0.14441456E+01 -0.26210867E+01
  0.14488553E+01 -0.26284913E+01
  0.14535650E+01 -0.26359352E+01
  0.14582747E+01 -0.26434057E+01
  0.14629844E+01 -0.26508894E+01
  0.14676941E+01 -0.26583724E+01
  0.14724038E+01 -0.26658399E+01
  0.14771135E+01 -0.26732767E+01
  0.14818232E+01 -0.26806664E+01
  0.14865329E+01 -0.26879923E+01
  0.14912426E+01 -0.26952365E+01
  0.14959523E+01 -0.27023805E+01
  0.15006620E+01 -0.27094049E+01
  0.15053717E+01 -0.27162896E+01
  0.15100814E+01 -0.27230138E+01
  0.15147911E+01 -0.27295557E+01
  0.15195008E+01 -0.27358933E+01
  0.15242105E+01 -0.27420037E+01
  0.15289202E+01 -0.27478638E+01
  0.15336299E+01 -0.27534505E+01
  0.15383396E+01 -0.27587403E+01
  0.15430493E+01 -0.27637102E+01
  0.15477590E+01 -0.27683377E+01
  0.15524687E+01 -0.27726011E+01
  0.15571785E+01 -0.27764799E+01
  0.15618882E+01 -0.27799550E+01
  0.15665979E+01 -0.27830089E+01
  0.15713076E+01 -0.27856264E+01
  0.15760173E+01 -0.27877946E+01
  0.15807270E+01 -0.27895031E+01
  0.15854367E+01 -0.27907442E+01
  0.15901464E+01 -0.27915131E+01
  0.15948561E+01 -0.27918077E+01
  0.15995658E+01 -0.27974035E+01
  0.16042755E+01 -0.28057522E+01
  0.16089852E+01 -0.28141604E+01
  0.16136949E+01 -0.28226200E+01
  0.16184046E+01 -0.28311227E+01
  0.16231143E+01 -0.28396594E+01
  0.16278240E+01 -0.28482207E+01
  0.16325337E+01 -0.28567968E+01
  0.16372434E+01 -0.28653772E+01
  0.16419531E+01 -0.28739508E+01
  0.16466628E+01 -0.28825063E+01
  0.16513725E+01 -0.28910315E+01
  0.16560822E+01 -0.28995136E+01
  0.16607919E+01 -0.29079395E+01
  0.16655016E+01 -0.29162951E+01
  0.16702113E+01 -0.29245658E+01
  0.16749210E+01 -0.29327363E+01
  0.16796307E+01 -0.29407904E+01
  0.16843404E+01 -0.29487114E+01
  0.16890501E+01 -0.29564814E+01
  0.16937598E+01 -0.29640819E+01
  0.16984695E+01 -0.29714935E+01
  0.17031792E+01 -0.29786957E+01
  0.17078889E+01 -0.29856672E+01
  0.17125986E+01 -0.29923854E+01
  0.17173083E+01 -0.29988269E+01
  0.17220180E+01 -0.30049670E+01
  0.17267277E+01 -0.30107792E+01
  0.17314374E+01 -0.30162314E+01
  0.17361471E+01 -0.30207921E+01
  0.17408464E+01 -0.30208813E+01
  0.17455457E+01 -0.30210497E+01
  0.17502451E+01 -0.30212986E+01
  0.17549444E+01 -0.30216315E+01
  0.17596437E+01 -0.30220553E+01
  0.17643430E+01 -0.30225796E+01
  0.17690424E+01 -0.30232174E+01
  0.17737417E+01 -0.30239847E+01
  0.17784410E+01 -0.30249010E+01
  0.17831403E+01 -0.30259893E+01
  0.17878397E+01 -0.30272767E+01
  0.17925390E+01 -0.30287952E+01
  0.17972383E+01 -0.30305824E+01
  0.18019377E+01 -0.30326823E+01
  0.18066370E+01 -0.30351464E+01
  0.18113363E+01 -0.30380345E+01
  0.18160356E+01 -0.30414151E+01
  0.18207350E+01 -0.30453657E+01
  0.18254343E+01 -0.30499718E+01
  0.18301336E+01 -0.30553234E+01
  0.18348329E+01 -0.30615107E+01
  0.18395323E+01 -0.30686158E+01
  0.18442316E+01 -0.30767121E+01
  0.18489309E+01 -0.30858719E+01
  0.18536302E+01 -0.30961651E+01
  0.18583296E+01 -0.31076406E+01
  0.18630289E+01 -0.31203130E+01
  0.18677282E+01 -0.31341612E+01
  0.18724275E+01 -0.31491321E+01
  0.18771269E+01 -0.31651483E+01
  0.18818262E+01 -0.31821159E+01
  0.18865255E+01 -0.31999318E+01
  0.18912249E+01 -0.32184900E+01
  0.18959242E+01 -0.32376858E+01
  0.19006235E+01 -0.32574187E+01
  0.19053228E+01 -0.32775933E+01
  0.19100222E+01 -0.32981194E+01
  0.19147215E+01 -0.33189115E+01
  0.19194208E+01 -0.33398871E+01
  0.19241201E+01 -0.33609650E+01
  0.19288195E+01 -0.33820623E+01
  0.19335188E+01 -0.34030906E+01
  0.19382181E+01 -0.34239509E+01
  0.19429174E+01 -0.34445254E+01
  0.19476168E+01 -0.34646654E+01
  0.19523161E+01 -0.34841729E+01
  0.19570154E+01 -0.35027748E+01
  0.19617147E+01 -0.35200913E+01
  0.19664141E+01 -0.35356196E+01
  0.19711134E+01 -0.35487836E+01
  0.19758127E+01 -0.35591152E+01
  0.19805121E+01 -0.35665011E+01
  0.19852114E+01 -0.35712561E+01
  0.19899107E+01 -0.35739313E+01
  0.19946100E+01 -0.35750759E+01
  0.19993094E+01 -0.35751234E+01
  0.20040087E+01 -0.35743831E+01
  0.20087080E+01 -0.35730680E+01
  0.20134073E+01 -0.35713251E+01
  0.20181067E+01 -0.35692571E+01
  0.20228060E+01 -0.35669380E+01
  0.20275053E+01 -0.35644224E+01
  0.20322046E+01 -0.35617516E+01
  0.20369040E+01 -0.35589579E+01
  0.20416033E+01 -0.35560671E+01
  0.20463026E+01 -0.35531004E+01
  0.20510020E+01 -0.35500754E+01
  0.20557013E+01 -0.35470073E+01
  0.20604006E+01 -0.35439092E+01
  0.20650999E+01 -0.35407928E+01
  0.20697993E+01 -0.35376684E+01
  0.20744986E+01 -0.35345455E+01
  0.20791979E+01 -0.35314326E+01
  0.20838972E+01 -0.35283378E+01
  0.20885966E+01 -0.35252682E+01
  0.20932959E+01 -0.35222309E+01
  0.20979952E+01 -0.35192323E+01
  0.21026945E+01 -0.35162784E+01
  0.21073939E+01 -0.35133750E+01
  0.21120932E+01 -0.35105275E+01
  0.21167925E+01 -0.35077411E+01
  0.21214918E+01 -0.35050208E+01
  0.21261912E+01 -0.35023714E+01
  0.21308905E+01 -0.34997979E+01
  0.21355898E+01 -0.34973051E+01
  0.21402892E+01 -0.34948979E+01
  0.21449885E+01 -0.34925819E+01
  0.21496878E+01 -0.34903630E+01
  0.21543871E+01 -0.34882476E+01
  0.21590865E+01 -0.34862431E+01
  0.21637858E+01 -0.34843574E+01
  0.21684851E+01 -0.34825996E+01
  0.21731844E+01 -0.34809790E+01
  0.21778838E+01 -0.34795058E+01
  0.21825831E+01 -0.34781908E+01
  0.21872824E+01 -0.34770449E+01
  0.21919817E+01 -0.34760795E+01
  0.21966811E+01 -0.34753061E+01
  0.22013804E+01 -0.34747365E+01
  0.22060797E+01 -0.34743826E+01
  0.22107790E+01 -0.34742564E+01
  0.22154784E+01 -0.34743701E+01
  0.22201777E+01 -0.34747361E+01
  0.22248770E+01 -0.34753666E+01
  0.22295764E+01 -0.34762741E+01
  0.22342757E+01 -0.34774710E+01
  0.22389750E+01 -0.34789696E+01
  0.22436743E+01 -0.34807820E+01
  0.22483737E+01 -0.34829199E+01
  0.22530730E+01 -0.34853947E+01
  0.22577723E+01 -0.34882171E+01
  0.22624716E+01 -0.34913966E+01
  0.22671710E+01 -0.34949418E+01
  0.22718703E+01 -0.34988600E+01
  0.22765696E+01 -0.35031562E+01
  0.22812689E+01 -0.35078338E+01
  0.22859683E+01 -0.35128934E+01
  0.22906676E+01 -0.35183326E+01
  0.22953669E+01 -0.35241454E+01
  0.23000662E+01 -0.35303217E+01
  0.23047656E+01 -0.35368471E+01
  0.23094649E+01 -0.35437033E+01
  0.23141642E+01 -0.35508706E+01
  0.23188636E+01 -0.35583314E+01
  0.23235629E+01 -0.35660723E+01
  0.23282622E+01 -0.35740810E+01
  0.23329615E+01 -0.35823430E+01
  0.23376609E+01 -0.35908387E+01
  0.23423602E+01 -0.35995432E+01
  0.23470595E+01 -0.36084260E+01
  0.23517588E+01 -0.36174522E+01
  0.23564582E+01 -0.36265828E+01
  0.23611575E+01 -0.36357747E+01
  0.23658568E+01 -0.36449817E+01
  0.23705561E+01 -0.36541538E+01
  0.23752555E+01 -0.36632382E+01
  0.23799548E+01 -0.36721790E+01
  0.23846541E+01 -0.36809181E+01
  0.23893534E+01 -0.36893958E+01
  0.23940528E+01 -0.36975515E+01
  0.23987521E+01 -0.37053256E+01
  0.24034514E+01 -0.37126611E+01
  0.24081508E+01 -0.37195055E+01
  0.24128501E+01 -0.37258138E+01
  0.24175494E+01 -0.37315501E+01
  0.24222487E+01 -0.37366904E+01
  0.24269481E+01 -0.37412239E+01
  0.24316474E+01 -0.37451534E+01
  0.24363467E+01 -0.37484955E+01
  0.24410460E+01 -0.37512791E+01
  0.24457454E+01 -0.37535437E+01
  0.24504447E+01 -0.37553367E+01
  0.24551440E+01 -0.37567109E+01
  0.24598433E+01 -0.37577217E+01
  0.24645427E+01 -0.37584251E+01
  0.24692420E+01 -0.37588758E+01
  0.24739413E+01 -0.37591256E+01
  0.24786406E+01 -0.37592222E+01
  0.24833400E+01 -0.37592087E+01
  0.24880393E+01 -0.37591231E+01
  0.24927386E+01 -0.37589979E+01
  0.24974380E+01 -0.37588603E+01
  0.25021373E+01 -0.37587323E+01
  0.25068366E+01 -0.37586305E+01
  0.25115359E+01 -0.37585672E+01
  0.25162353E+01 -0.37585501E+01
  0.25209346E+01 -0.37585833E+01
  
  0.00000000E+00 -0.33973392E+01
  0.47097009E-02 -0.34064491E+01
  0.94194018E-02 -0.34157139E+01
  0.14129103E-01 -0.34250618E+01
  0.18838804E-01 -0.34344749E+01
  0.23548505E-01 -0.34439347E+01
  0.28258205E-01 -0.34534214E+01
  0.32967906E-01 -0.34629137E+01
  0.37677607E-01 -0.34723886E+01
  0.42387308E-01 -0.34818214E+01
  0.47097009E-01 -0.34911852E+01
  0.51806710E-01 -0.35004514E+01
  0.56516411E-01 -0.35095890E+01
  0.61226112E-01 -0.35185652E+01
  0.65935813E-01 -0.35142955E+01
  0.70645514E-01 -0.35017885E+01
  0.75355215E-01 -0.34901684E+01
  0.80064916E-01 -0.34794574E+01
  0.84774616E-01 -0.34696749E+01
  0.89484317E-01 -0.34608376E+01
  0.94194018E-01 -0.34529593E+01
  0.98903719E-01 -0.34460507E+01
  0.10361342E+00 -0.34401195E+01
  0.10832312E+00 -0.34351704E+01
  0.11303282E+00 -0.34312048E+01
  0.11774252E+00 -0.34282213E+01
  0.12245222E+00 -0.34262152E+01
  0.12716192E+00 -0.34251789E+01
  0.13187163E+00 -0.34251021E+01
  0.13658133E+00 -0.34259714E+01
  0.14129103E+00 -0.34277711E+01
  0.14600073E+00 -0.34304828E+01
  0.15071043E+00 -0.34340859E+01
  0.15542013E+00 -0.34385576E+01
  0.16012983E+00 -0.34438733E+01
  0.16483953E+00 -0.34500068E+01
  0.16954923E+00 -0.34569303E+01
  0.17425893E+00 -0.34646147E+01
  0.17896863E+00 -0.34730300E+01
  0.18367834E+00 -0.34821454E+01
  0.18838804E+00 -0.34919292E+01
  0.19309774E+00 -0.35023496E+01
  0.19780744E+00 -0.35133742E+01
  0.20251714E+00 -0.35249706E+01
  0.20722684E+00 -0.35371065E+01
  0.21193654E+00 -0.35497495E+01
  0.21664624E+00 -0.35628676E+01
  0.22135594E+00 -0.35676723E+01
  0.22606564E+00 -0.35634056E+01
  0.23077534E+00 -0.35590979E+01
  0.23548505E+00 -0.35547643E+01
  0.24019475E+00 -0.35504184E+01
  0.24490445E+00 -0.35460727E+01
  0.24961415E+00 -0.35417383E+01
  0.25432385E+00 -0.35374254E+01
  0.25903355E+00 -0.35331432E+01
  0.26374325E+00 -0.35289001E+01
  0.26845295E+00 -0.35247036E+01
  0.27316265E+00 -0.35205604E+01
  0.27787235E+00 -0.35164767E+01
  0.28258205E+00 -0.35124581E+01
  0.28729176E+00 -0.35085095E+01
  0.29200146E+00 -0.35046352E+01
  0.29671116E+00 -0.35008393E+01
  0.30142086E+00 -0.34971254E+01
  0.30613056E+00 -0.34934964E+01
  0.31084026E+00 -0.34899553E+01
  0.31554996E+00 -0.34865043E+01
  0.32025966E+00 -0.34831457E+01
  0.32496936E+00 -0.34798811E+01
  0.32967906E+00 -0.34767123E+01
  0.33438876E+00 -0.34736404E+01
  0.33909847E+00 -0.34706666E+01
  0.34380817E+00 -0.34677917E+01
  0.34851787E+00 -0.34650164E+01
  0.35322757E+00 -0.34623413E+01
  0.35793727E+00 -0.34597668E+01
  0.36264697E+00 -0.34572931E+01
  0.36735667E+00 -0.34549203E+01
  0.37206637E+00 -0.34526484E+01
  0.37677607E+00 -0.34504774E+01
  0.38148577E+00 -0.34484072E+01
  0.38619547E+00 -0.34464375E+01
  0.39090518E+00 -0.34445680E+01
  0.39561488E+00 -0.34427982E+01
  0.40032458E+00 -0.34411275E+01
  0.40503428E+00 -0.34395520E+01
  0.40974398E+00 -0.34371611E+01
  0.41445368E+00 -0.34335336E+01
  0.41916338E+00 -0.34301647E+01
  0.42387308E+00 -0.34270639E+01
  0.42858278E+00 -0.34242335E+01
  0.43329248E+00 -0.34216750E+01
  0.43800218E+00 -0.34193899E+01
  0.44271189E+00 -0.34173792E+01
  0.44742159E+00 -0.34156438E+01
  0.45213129E+00 -0.34141844E+01
  0.45684099E+00 -0.34130015E+01
  0.46155069E+00 -0.34120955E+01
  0.46626039E+00 -0.34114666E+01
  0.47097009E+00 -0.34111146E+01
  0.47567979E+00 -0.34110396E+01
  0.48037912E+00 -0.34051748E+01
  0.48507844E+00 -0.33948885E+01
  0.48977777E+00 -0.33838547E+01
  0.49447710E+00 -0.33726262E+01
  0.49917642E+00 -0.33613435E+01
  0.50387575E+00 -0.33500615E+01
  0.50857508E+00 -0.33388090E+01
  0.51327440E+00 -0.33276047E+01
  0.51797373E+00 -0.33164631E+01
  0.52267306E+00 -0.33053970E+01
  0.52737238E+00 -0.32944192E+01
  0.53207171E+00 -0.32835437E+01
  0.53677103E+00 -0.32727886E+01
  0.54147036E+00 -0.32621816E+01
  0.54616969E+00 -0.32517756E+01
  0.55086901E+00 -0.32416964E+01
  0.55556834E+00 -0.32322782E+01
  0.56026767E+00 -0.32240356E+01
  0.56496699E+00 -0.32167477E+01
  0.56966632E+00 -0.32097513E+01
  0.57436565E+00 -0.32027431E+01
  0.57906497E+00 -0.31956293E+01
  0.58376430E+00 -0.31883837E+01
  0.58846362E+00 -0.31810028E+01
  0.59316295E+00 -0.31734922E+01
  0.59786228E+00 -0.31658617E+01
  0.60256160E+00 -0.31581226E+01
  0.60726093E+00 -0.31502874E+01
  0.61196026E+00 -0.31423686E+01
  0.61665958E+00 -0.31343790E+01
  0.62135891E+00 -0.31263310E+01
  0.62605824E+00 -0.31182371E+01
  0.63075756E+00 -0.31101092E+01
  0.63545689E+00 -0.31019590E+01
  0.64015621E+00 -0.30937979E+01
  0.64485554E+00 -0.30856367E+01
  0.64955487E+00 -0.30774859E+01
  0.65425419E+00 -0.30693556E+01
  0.65895352E+00 -0.30612555E+01
  0.66365285E+00 -0.30531949E+01
  0.66835217E+00 -0.30451827E+01
  0.67305150E+00 -0.30372278E+01
  0.67775083E+00 -0.30293397E+01
  0.68245015E+00 -0.30215295E+01
  0.68714948E+00 -0.30138184E+01
  0.69184880E+00 -0.30062995E+01
  0.69654813E+00 -0.29999550E+01
  0.70124746E+00 -0.29952100E+01
  0.70594678E+00 -0.29908423E+01
  0.71064611E+00 -0.29867053E+01
  0.71534544E+00 -0.29827768E+01
  0.72004476E+00 -0.29790480E+01
  0.72474409E+00 -0.29755137E+01
  0.72944342E+00 -0.29721693E+01
  0.73414274E+00 -0.29690105E+01
  0.73884207E+00 -0.29660329E+01
  0.74354139E+00 -0.29632323E+01
  0.74824072E+00 -0.29606041E+01
  0.75294005E+00 -0.29581437E+01
  0.75763937E+00 -0.29558462E+01
  0.76233870E+00 -0.29537070E+01
  0.76703803E+00 -0.29517208E+01
  0.77173735E+00 -0.29498828E+01
  0.77643668E+00 -0.29481875E+01
  0.78113601E+00 -0.29466299E+01
  0.78583533E+00 -0.29452045E+01
  0.79053466E+00 -0.29439060E+01
  0.79523398E+00 -0.29427287E+01
  0.79993331E+00 -0.29416673E+01
  0.80463264E+00 -0.29407162E+01
  0.80933196E+00 -0.29398696E+01
  0.81403129E+00 -0.29391220E+01
  0.81873062E+00 -0.29384678E+01
  0.82342994E+00 -0.29379011E+01
  0.82812927E+00 -0.29374163E+01
  0.83282859E+00 -0.29370076E+01
  0.83752792E+00 -0.29366693E+01
  0.84222725E+00 -0.29363955E+01
  0.84692657E+00 -0.29361804E+01
  0.85162590E+00 -0.29360183E+01
  0.85632523E+00 -0.29359031E+01
  0.86102455E+00 -0.29358291E+01
  0.86572388E+00 -0.29357904E+01
  0.87042321E+00 -0.29357809E+01
  0.87512253E+00 -0.29357948E+01
  0.87982186E+00 -0.29358260E+01
  0.88452118E+00 -0.29358684E+01
  0.88922051E+00 -0.29359160E+01
  0.89391984E+00 -0.29359625E+01
  0.89861916E+00 -0.29360018E+01
  0.90331849E+00 -0.29360271E+01
  0.90801782E+00 -0.29360308E+01
  0.91271714E+00 -0.29353051E+01
  0.91741647E+00 -0.29230419E+01
  0.92211580E+00 -0.29109602E+01
  0.92681512E+00 -0.28991505E+01
  0.93151445E+00 -0.28876180E+01
  0.93621377E+00 -0.28763655E+01
  0.94091310E+00 -0.28653942E+01
  0.94561243E+00 -0.28547034E+01
  0.95031175E+00 -0.28442901E+01
  0.95501108E+00 -0.28341488E+01
  0.95971041E+00 -0.28242714E+01
  0.96440973E+00 -0.28146472E+01
  0.96910906E+00 -0.28052628E+01
  0.97380839E+00 -0.27961029E+01
  0.97850771E+00 -0.27871500E+01
  0.98320704E+00 -0.27783856E+01
  0.98790636E+00 -0.27697904E+01
  0.99260569E+00 -0.27613450E+01
  0.99730502E+00 -0.27530307E+01
  0.10020043E+01 -0.27448297E+01
  0.10067037E+01 -0.27367259E+01
  0.10114030E+01 -0.27287054E+01
  0.10161023E+01 -0.27207564E+01
  0.10208016E+01 -0.27128699E+01
  0.10255010E+01 -0.27050398E+01
  0.10302003E+01 -0.26972627E+01
  0.10348996E+01 -0.26895385E+01
  0.10395990E+01 -0.26818696E+01
  0.10442983E+01 -0.26742617E+01
  0.10489976E+01 -0.26667229E+01
  0.10536969E+01 -0.26592636E+01
  0.10583963E+01 -0.26518965E+01
  0.10630956E+01 -0.26446357E+01
  0.10677949E+01 -0.26374970E+01
  0.10724942E+01 -0.26304967E+01
  0.10771936E+01 -0.26236515E+01
  0.10818929E+01 -0.26169781E+01
  0.10865922E+01 -0.26104927E+01
  0.10912915E+01 -0.26042103E+01
  0.10959909E+01 -0.25981449E+01
  0.11006902E+01 -0.25923087E+01
  0.11053895E+01 -0.25867123E+01
  0.11100888E+01 -0.25813644E+01
  0.11147882E+01 -0.25762717E+01
  0.11194875E+01 -0.25714387E+01
  0.11241868E+01 -0.25668684E+01
  0.11288862E+01 -0.25625615E+01
  0.11335855E+01 -0.25585174E+01
  0.11382848E+01 -0.25547336E+01
  0.11429841E+01 -0.25512063E+01
  0.11476835E+01 -0.25479302E+01
  0.11523828E+01 -0.25448991E+01
  0.11570821E+01 -0.25421056E+01
  0.11617814E+01 -0.25395414E+01
  0.11664808E+01 -0.25371975E+01
  0.11711801E+01 -0.25350643E+01
  0.11758794E+01 -0.25331316E+01
  0.11805787E+01 -0.25313890E+01
  0.11852781E+01 -0.25298256E+01
  0.11899774E+01 -0.25284301E+01
  0.11946767E+01 -0.25271904E+01
  0.11993761E+01 -0.25248089E+01
  0.12040754E+01 -0.25145954E+01
  0.12087747E+01 -0.25050150E+01
  0.12134740E+01 -0.24961289E+01
  0.12181734E+01 -0.24879742E+01
  0.12228727E+01 -0.24805846E+01
  0.12275720E+01 -0.24739906E+01
  0.12322713E+01 -0.24682193E+01
  0.12369707E+01 -0.24632945E+01
  0.12416700E+01 -0.24592367E+01
  0.12463693E+01 -0.24560629E+01
  0.12510686E+01 -0.24537862E+01
  0.12557680E+01 -0.24524162E+01
  0.12604673E+01 -0.24519588E+01
  0.12651770E+01 -0.24520699E+01
  0.12698867E+01 -0.24524374E+01
  0.12745964E+01 -0.24530609E+01
  0.12793061E+01 -0.24539399E+01
  0.12840158E+01 -0.24550735E+01
  0.12887255E+01 -0.24564605E+01
  0.12934352E+01 -0.24580995E+01
  0.12981449E+01 -0.24599887E+01
  0.13028546E+01 -0.24621262E+01
  0.13075643E+01 -0.24645097E+01
  0.13122740E+01 -0.24671365E+01
  0.13169837E+01 -0.24700040E+01
  0.13216934E+01 -0.24731091E+01
  0.13264031E+01 -0.24764483E+01
  0.13311128E+01 -0.24800182E+01
  0.13358225E+01 -0.24838149E+01
  0.13405322E+01 -0.24878343E+01
  0.13452419E+01 -0.24920721E+01
  0.13499516E+01 -0.24965236E+01
  0.13546613E+01 -0.25011840E+01
  0.13593710E+01 -0.25060483E+01
  0.13640807E+01 -0.25111112E+01
  0.13687904E+01 -0.25163670E+01
  0.13735001E+01 -0.25218099E+01
  0.13782098E+01 -0.25274339E+01
  0.13829195E+01 -0.25332326E+01
  0.13876292E+01 -0.25391994E+01
  0.13923389E+01 -0.25453274E+01
  0.13970486E+01 -0.25516093E+01
  0.14017583E+01 -0.25558385E+01
  0.14064680E+01 -0.25586557E+01
  0.14111777E+01 -0.25616131E+01
  0.14158874E+01 -0.25647125E+01
  0.14205971E+01 -0.25679555E+01
  0.14253068E+01 -0.25713436E+01
  0.14300165E+01 -0.25748780E+01
  0.14347262E+01 -0.25785599E+01
  0.14394359E+01 -0.25823901E+01
  0.14441456E+01 -0.25863696E+01
  0.14488553E+01 -0.25904987E+01
  0.14535650E+01 -0.25947781E+01
  0.14582747E+01 -0.25992079E+01
  0.14629844E+01 -0.26037885E+01
  0.14676941E+01 -0.26085198E+01
  0.14724038E+01 -0.26134017E+01
  0.14771135E+01 -0.26184340E+01
  0.14818232E+01 -0.26236163E+01
  0.14865329E+01 -0.26289482E+01
  0.14912426E+01 -0.26344289E+01
  0.14959523E+01 -0.26400578E+01
  0.15006620E+01 -0.26458339E+01
  0.15053717E+01 -0.26517562E+01
  0.15100814E+01 -0.26578233E+01
  0.15147911E+01 -0.26640340E+01
  0.15195008E+01 -0.26703865E+01
  0.15242105E+01 -0.26768791E+01
  0.15289202E+01 -0.26835099E+01
  0.15336299E+01 -0.26902766E+01
  0.15383396E+01 -0.26971768E+01
  0.15430493E+01 -0.27042078E+01
  0.15477590E+01 -0.27113666E+01
  0.15524687E+01 -0.27186501E+01
  0.15571785E+01 -0.27260546E+01
  0.15618882E+01 -0.27335764E+01
  0.15665979E+01 -0.27412113E+01
  0.15713076E+01 -0.27489549E+01
  0.15760173E+01 -0.27568024E+01
  0.15807270E+01 -0.27647486E+01
  0.15854367E+01 -0.27727879E+01
  0.15901464E+01 -0.27809144E+01
  0.15948561E+01 -0.27891218E+01
  0.15995658E+01 -0.27916287E+01
  0.16042755E+01 -0.27909795E+01
  0.16089852E+01 -0.27898660E+01
  0.16136949E+01 -0.27882962E+01
  0.16184046E+01 -0.27862803E+01
  0.16231143E+01 -0.27838301E+01
  0.16278240E+01 -0.27809586E+01
  0.16325337E+01 -0.27776803E+01
  0.16372434E+01 -0.27740102E+01
  0.16419531E+01 -0.27699640E+01
  0.16466628E+01 -0.27655578E+01
  0.16513725E+01 -0.27608076E+01
  0.16560822E+01 -0.27557297E+01
  0.16607919E+01 -0.27503399E+01
  0.16655016E+01 -0.27446538E+01
  0.16702113E+01 -0.27386867E+01
  0.16749210E+01 -0.27324534E+01
  0.16796307E+01 -0.27259679E+01
  0.16843404E+01 -0.27192441E+01
  0.16890501E+01 -0.27122950E+01
  0.16937598E+01 -0.27051332E+01
  0.16984695E+01 -0.26977708E+01
  0.17031792E+01 -0.26902192E+01
  0.17078889E+01 -0.26824896E+01
  0.17125986E+01 -0.26745928E+01
  0.17173083E+01 -0.26665400E+01
  0.17220180E+01 -0.26583434E+01
  0.17267277E+01 -0.26500213E+01
  0.17314374E+01 -0.26416288E+01
  0.17361471E+01 -0.26346559E+01
  0.17408464E+01 -0.26351645E+01
  0.17455457E+01 -0.26366948E+01
  0.17502451E+01 -0.26392389E+01
  0.17549444E+01 -0.26427828E+01
  0.17596437E+01 -0.26473073E+01
  0.17643430E+01 -0.26527871E+01
  0.17690424E+01 -0.26591912E+01
  0.17737417E+01 -0.26664826E+01
  0.17784410E+01 -0.26746182E+01
  0.17831403E+01 -0.26835489E+01
  0.17878397E+01 -0.26932185E+01
  0.17925390E+01 -0.27035642E+01
  0.17972383E+01 -0.27145152E+01
  0.18019377E+01 -0.27259931E+01
  0.18066370E+01 -0.27379102E+01
  0.18113363E+01 -0.27501696E+01
  0.18160356E+01 -0.27626644E+01
  0.18207350E+01 -0.27752780E+01
  0.18254343E+01 -0.27878842E+01
  0.18301336E+01 -0.28003497E+01
  0.18348329E+01 -0.28125372E+01
  0.18395323E+01 -0.28243109E+01
  0.18442316E+01 -0.28355437E+01
  0.18489309E+01 -0.28461253E+01
  0.18536302E+01 -0.28559684E+01
  0.18583296E+01 -0.28650121E+01
  0.18630289E+01 -0.28732217E+01
  0.18677282E+01 -0.28805884E+01
  0.18724275E+01 -0.28871284E+01
  0.18771269E+01 -0.28928807E+01
  0.18818262E+01 -0.28979013E+01
  0.18865255E+01 -0.29022572E+01
  0.18912249E+01 -0.29060192E+01
  0.18959242E+01 -0.29092582E+01
  0.19006235E+01 -0.29120409E+01
  0.19053228E+01 -0.29144293E+01
  0.19100222E+01 -0.29164790E+01
  0.19147215E+01 -0.29182397E+01
  0.19194208E+01 -0.29197552E+01
  0.19241201E+01 -0.29210645E+01
  0.19288195E+01 -0.29222016E+01
  0.19335188E+01 -0.29231971E+01
  0.19382181E+01 -0.29240778E+01
  0.19429174E+01 -0.29248681E+01
  0.19476168E+01 -0.29255898E+01
  0.19523161E+01 -0.29262631E+01
  0.19570154E+01 -0.29269064E+01
  0.19617147E+01 -0.29275369E+01
  0.19664141E+01 -0.29281705E+01
  0.19711134E+01 -0.29288217E+01
  0.19758127E+01 -0.29295038E+01
  0.19805121E+01 -0.29302281E+01
  0.19852114E+01 -0.29310043E+01
  0.19899107E+01 -0.29318403E+01
  0.19946100E+01 -0.29327425E+01
  0.19993094E+01 -0.29337160E+01
  0.20040087E+01 -0.29347655E+01
  0.20087080E+01 -0.29358949E+01
  0.20134073E+01 -0.29371081E+01
  0.20181067E+01 -0.29384086E+01
  0.20228060E+01 -0.29397999E+01
  0.20275053E+01 -0.29412854E+01
  0.20322046E+01 -0.29428685E+01
  0.20369040E+01 -0.29445523E+01
  0.20416033E+01 -0.29463400E+01
  0.20463026E+01 -0.29482346E+01
  0.20510020E+01 -0.29502390E+01
  0.20557013E+01 -0.29523561E+01
  0.20604006E+01 -0.29545887E+01
  0.20650999E+01 -0.29569394E+01
  0.20697993E+01 -0.29594109E+01
  0.20744986E+01 -0.29620059E+01
  0.20791979E+01 -0.29647267E+01
  0.20838972E+01 -0.29675760E+01
  0.20885966E+01 -0.29705564E+01
  0.20932959E+01 -0.29736703E+01
  0.20979952E+01 -0.29769203E+01
  0.21026945E+01 -0.29803092E+01
  0.21073939E+01 -0.29838397E+01
  0.21120932E+01 -0.29875150E+01
  0.21167925E+01 -0.29913384E+01
  0.21214918E+01 -0.29953138E+01
  0.21261912E+01 -0.29994457E+01
  0.21308905E+01 -0.30037395E+01
  0.21355898E+01 -0.30082017E+01
  0.21402892E+01 -0.30128394E+01
  0.21449885E+01 -0.30176603E+01
  0.21496878E+01 -0.30226703E+01
  0.21543871E+01 -0.30278723E+01
  0.21590865E+01 -0.30332646E+01
  0.21637858E+01 -0.30388416E+01
  0.21684851E+01 -0.30445953E+01
  0.21731844E+01 -0.30505166E+01
  0.21778838E+01 -0.30565966E+01
  0.21825831E+01 -0.30628265E+01
  0.21872824E+01 -0.30691977E+01
  0.21919817E+01 -0.30757016E+01
  0.21966811E+01 -0.30823294E+01
  0.22013804E+01 -0.30890720E+01
  0.22060797E+01 -0.30959197E+01
  0.22107790E+01 -0.31028625E+01
  0.22154784E+01 -0.31098896E+01
  0.22201777E+01 -0.31169897E+01
  0.22248770E+01 -0.31241509E+01
  0.22295764E+01 -0.31313605E+01
  0.22342757E+01 -0.31386054E+01
  0.22389750E+01 -0.31458719E+01
  0.22436743E+01 -0.31531459E+01
  0.22483737E+01 -0.31604130E+01
  0.22530730E+01 -0.31676585E+01
  0.22577723E+01 -0.31748679E+01
  0.22624716E+01 -0.31820266E+01
  0.22671710E+01 -0.31891206E+01
  0.22718703E+01 -0.31961365E+01
  0.22765696E+01 -0.32030616E+01
  0.22812689E+01 -0.32098845E+01
  0.22859683E+01 -0.32165951E+01
  0.22906676E+01 -0.32231848E+01
  0.22953669E+01 -0.32296467E+01
  0.23000662E+01 -0.32359760E+01
  0.23047656E+01 -0.32421697E+01
  0.23094649E+01 -0.32482269E+01
  0.23141642E+01 -0.32541486E+01
  0.23188636E+01 -0.32599374E+01
  0.23235629E+01 -0.32655968E+01
  0.23282622E+01 -0.32711308E+01
  0.23329615E+01 -0.32765426E+01
  0.23376609E+01 -0.32818343E+01
  0.23423602E+01 -0.32870070E+01
  0.23470595E+01 -0.32920613E+01
  0.23517588E+01 -0.32969978E+01
  0.23564582E+01 -0.33018179E+01
  0.23611575E+01 -0.33065240E+01
  0.23658568E+01 -0.33111189E+01
  0.23705561E+01 -0.33156061E+01
  0.23752555E+01 -0.33199894E+01
  0.23799548E+01 -0.33242723E+01
  0.23846541E+01 -0.33284582E+01
  0.23893534E+01 -0.33325499E+01
  0.23940528E+01 -0.33365496E+01
  0.23987521E+01 -0.33404588E+01
  0.24034514E+01 -0.33442781E+01
  0.24081508E+01 -0.33480074E+01
  0.24128501E+01 -0.33516455E+01
  0.24175494E+01 -0.33551905E+01
  0.24222487E+01 -0.33586394E+01
  0.24269481E+01 -0.33619883E+01
  0.24316474E+01 -0.33652326E+01
  0.24363467E+01 -0.33683668E+01
  0.24410460E+01 -0.33713845E+01
  0.24457454E+01 -0.33742788E+01
  0.24504447E+01 -0.33770421E+01
  0.24551440E+01 -0.33796662E+01
  0.24598433E+01 -0.33821427E+01
  0.24645427E+01 -0.33844629E+01
  0.24692420E+01 -0.33866180E+01
  0.24739413E+01 -0.33885992E+01
  0.24786406E+01 -0.33903981E+01
  0.24833400E+01 -0.33920064E+01
  0.24880393E+01 -0.33934169E+01
  0.24927386E+01 -0.33946229E+01
  0.24974380E+01 -0.33956186E+01
  0.25021373E+01 -0.33963995E+01
  0.25068366E+01 -0.33969625E+01
  0.25115359E+01 -0.33973061E+01
  0.25162353E+01 -0.33974307E+01
  0.25209346E+01 -0.33973392E+01
  
  0.00000000E+00 -0.33961754E+01
  0.47097009E-02 -0.33872449E+01
  0.94194018E-02 -0.33783861E+01
  0.14129103E-01 -0.33696667E+01
  0.18838804E-01 -0.33610984E+01
  0.23548505E-01 -0.33526913E+01
  0.28258205E-01 -0.33444546E+01
  0.32967906E-01 -0.33363971E+01
  0.37677607E-01 -0.33285265E+01
  0.42387308E-01 -0.33208503E+01
  0.47097009E-01 -0.33133752E+01
  0.51806710E-01 -0.33061074E+01
  0.56516411E-01 -0.32990526E+01
  0.61226112E-01 -0.32922160E+01
  0.65935813E-01 -0.32856024E+01
  0.70645514E-01 -0.32792158E+01
  0.75355215E-01 -0.32730601E+01
  0.80064916E-01 -0.32671386E+01
  0.84774616E-01 -0.32614542E+01
  0.89484317E-01 -0.32560092E+01
  0.94194018E-01 -0.32508056E+01
  0.98903719E-01 -0.32458451E+01
  0.10361342E+00 -0.32411286E+01
  0.10832312E+00 -0.32366571E+01
  0.11303282E+00 -0.32324306E+01
  0.11774252E+00 -0.32284493E+01
  0.12245222E+00 -0.32247124E+01
  0.12716192E+00 -0.32212192E+01
  0.13187163E+00 -0.32179682E+01
  0.13658133E+00 -0.32149580E+01
  0.14129103E+00 -0.32121863E+01
  0.14600073E+00 -0.32096507E+01
  0.15071043E+00 -0.32073486E+01
  0.15542013E+00 -0.32052766E+01
  0.16012983E+00 -0.32034315E+01
  0.16483953E+00 -0.32018093E+01
  0.16954923E+00 -0.32004059E+01
  0.17425893E+00 -0.31992171E+01
  0.17896863E+00 -0.31982379E+01
  0.18367834E+00 -0.31974636E+01
  0.18838804E+00 -0.31968887E+01
  0.19309774E+00 -0.31965080E+01
  0.19780744E+00 -0.31963155E+01
  0.20251714E+00 -0.31963054E+01
  0.20722684E+00 -0.31964715E+01
  0.21193654E+00 -0.31968075E+01
  0.21664624E+00 -0.31973070E+01
  0.22135594E+00 -0.31979632E+01
  0.22606564E+00 -0.31987694E+01
  0.23077534E+00 -0.31997186E+01
  0.23548505E+00 -0.32008038E+01
  0.24019475E+00 -0.32020179E+01
  0.24490445E+00 -0.32033538E+01
  0.24961415E+00 -0.32048040E+01
  0.25432385E+00 -0.32063614E+01
  0.25903355E+00 -0.32080186E+01
  0.26374325E+00 -0.32097683E+01
  0.26845295E+00 -0.32116030E+01
  0.27316265E+00 -0.32135155E+01
  0.27787235E+00 -0.32154984E+01
  0.28258205E+00 -0.32175444E+01
  0.28729176E+00 -0.32196462E+01
  0.29200146E+00 -0.32217968E+01
  0.29671116E+00 -0.32239889E+01
  0.30142086E+00 -0.32262155E+01
  0.30613056E+00 -0.32284698E+01
  0.31084026E+00 -0.32307449E+01
  0.31554996E+00 -0.32330340E+01
  0.32025966E+00 -0.32353306E+01
  0.32496936E+00 -0.32376283E+01
  0.32967906E+00 -0.32399206E+01
  0.33438876E+00 -0.32422015E+01
  0.33909847E+00 -0.32444648E+01
  0.34380817E+00 -0.32467049E+01
  0.34851787E+00 -0.32489159E+01
  0.35322757E+00 -0.32510925E+01
  0.35793727E+00 -0.32532291E+01
  0.36264697E+00 -0.32553208E+01
  0.36735667E+00 -0.32573625E+01
  0.37206637E+00 -0.32593496E+01
  0.37677607E+00 -0.32612773E+01
  0.38148577E+00 -0.32631415E+01
  0.38619547E+00 -0.32649379E+01
  0.39090518E+00 -0.32666625E+01
  0.39561488E+00 -0.32683117E+01
  0.40032458E+00 -0.32698819E+01
  0.40503428E+00 -0.32713697E+01
  0.40974398E+00 -0.32727722E+01
  0.41445368E+00 -0.32740863E+01
  0.41916338E+00 -0.32753095E+01
  0.42387308E+00 -0.32764393E+01
  0.42858278E+00 -0.32774735E+01
  0.43329248E+00 -0.32784100E+01
  0.43800218E+00 -0.32792471E+01
  0.44271189E+00 -0.32799832E+01
  0.44742159E+00 -0.32806170E+01
  0.45213129E+00 -0.32811473E+01
  0.45684099E+00 -0.32815734E+01
  0.46155069E+00 -0.32818944E+01
  0.46626039E+00 -0.32821100E+01
  0.47097009E+00 -0.32822200E+01
  0.47567979E+00 -0.32822243E+01
  0.48037912E+00 -0.32820954E+01
  0.48507844E+00 -0.32815494E+01
  0.48977777E+00 -0.32805878E+01
  0.49447710E+00 -0.32792137E+01
  0.49917642E+00 -0.32774313E+01
  0.50387575E+00 -0.32752460E+01
  0.50857508E+00 -0.32726646E+01
  0.51327440E+00 -0.32696945E+01
  0.51797373E+00 -0.32663441E+01
  0.52267306E+00 -0.32626219E+01
  0.52737238E+00 -0.32585361E+01
  0.53207171E+00 -0.32540938E+01
  0.53677103E+00 -0.32492980E+01
  0.54147036E+00 -0.32441425E+01
  0.54616969E+00 -0.32385959E+01
  0.55086901E+00 -0.32325544E+01
  0.55556834E+00 -0.32257056E+01
  0.56026767E+00 -0.32175569E+01
  0.56496699E+00 -0.32083512E+01
  0.56966632E+00 -0.31987736E+01
  0.57436565E+00 -0.31891490E+01
  0.57906497E+00 -0.31795925E+01
  0.58376430E+00 -0.31701516E+01
  0.58846362E+00 -0.31608503E+01
  0.59316295E+00 -0.31517034E+01
  0.59786228E+00 -0.31427209E+01
  0.60256160E+00 -0.31339107E+01
  0.60726093E+00 -0.31252790E+01
  0.61196026E+00 -0.31168315E+01
  0.61665958E+00 -0.31085727E+01
  0.62135891E+00 -0.31005069E+01
  0.62605824E+00 -0.30926378E+01
  0.63075756E+00 -0.30849688E+01
  0.63545689E+00 -0.30775026E+01
  0.64015621E+00 -0.30702417E+01
  0.64485554E+00 -0.30631884E+01
  0.64955487E+00 -0.30563443E+01
  0.65425419E+00 -0.30497107E+01
  0.65895352E+00 -0.30432886E+01
  0.66365285E+00 -0.30370784E+01
  0.66835217E+00 -0.30310800E+01
  0.67305150E+00 -0.30252926E+01
  0.67775083E+00 -0.30197142E+01
  0.68245015E+00 -0.30143397E+01
  0.68714948E+00 -0.30091537E+01
  0.69184880E+00 -0.30040679E+01
  0.69654813E+00 -0.29981039E+01
  0.70124746E+00 -0.29908398E+01
  0.70594678E+00 -0.29834999E+01
  0.71064611E+00 -0.29762324E+01
  0.71534544E+00 -0.29690604E+01
  0.72004476E+00 -0.29619923E+01
  0.72474409E+00 -0.29550328E+01
  0.72944342E+00 -0.29481849E+01
  0.73414274E+00 -0.29414505E+01
  0.73884207E+00 -0.29348312E+01
  0.74354139E+00 -0.29283276E+01
  0.74824072E+00 -0.29219400E+01
  0.75294005E+00 -0.29156680E+01
  0.75763937E+00 -0.29095110E+01
  0.76233870E+00 -0.29034678E+01
  0.76703803E+00 -0.28975365E+01
  0.77173735E+00 -0.28917151E+01
  0.77643668E+00 -0.28860009E+01
  0.78113601E+00 -0.28803911E+01
  0.78583533E+00 -0.28748821E+01
  0.79053466E+00 -0.28694700E+01
  0.79523398E+00 -0.28641508E+01
  0.79993331E+00 -0.28589196E+01
  0.80463264E+00 -0.28537715E+01
  0.80933196E+00 -0.28487010E+01
  0.81403129E+00 -0.28437023E+01
  0.81873062E+00 -0.28387691E+01
  0.82342994E+00 -0.28338949E+01
  0.82812927E+00 -0.28290726E+01
  0.83282859E+00 -0.28242949E+01
  0.83752792E+00 -0.28195539E+01
  0.84222725E+00 -0.28148413E+01
  0.84692657E+00 -0.28101486E+01
  0.85162590E+00 -0.28054666E+01
  0.85632523E+00 -0.28007857E+01
  0.86102455E+00 -0.27960959E+01
  0.86572388E+00 -0.27913867E+01
  0.87042321E+00 -0.27866469E+01
  0.87512253E+00 -0.27818650E+01
  0.87982186E+00 -0.27770288E+01
  0.88452118E+00 -0.27721257E+01
  0.88922051E+00 -0.27671424E+01
  0.89391984E+00 -0.27620651E+01
  0.89861916E+00 -0.27568794E+01
  0.90331849E+00 -0.27515707E+01
  0.90801782E+00 -0.27461239E+01
  0.91271714E+00 -0.27405235E+01
  0.91741647E+00 -0.27347543E+01
  0.92211580E+00 -0.27288008E+01
  0.92681512E+00 -0.27226485E+01
  0.93151445E+00 -0.27162831E+01
  0.93621377E+00 -0.27096916E+01
  0.94091310E+00 -0.27028627E+01
  0.94561243E+00 -0.26957867E+01
  0.95031175E+00 -0.26884561E+01
  0.95501108E+00 -0.26808660E+01
  0.95971041E+00 -0.26730141E+01
  0.96440973E+00 -0.26649006E+01
  0.96910906E+00 -0.26565285E+01
  0.97380839E+00 -0.26479028E+01
  0.97850771E+00 -0.26390304E+01
  0.98320704E+00 -0.26299198E+01
  0.98790636E+00 -0.26205798E+01
  0.99260569E+00 -0.26110198E+01
  0.99730502E+00 -0.26012485E+01
  0.10020043E+01 -0.25912738E+01
  0.10067037E+01 -0.25811023E+01
  0.10114030E+01 -0.25707387E+01
  0.10161023E+01 -0.25601858E+01
  0.10208016E+01 -0.25494441E+01
  0.10255010E+01 -0.25385119E+01
  0.10302003E+01 -0.25273851E+01
  0.10348996E+01 -0.25160575E+01
  0.10395990E+01 -0.25045206E+01
  0.10442983E+01 -0.24927644E+01
  0.10489976E+01 -0.24807770E+01
  0.10536969E+01 -0.24685457E+01
  0.10583963E+01 -0.24560569E+01
  0.10630956E+01 -0.24432970E+01
  0.10677949E+01 -0.24302529E+01
  0.10724942E+01 -0.24169121E+01
  0.10771936E+01 -0.24032643E+01
  0.10818929E+01 -0.23893008E+01
  0.10865922E+01 -0.23750161E+01
  0.10912915E+01 -0.23604077E+01
  0.10959909E+01 -0.23454767E+01
  0.11006902E+01 -0.23302283E+01
  0.11053895E+01 -0.23146719E+01
  0.11100888E+01 -0.22988213E+01
  0.11147882E+01 -0.22826947E+01
  0.11194875E+01 -0.22663148E+01
  0.11241868E+01 -0.22497085E+01
  0.11288862E+01 -0.22329072E+01
  0.11335855E+01 -0.22159462E+01
  0.11382848E+01 -0.21988647E+01
  0.11429841E+01 -0.21817056E+01
  0.11476835E+01 -0.21645152E+01
  0.11523828E+01 -0.21473431E+01
  0.11570821E+01 -0.21302416E+01
  0.11617814E+01 -0.21132658E+01
  0.11664808E+01 -0.20964734E+01
  0.11711801E+01 -0.20799240E+01
  0.11758794E+01 -0.20636792E+01
  0.11805787E+01 -0.20478021E+01
  0.11852781E+01 -0.20323572E+01
  0.11899774E+01 -0.20174097E+01
  0.11946767E+01 -0.20030254E+01
  0.11993761E+01 -0.19892702E+01
  0.12040754E+01 -0.19762094E+01
  0.12087747E+01 -0.19639074E+01
  0.12134740E+01 -0.19524272E+01
  0.12181734E+01 -0.19418295E+01
  0.12228727E+01 -0.19321723E+01
  0.12275720E+01 -0.19235098E+01
  0.12322713E+01 -0.19158924E+01
  0.12369707E+01 -0.19093653E+01
  0.12416700E+01 -0.19039682E+01
  0.12463693E+01 -0.18997346E+01
  0.12510686E+01 -0.18966913E+01
  0.12557680E+01 -0.18948578E+01
  0.12604673E+01 -0.18942461E+01
  0.12651770E+01 -0.18943510E+01
  0.12698867E+01 -0.18946719E+01
  0.12745964E+01 -0.18952089E+01
  0.12793061E+01 -0.18959617E+01
  0.12840158E+01 -0.18969302E+01
  0.12887255E+01 -0.18981141E+01
  0.12934352E+01 -0.18995131E+01
  0.12981449E+01 -0.19011267E+01
  0.13028546E+01 -0.19029544E+01
  0.13075643E+01 -0.19049958E+01
  0.13122740E+01 -0.19072501E+01
  0.13169837E+01 -0.19097166E+01
  0.13216934E+01 -0.19123944E+01
  0.13264031E+01 -0.19152827E+01
  0.13311128E+01 -0.19183803E+01
  0.13358225E+01 -0.19216862E+01
  0.13405322E+01 -0.19251991E+01
  0.13452419E+01 -0.19289176E+01
  0.13499516E+01 -0.19328402E+01
  0.13546613E+01 -0.19369654E+01
  0.13593710E+01 -0.19412913E+01
  0.13640807E+01 -0.19458161E+01
  0.13687904E+01 -0.19505379E+01
  0.13735001E+01 -0.19554545E+01
  0.13782098E+01 -0.19605635E+01
  0.13829195E+01 -0.19658628E+01
  0.13876292E+01 -0.19713496E+01
  0.13923389E+01 -0.19770214E+01
  0.13970486E+01 -0.19828754E+01
  0.14017583E+01 -0.19889086E+01
  0.14064680E+01 -0.19951180E+01
  0.14111777E+01 -0.20015005E+01
  0.14158874E+01 -0.20080527E+01
  0.14205971E+01 -0.20147712E+01
  0.14253068E+01 -0.20216526E+01
  0.14300165E+01 -0.20286932E+01
  0.14347262E+01 -0.20358892E+01
  0.14394359E+01 -0.20432370E+01
  0.14441456E+01 -0.20507326E+01
  0.14488553E+01 -0.20583719E+01
  0.14535650E+01 -0.20661510E+01
  0.14582747E+01 -0.20740657E+01
  0.14629844E+01 -0.20821119E+01
  0.14676941E+01 -0.20902853E+01
  0.14724038E+01 -0.20985817E+01
  0.14771135E+01 -0.21069966E+01
  0.14818232E+01 -0.21155259E+01
  0.14865329E+01 -0.21241651E+01
  0.14912426E+01 -0.21329098E+01
  0.14959523E+01 -0.21417556E+01
  0.15006620E+01 -0.21506982E+01
  0.15053717E+01 -0.21597332E+01
  0.15100814E+01 -0.21688562E+01
  0.15147911E+01 -0.21780628E+01
  0.15195008E+01 -0.21873486E+01
  0.15242105E+01 -0.21967095E+01
  0.15289202E+01 -0.22061410E+01
  0.15336299E+01 -0.22156390E+01
  0.15383396E+01 -0.22251993E+01
  0.15430493E+01 -0.22348176E+01
  0.15477590E+01 -0.22444900E+01
  0.15524687E+01 -0.22542123E+01
  0.15571785E+01 -0.22639805E+01
  0.15618882E+01 -0.22737907E+01
  0.15665979E+01 -0.22836389E+01
  0.15713076E+01 -0.22935214E+01
  0.15760173E+01 -0.23034343E+01
  0.15807270E+01 -0.23133739E+01
  0.15854367E+01 -0.23233365E+01
  0.15901464E+01 -0.23333185E+01
  0.15948561E+01 -0.23433162E+01
  0.15995658E+01 -0.23533262E+01
  0.16042755E+01 -0.23633449E+01
  0.16089852E+01 -0.23733687E+01
  0.16136949E+01 -0.23833944E+01
  0.16184046E+01 -0.23934184E+01
  0.16231143E+01 -0.24034373E+01
  0.16278240E+01 -0.24134477E+01
  0.16325337E+01 -0.24234462E+01
  0.16372434E+01 -0.24334294E+01
  0.16419531E+01 -0.24433939E+01
  0.16466628E+01 -0.24533361E+01
  0.16513725E+01 -0.24632525E+01
  0.16560822E+01 -0.24731397E+01
  0.16607919E+01 -0.24829939E+01
  0.16655016E+01 -0.24928115E+01
  0.16702113E+01 -0.25025887E+01
  0.16749210E+01 -0.25123216E+01
  0.16796307E+01 -0.25220061E+01
  0.16843404E+01 -0.25316382E+01
  0.16890501E+01 -0.25412134E+01
  0.16937598E+01 -0.25507273E+01
  0.16984695E+01 -0.25601751E+01
  0.17031792E+01 -0.25695518E+01
  0.17078889E+01 -0.25788520E+01
  0.17125986E+01 -0.25880698E+01
  0.17173083E+01 -0.25971984E+01
  0.17220180E+01 -0.26062287E+01
  0.17267277E+01 -0.26151452E+01
  0.17314374E+01 -0.26238946E+01
  0.17361471E+01 -0.26309881E+01
  0.17408464E+01 -0.26315035E+01
  0.17455457E+01 -0.26330457E+01
  0.17502451E+01 -0.26356058E+01
  0.17549444E+01 -0.26391696E+01
  0.17596437E+01 -0.26437170E+01
  0.17643430E+01 -0.26492225E+01
  0.17690424E+01 -0.26556549E+01
  0.17737417E+01 -0.26629771E+01
  0.17784410E+01 -0.26711465E+01
  0.17831403E+01 -0.26801141E+01
  0.17878397E+01 -0.26898248E+01
  0.17925390E+01 -0.27002166E+01
  0.17972383E+01 -0.27112203E+01
  0.18019377E+01 -0.27227590E+01
  0.18066370E+01 -0.27347471E+01
  0.18113363E+01 -0.27470900E+01
  0.18160356E+01 -0.27596829E+01
  0.18207350E+01 -0.27724109E+01
  0.18254343E+01 -0.27851490E+01
  0.18301336E+01 -0.27977628E+01
  0.18348329E+01 -0.28101110E+01
  0.18395323E+01 -0.28220496E+01
  0.18442316E+01 -0.28334374E+01
  0.18489309E+01 -0.28441447E+01
  0.18536302E+01 -0.28540632E+01
  0.18583296E+01 -0.28631163E+01
  0.18630289E+01 -0.28712676E+01
  0.18677282E+01 -0.28785212E+01
  0.18724275E+01 -0.28849143E+01
  0.18771269E+01 -0.28905069E+01
  0.18818262E+01 -0.28953718E+01
  0.18865255E+01 -0.28995869E+01
  0.18912249E+01 -0.29032302E+01
  0.18959242E+01 -0.29063755E+01
  0.19006235E+01 -0.29090911E+01
  0.19053228E+01 -0.29114386E+01
  0.19100222E+01 -0.29134725E+01
  0.19147215E+01 -0.29152409E+01
  0.19194208E+01 -0.29167856E+01
  0.19241201E+01 -0.29181431E+01
  0.19288195E+01 -0.29193451E+01
  0.19335188E+01 -0.29204192E+01
  0.19382181E+01 -0.29213893E+01
  0.19429174E+01 -0.29222761E+01
  0.19476168E+01 -0.29230975E+01
  0.19523161E+01 -0.29238692E+01
  0.19570154E+01 -0.29246046E+01
  0.19617147E+01 -0.29253154E+01
  0.19664141E+01 -0.29260116E+01
  0.19711134E+01 -0.29267027E+01
  0.19758127E+01 -0.29273971E+01
  0.19805121E+01 -0.29281034E+01
  0.19852114E+01 -0.29288304E+01
  0.19899107E+01 -0.29295876E+01
  0.19946100E+01 -0.29303843E+01
  0.19993094E+01 -0.29312303E+01
  0.20040087E+01 -0.29321349E+01
  0.20087080E+01 -0.29331073E+01
  0.20134073E+01 -0.29341559E+01
  0.20181067E+01 -0.29352887E+01
  0.20228060E+01 -0.29365132E+01
  0.20275053E+01 -0.29378361E+01
  0.20322046E+01 -0.29392641E+01
  0.20369040E+01 -0.29408030E+01
  0.20416033E+01 -0.29424586E+01
  0.20463026E+01 -0.29442360E+01
  0.20510020E+01 -0.29461401E+01
  0.20557013E+01 -0.29481756E+01
  0.20604006E+01 -0.29503467E+01
  0.20650999E+01 -0.29526573E+01
  0.20697993E+01 -0.29551111E+01
  0.20744986E+01 -0.29577114E+01
  0.20791979E+01 -0.29604613E+01
  0.20838972E+01 -0.29633635E+01
  0.20885966E+01 -0.29664203E+01
  0.20932959E+01 -0.29696338E+01
  0.20979952E+01 -0.29730056E+01
  0.21026945E+01 -0.29765369E+01
  0.21073939E+01 -0.29802284E+01
  0.21120932E+01 -0.29840801E+01
  0.21167925E+01 -0.29880915E+01
  0.21214918E+01 -0.29922609E+01
  0.21261912E+01 -0.29965859E+01
  0.21308905E+01 -0.30010623E+01
  0.21355898E+01 -0.30056846E+01
  0.21402892E+01 -0.30104461E+01
  0.21449885E+01 -0.30153388E+01
  0.21496878E+01 -0.30203560E+01
  0.21543871E+01 -0.30254932E+01
  0.21590865E+01 -0.30307497E+01
  0.21637858E+01 -0.30361281E+01
  0.21684851E+01 -0.30416323E+01
  0.21731844E+01 -0.30472662E+01
  0.21778838E+01 -0.30530330E+01
  0.21825831E+01 -0.30589341E+01
  0.21872824E+01 -0.30649697E+01
  0.21919817E+01 -0.30711390E+01
  0.21966811E+01 -0.30774396E+01
  0.22013804E+01 -0.30838682E+01
  0.22060797E+01 -0.30904204E+01
  0.22107790E+01 -0.30970909E+01
  0.22154784E+01 -0.31038731E+01
  0.22201777E+01 -0.31107595E+01
  0.22248770E+01 -0.31177416E+01
  0.22295764E+01 -0.31248098E+01
  0.22342757E+01 -0.31319533E+01
  0.22389750E+01 -0.31391605E+01
  0.22436743E+01 -0.31464186E+01
  0.22483737E+01 -0.31537139E+01
  0.22530730E+01 -0.31610318E+01
  0.22577723E+01 -0.31683570E+01
  0.22624716E+01 -0.31756736E+01
  0.22671710E+01 -0.31829651E+01
  0.22718703E+01 -0.31902148E+01
  0.22765696E+01 -0.31974061E+01
  0.22812689E+01 -0.32045223E+01
  0.22859683E+01 -0.32115474E+01
  0.22906676E+01 -0.32184662E+01
  0.22953669E+01 -0.32252642E+01
  0.23000662E+01 -0.32319283E+01
  0.23047656E+01 -0.32384465E+01
  0.23094649E+01 -0.32448086E+01
  0.23141642E+01 -0.32510058E+01
  0.23188636E+01 -0.32570315E+01
  0.23235629E+01 -0.32628811E+01
  0.23282622E+01 -0.32685531E+01
  0.23329615E+01 -0.32740493E+01
  0.23376609E+01 -0.32793747E+01
  0.23423602E+01 -0.32845375E+01
  0.23470595E+01 -0.32895476E+01
  0.23517588E+01 -0.32944158E+01
  0.23564582E+01 -0.32991526E+01
  0.23611575E+01 -0.33037675E+01
  0.23658568E+01 -0.33082693E+01
  0.23705561E+01 -0.33126655E+01
  0.23752555E+01 -0.33169623E+01
  0.23799548E+01 -0.33211651E+01
  0.23846541E+01 -0.33252781E+01
  0.23893534E+01 -0.33293046E+01
  0.23940528E+01 -0.33332467E+01
  0.23987521E+01 -0.33371059E+01
  0.24034514E+01 -0.33408826E+01
  0.24081508E+01 -0.33445764E+01
  0.24128501E+01 -0.33481861E+01
  0.24175494E+01 -0.33517096E+01
  0.24222487E+01 -0.33551442E+01
  0.24269481E+01 -0.33584862E+01
  0.24316474E+01 -0.33617315E+01
  0.24363467E+01 -0.33648752E+01
  0.24410460E+01 -0.33679117E+01
  0.24457454E+01 -0.33708352E+01
  0.24504447E+01 -0.33736388E+01
  0.24551440E+01 -0.33763158E+01
  0.24598433E+01 -0.33788586E+01
  0.24645427E+01 -0.33812595E+01
  0.24692420E+01 -0.33835105E+01
  0.24739413E+01 -0.33856036E+01
  0.24786406E+01 -0.33875306E+01
  0.24833400E+01 -0.33892834E+01
  0.24880393E+01 -0.33908542E+01
  0.24927386E+01 -0.33922353E+01
  0.24974380E+01 -0.33934197E+01
  0.25021373E+01 -0.33944006E+01
  0.25068366E+01 -0.33951720E+01
  0.25115359E+01 -0.33957283E+01
  0.25162353E+01 -0.33960645E+01
  0.25209346E+01 -0.33961754E+01
  
  0.00000000E+00  0.44115072E+00
  0.47097009E-02  0.42875132E+00
  0.94194018E-02  0.41505178E+00
  0.14129103E-01  0.40127007E+00
  0.18838804E-01  0.38746115E+00
  0.23548505E-01  0.37366225E+00
  0.28258205E-01  0.35990575E+00
  0.32967906E-01  0.34622105E+00
  0.37677607E-01  0.33263518E+00
  0.42387308E-01  0.31917302E+00
  0.47097009E-01  0.30585751E+00
  0.51806710E-01  0.29270977E+00
  0.56516411E-01  0.27974924E+00
  0.61226112E-01  0.26699378E+00
  0.65935813E-01  0.25445983E+00
  0.70645514E-01  0.24216243E+00
  0.75355215E-01  0.23011544E+00
  0.80064916E-01  0.21833150E+00
  0.84774616E-01  0.20682223E+00
  0.89484317E-01  0.19559826E+00
  0.94194018E-01  0.18466930E+00
  0.98903719E-01  0.17404423E+00
  0.10361342E+00  0.16373118E+00
  0.10832312E+00  0.15373753E+00
  0.11303282E+00  0.14407004E+00
  0.11774252E+00  0.13473485E+00
  0.12245222E+00  0.12573755E+00
  0.12716192E+00  0.11708321E+00
  0.13187163E+00  0.10877643E+00
  0.13658133E+00  0.10082133E+00
  0.14129103E+00  0.93221671E-01
  0.14600073E+00  0.85980777E-01
  0.15071043E+00  0.79101630E-01
  0.15542013E+00  0.72586861E-01
  0.16012983E+00  0.66438777E-01
  0.16483953E+00  0.60659367E-01
  0.16954923E+00  0.55250320E-01
  0.17425893E+00  0.50213034E-01
  0.17896863E+00  0.45548621E-01
  0.18367834E+00  0.41257910E-01
  0.18838804E+00  0.37341454E-01
  0.19309774E+00  0.33799527E-01
  0.19780744E+00  0.30632124E-01
  0.20251714E+00  0.27838958E-01
  0.20722684E+00  0.25419452E-01
  0.21193654E+00  0.23372737E-01
  0.21664624E+00  0.21697641E-01
  0.22135594E+00  0.20392680E-01
  0.22606564E+00  0.19456044E-01
  0.23077534E+00  0.18885591E-01
  0.23548505E+00  0.18678827E-01
  0.24019475E+00  0.18832891E-01
  0.24490445E+00  0.19344544E-01
  0.24961415E+00  0.20210144E-01
  0.25432385E+00  0.21425632E-01
  0.25903355E+00  0.22986510E-01
  0.26374325E+00  0.24887818E-01
  0.26845295E+00  0.27124113E-01
  0.27316265E+00  0.29689442E-01
  0.27787235E+00  0.32577321E-01
  0.28258205E+00  0.35780702E-01
  0.28729176E+00  0.39291949E-01
  0.29200146E+00  0.43102807E-01
  0.29671116E+00  0.47204367E-01
  0.30142086E+00  0.51587040E-01
  0.30613056E+00  0.56240516E-01
  0.31084026E+00  0.61153733E-01
  0.31554996E+00  0.66314837E-01
  0.32025966E+00  0.71711144E-01
  0.32496936E+00  0.77329104E-01
  0.32967906E+00  0.83154258E-01
  0.33438876E+00  0.89171200E-01
  0.33909847E+00  0.95363535E-01
  0.34380817E+00  0.10171384E+00
  0.34851787E+00  0.10820364E+00
  0.35322757E+00  0.11481333E+00
  0.35793727E+00  0.12152222E+00
  0.36264697E+00  0.12830843E+00
  0.36735667E+00  0.13514891E+00
  0.37206637E+00  0.14201946E+00
  0.37677607E+00  0.14889466E+00
  0.38148577E+00  0.15574795E+00
  0.38619547E+00  0.16255163E+00
  0.39090518E+00  0.16927693E+00
  0.39561488E+00  0.17589408E+00
  0.40032458E+00  0.18237241E+00
  0.40503428E+00  0.18868052E+00
  0.40974398E+00  0.19478638E+00
  0.41445368E+00  0.20065760E+00
  0.41916338E+00  0.20626165E+00
  0.42387308E+00  0.21156612E+00
  0.42858278E+00  0.21653907E+00
  0.43329248E+00  0.22114937E+00
  0.43800218E+00  0.22536708E+00
  0.44271189E+00  0.22916386E+00
  0.44742159E+00  0.23251336E+00
  0.45213129E+00  0.23539169E+00
  0.45684099E+00  0.23777778E+00
  0.46155069E+00  0.23965378E+00
  0.46626039E+00  0.24100538E+00
  0.47097009E+00  0.24182213E+00
  0.47567979E+00  0.24209758E+00
  0.48037912E+00  0.24205542E+00
  0.48507844E+00  0.24187690E+00
  0.48977777E+00  0.24156349E+00
  0.49447710E+00  0.24111772E+00
  0.49917642E+00  0.24054314E+00
  0.50387575E+00  0.23984435E+00
  0.50857508E+00  0.23902692E+00
  0.51327440E+00  0.23809739E+00
  0.51797373E+00  0.23706322E+00
  0.52267306E+00  0.23593276E+00
  0.52737238E+00  0.23471518E+00
  0.53207171E+00  0.23342043E+00
  0.53677103E+00  0.23205921E+00
  0.54147036E+00  0.23064287E+00
  0.54616969E+00  0.22918337E+00
  0.55086901E+00  0.22769321E+00
  0.55556834E+00  0.22618540E+00
  0.56026767E+00  0.22467335E+00
  0.56496699E+00  0.22317081E+00
  0.56966632E+00  0.22169184E+00
  0.57436565E+00  0.22025070E+00
  0.57906497E+00  0.21886181E+00
  0.58376430E+00  0.21753969E+00
  0.58846362E+00  0.21629886E+00
  0.59316295E+00  0.21515382E+00
  0.59786228E+00  0.21411895E+00
  0.60256160E+00  0.21320851E+00
  0.60726093E+00  0.21243649E+00
  0.61196026E+00  0.21181666E+00
  0.61665958E+00  0.21136243E+00
  0.62135891E+00  0.21108686E+00
  0.62605824E+00  0.21100259E+00
  0.63075756E+00  0.21112179E+00
  0.63545689E+00  0.21145614E+00
  0.64015621E+00  0.21201678E+00
  0.64485554E+00  0.21281429E+00
  0.64955487E+00  0.21385864E+00
  0.65425419E+00  0.21515918E+00
  0.65895352E+00  0.21672464E+00
  0.66365285E+00  0.21856305E+00
  0.66835217E+00  0.22068178E+00
  0.67305150E+00  0.22308753E+00
  0.67775083E+00  0.22578629E+00
  0.68245015E+00  0.22878333E+00
  0.68714948E+00  0.23208327E+00
  0.69184880E+00  0.23568998E+00
  0.69654813E+00  0.23960667E+00
  0.70124746E+00  0.24383586E+00
  0.70594678E+00  0.24837938E+00
  0.71064611E+00  0.25323842E+00
  0.71534544E+00  0.25841349E+00
  0.72004476E+00  0.26390451E+00
  0.72474409E+00  0.26971073E+00
  0.72944342E+00  0.27583085E+00
  0.73414274E+00  0.28226296E+00
  0.73884207E+00  0.28900461E+00
  0.74354139E+00  0.29605279E+00
  0.74824072E+00  0.30340399E+00
  0.75294005E+00  0.31105419E+00
  0.75763937E+00  0.31899888E+00
  0.76233870E+00  0.32723310E+00
  0.76703803E+00  0.33575143E+00
  0.77173735E+00  0.34454804E+00
  0.77643668E+00  0.35361664E+00
  0.78113601E+00  0.36295056E+00
  0.78583533E+00  0.37254273E+00
  0.79053466E+00  0.38238568E+00
  0.79523398E+00  0.39247154E+00
  0.79993331E+00  0.40279207E+00
  0.80463264E+00  0.41333862E+00
  0.80933196E+00  0.42410213E+00
  0.81403129E+00  0.43507315E+00
  0.81873062E+00  0.44624178E+00
  0.82342994E+00  0.45759769E+00
  0.82812927E+00  0.46913007E+00
  0.83282859E+00  0.48082760E+00
  0.83752792E+00  0.49267842E+00
  0.84222725E+00  0.50467010E+00
  0.84692657E+00  0.51678959E+00
  0.85162590E+00  0.52902315E+00
  0.85632523E+00  0.54135630E+00
  0.86102455E+00  0.55377374E+00
  0.86572388E+00  0.56625925E+00
  0.87042321E+00  0.57879558E+00
  0.87512253E+00  0.59136413E+00
  0.87982186E+00  0.60394447E+00
  0.88452118E+00  0.61651239E+00
  0.88922051E+00  0.62903038E+00
  0.89391984E+00  0.64130117E+00
  0.89861916E+00  0.64715647E+00
  0.90331849E+00  0.64897167E+00
  0.90801782E+00  0.65038217E+00
  0.91271714E+00  0.65144738E+00
  0.91741647E+00  0.65216508E+00
  0.92211580E+00  0.65252606E+00
  0.92681512E+00  0.65251972E+00
  0.93151445E+00  0.65213534E+00
  0.93621377E+00  0.65136243E+00
  0.94091310E+00  0.65019094E+00
  0.94561243E+00  0.64861131E+00
  0.95031175E+00  0.64661454E+00
  0.95501108E+00  0.64419218E+00
  0.95971041E+00  0.64133642E+00
  0.96440973E+00  0.63804003E+00
  0.96910906E+00  0.63429640E+00
  0.97380839E+00  0.63009956E+00
  0.97850771E+00  0.62544414E+00
  0.98320704E+00  0.62032538E+00
  0.98790636E+00  0.61473914E+00
  0.99260569E+00  0.60868185E+00
  0.99730502E+00  0.60215052E+00
  0.10020043E+01  0.59514271E+00
  0.10067037E+01  0.58765654E+00
  0.10114030E+01  0.57969062E+00
  0.10161023E+01  0.57124412E+00
  0.10208016E+01  0.56231667E+00
  0.10255010E+01  0.55290842E+00
  0.10302003E+01  0.54302000E+00
  0.10348996E+01  0.53265256E+00
  0.10395990E+01  0.52180779E+00
  0.10442983E+01  0.51048791E+00
  0.10489976E+01  0.49869577E+00
  0.10536969E+01  0.48643489E+00
  0.10583963E+01  0.47370955E+00
  0.10630956E+01  0.46052490E+00
  0.10677949E+01  0.44688708E+00
  0.10724942E+01  0.43280338E+00
  0.10771936E+01  0.41828247E+00
  0.10818929E+01  0.40333456E+00
  0.10865922E+01  0.38797170E+00
  0.10912915E+01  0.37220802E+00
  0.10959909E+01  0.35606004E+00
  0.11006902E+01  0.33954702E+00
  0.11053895E+01  0.32269122E+00
  0.11100888E+01  0.30551825E+00
  0.11147882E+01  0.28805731E+00
  0.11194875E+01  0.27034148E+00
  0.11241868E+01  0.25240782E+00
  0.11288862E+01  0.23429747E+00
  0.11335855E+01  0.21605564E+00
  0.11382848E+01  0.19773143E+00
  0.11429841E+01  0.17937761E+00
  0.11476835E+01  0.16105025E+00
  0.11523828E+01  0.14280827E+00
  0.11570821E+01  0.12471291E+00
  0.11617814E+01  0.10682716E+00
  0.11664808E+01  0.89215198E-01
  0.11711801E+01  0.71941809E-01
  0.11758794E+01  0.55071833E-01
  0.11805787E+01  0.38669674E-01
  0.11852781E+01  0.22798859E-01
  0.11899774E+01  0.75216440E-02
  0.11946767E+01 -0.71013179E-02
  0.11993761E+01 -0.21011278E-01
  0.12040754E+01 -0.34151659E-01
  0.12087747E+01 -0.46468304E-01
  0.12134740E+01 -0.57909729E-01
  0.12181734E+01 -0.68427381E-01
  0.12228727E+01 -0.77975909E-01
  0.12275720E+01 -0.86513452E-01
  0.12322713E+01 -0.94001958E-01
  0.12369707E+01 -0.10040750E+00
  0.12416700E+01 -0.10570059E+00
  0.12463693E+01 -0.10985651E+00
  0.12510686E+01 -0.11285560E+00
  0.12557680E+01 -0.11468350E+00
  0.12604673E+01 -0.11533132E+00
  0.12651770E+01 -0.11526545E+00
  0.12698867E+01 -0.11522034E+00
  0.12745964E+01 -0.11519639E+00
  0.12793061E+01 -0.11519343E+00
  0.12840158E+01 -0.11521074E+00
  0.12887255E+01 -0.11524713E+00
  0.12934352E+01 -0.11530090E+00
  0.12981449E+01 -0.11537000E+00
  0.13028546E+01 -0.11545204E+00
  0.13075643E+01 -0.11554440E+00
  0.13122740E+01 -0.11564428E+00
  0.13169837E+01 -0.11574885E+00
  0.13216934E+01 -0.11585526E+00
  0.13264031E+01 -0.11596073E+00
  0.13311128E+01 -0.11606267E+00
  0.13358225E+01 -0.11615867E+00
  0.13405322E+01 -0.11624658E+00
  0.13452419E+01 -0.11632454E+00
  0.13499516E+01 -0.11639105E+00
  0.13546613E+01 -0.11644495E+00
  0.13593710E+01 -0.11648543E+00
  0.13640807E+01 -0.11651208E+00
  0.13687904E+01 -0.11652487E+00
  0.13735001E+01 -0.11652415E+00
  0.13782098E+01 -0.11651062E+00
  0.13829195E+01 -0.11648536E+00
  0.13876292E+01 -0.11644977E+00
  0.13923389E+01 -0.11640559E+00
  0.13970486E+01 -0.11635486E+00
  0.14017583E+01 -0.11629986E+00
  0.14064680E+01 -0.11624317E+00
  0.14111777E+01 -0.11618754E+00
  0.14158874E+01 -0.11613593E+00
  0.14205971E+01 -0.11609145E+00
  0.14253068E+01 -0.11605733E+00
  0.14300165E+01 -0.11603687E+00
  0.14347262E+01 -0.11603342E+00
  0.14394359E+01 -0.11605035E+00
  0.14441456E+01 -0.11609097E+00
  0.14488553E+01 -0.11615852E+00
  0.14535650E+01 -0.11625615E+00
  0.14582747E+01 -0.11638683E+00
  0.14629844E+01 -0.11655332E+00
  0.14676941E+01 -0.11675818E+00
  0.14724038E+01 -0.11700366E+00
  0.14771135E+01 -0.11729172E+00
  0.14818232E+01 -0.11762395E+00
  0.14865329E+01 -0.11800156E+00
  0.14912426E+01 -0.11842538E+00
  0.14959523E+01 -0.11889577E+00
  0.15006620E+01 -0.11941265E+00
  0.15053717E+01 -0.11997544E+00
  0.15100814E+01 -0.12058310E+00
  0.15147911E+01 -0.12123408E+00
  0.15195008E+01 -0.12192634E+00
  0.15242105E+01 -0.12265734E+00
  0.15289202E+01 -0.12342405E+00
  0.15336299E+01 -0.12422299E+00
  0.15383396E+01 -0.12505023E+00
  0.15430493E+01 -0.12590139E+00
  0.15477590E+01 -0.12677173E+00
  0.15524687E+01 -0.12765615E+00
  0.15571785E+01 -0.12854921E+00
  0.15618882E+01 -0.12944524E+00
  0.15665979E+01 -0.13033830E+00
  0.15713076E+01 -0.13122229E+00
  0.15760173E+01 -0.13209100E+00
  0.15807270E+01 -0.13293810E+00
  0.15854367E+01 -0.13375726E+00
  0.15901464E+01 -0.13454216E+00
  0.15948561E+01 -0.13528656E+00
  0.15995658E+01 -0.13598432E+00
  0.16042755E+01 -0.13662946E+00
  0.16089852E+01 -0.13721621E+00
  0.16136949E+01 -0.13773902E+00
  0.16184046E+01 -0.13819262E+00
  0.16231143E+01 -0.13857203E+00
  0.16278240E+01 -0.13887260E+00
  0.16325337E+01 -0.13909002E+00
  0.16372434E+01 -0.13922032E+00
  0.16419531E+01 -0.13925991E+00
  0.16466628E+01 -0.13920557E+00
  0.16513725E+01 -0.13905445E+00
  0.16560822E+01 -0.13880407E+00
  0.16607919E+01 -0.13845230E+00
  0.16655016E+01 -0.13799737E+00
  0.16702113E+01 -0.13743784E+00
  0.16749210E+01 -0.13677258E+00
  0.16796307E+01 -0.13600076E+00
  0.16843404E+01 -0.13512179E+00
  0.16890501E+01 -0.13413538E+00
  0.16937598E+01 -0.13304142E+00
  0.16984695E+01 -0.13184004E+00
  0.17031792E+01 -0.13053157E+00
  0.17078889E+01 -0.12911660E+00
  0.17125986E+01 -0.12759607E+00
  0.17173083E+01 -0.12597166E+00
  0.17220180E+01 -0.12424680E+00
  0.17267277E+01 -0.12243101E+00
  0.17314374E+01 -0.12056645E+00
  0.17361471E+01 -0.11918307E+00
  0.17408464E+01 -0.11912136E+00
  0.17455457E+01 -0.11859080E+00
  0.17502451E+01 -0.11742558E+00
  0.17549444E+01 -0.11557269E+00
  0.17596437E+01 -0.11301860E+00
  0.17643430E+01 -0.10976376E+00
  0.17690424E+01 -0.10581542E+00
  0.17737417E+01 -0.10118525E+00
  0.17784410E+01 -0.95888402E-01
  0.17831403E+01 -0.89943027E-01
  0.17878397E+01 -0.83370055E-01
  0.17925390E+01 -0.76192995E-01
  0.17972383E+01 -0.68437799E-01
  0.18019377E+01 -0.60132728E-01
  0.18066370E+01 -0.51308231E-01
  0.18113363E+01 -0.41996818E-01
  0.18160356E+01 -0.32232923E-01
  0.18207350E+01 -0.22052769E-01
  0.18254343E+01 -0.11494212E-01
  0.18301336E+01 -0.59657642E-03
  0.18348329E+01  0.10599524E-01
  0.18395323E+01  0.22052380E-01
  0.18442316E+01  0.33719403E-01
  0.18489309E+01  0.45557352E-01
  0.18536302E+01  0.57522578E-01
  0.18583296E+01  0.69571288E-01
  0.18630289E+01  0.81659819E-01
  0.18677282E+01  0.93744916E-01
  0.18724275E+01  0.10578403E+00
  0.18771269E+01  0.11773560E+00
  0.18818262E+01  0.12955935E+00
  0.18865255E+01  0.14121655E+00
  0.18912249E+01  0.15267030E+00
  0.18959242E+01  0.16388573E+00
  0.19006235E+01  0.17483022E+00
  0.19053228E+01  0.18547358E+00
  0.19100222E+01  0.19578810E+00
  0.19147215E+01  0.20574849E+00
  0.19194208E+01  0.21533159E+00
  0.19241201E+01  0.22451479E+00
  0.19288195E+01  0.23326895E+00
  0.19335188E+01  0.24150082E+00
  0.19382181E+01  0.24883584E+00
  0.19429174E+01  0.25543019E+00
  0.19476168E+01  0.26157050E+00
  0.19523161E+01  0.26730086E+00
  0.19570154E+01  0.27263325E+00
  0.19617147E+01  0.27757539E+00
  0.19664141E+01  0.28213472E+00
  0.19711134E+01  0.28631926E+00
  0.19758127E+01  0.29013777E+00
  0.19805121E+01  0.29359972E+00
  0.19852114E+01  0.29671521E+00
  0.19899107E+01  0.29949491E+00
  0.19946100E+01  0.30194987E+00
  0.19993094E+01  0.30409149E+00
  0.20040087E+01  0.30593143E+00
  0.20087080E+01  0.30748145E+00
  0.20134073E+01  0.30875340E+00
  0.20181067E+01  0.30975914E+00
  0.20228060E+01  0.31051044E+00
  0.20275053E+01  0.31101897E+00
  0.20322046E+01  0.31129623E+00
  0.20369040E+01  0.31135353E+00
  0.20416033E+01  0.31120196E+00
  0.20463026E+01  0.31085233E+00
  0.20510020E+01  0.31031520E+00
  0.20557013E+01  0.30960085E+00
  0.20604006E+01  0.30871926E+00
  0.20650999E+01  0.30768012E+00
  0.20697993E+01  0.30649281E+00
  0.20744986E+01  0.30516641E+00
  0.20791979E+01  0.30370967E+00
  0.20838972E+01  0.30213096E+00
  0.20885966E+01  0.30043827E+00
  0.20932959E+01  0.29863902E+00
  0.20979952E+01  0.29673988E+00
  0.21026945E+01  0.29474631E+00
  0.21073939E+01  0.29266179E+00
  0.21120932E+01  0.29048627E+00
  0.21167925E+01  0.28821392E+00
  0.21214918E+01  0.28583203E+00
  0.21261912E+01  0.28332802E+00
  0.21308905E+01  0.28070749E+00
  0.21355898E+01  0.27799985E+00
  0.21402892E+01  0.27524111E+00
  0.21449885E+01  0.27246093E+00
  0.21496878E+01  0.26968164E+00
  0.21543871E+01  0.26692084E+00
  0.21590865E+01  0.26419347E+00
  0.21637858E+01  0.26151301E+00
  0.21684851E+01  0.25889209E+00
  0.21731844E+01  0.25634284E+00
  0.21778838E+01  0.25387705E+00
  0.21825831E+01  0.25150625E+00
  0.21872824E+01  0.24924177E+00
  0.21919817E+01  0.24709470E+00
  0.21966811E+01  0.24507593E+00
  0.22013804E+01  0.24319611E+00
  0.22060797E+01  0.24146560E+00
  0.22107790E+01  0.23989445E+00
  0.22154784E+01  0.23849237E+00
  0.22201777E+01  0.23726866E+00
  0.22248770E+01  0.23623216E+00
  0.22295764E+01  0.23539125E+00
  0.22342757E+01  0.23475373E+00
  0.22389750E+01  0.23432682E+00
  0.22436743E+01  0.23411709E+00
  0.22483737E+01  0.23413041E+00
  0.22530730E+01  0.23437189E+00
  0.22577723E+01  0.23484585E+00
  0.22624716E+01  0.23555574E+00
  0.22671710E+01  0.23650412E+00
  0.22718703E+01  0.23769260E+00
  0.22765696E+01  0.23912177E+00
  0.22812689E+01  0.24079121E+00
  0.22859683E+01  0.24269941E+00
  0.22906676E+01  0.24484378E+00
  0.22953669E+01  0.24722063E+00
  0.23000662E+01  0.24982522E+00
  0.23047656E+01  0.25265184E+00
  0.23094649E+01  0.25569396E+00
  0.23141642E+01  0.25894441E+00
  0.23188636E+01  0.26239561E+00
  0.23235629E+01  0.26603985E+00
  0.23282622E+01  0.26986942E+00
  0.23329615E+01  0.27387668E+00
  0.23376609E+01  0.27805404E+00
  0.23423602E+01  0.28239374E+00
  0.23470595E+01  0.28688773E+00
  0.23517588E+01  0.29152750E+00
  0.23564582E+01  0.29630391E+00
  0.23611575E+01  0.30120719E+00
  0.23658568E+01  0.30622688E+00
  0.23705561E+01  0.31135189E+00
  0.23752555E+01  0.31657053E+00
  0.23799548E+01  0.32187057E+00
  0.23846541E+01  0.32723925E+00
  0.23893534E+01  0.33266338E+00
  0.23940528E+01  0.33812935E+00
  0.23987521E+01  0.34362318E+00
  0.24034514E+01  0.34913051E+00
  0.24081508E+01  0.35463663E+00
  0.24128501E+01  0.36012648E+00
  0.24175494E+01  0.36558462E+00
  0.24222487E+01  0.37099524E+00
  0.24269481E+01  0.37634210E+00
  0.24316474E+01  0.38160853E+00
  0.24363467E+01  0.38677734E+00
  0.24410460E+01  0.39183084E+00
  0.24457454E+01  0.39675076E+00
  0.24504447E+01  0.40151822E+00
  0.24551440E+01  0.40611375E+00
  0.24598433E+01  0.41051727E+00
  0.24645427E+01  0.41470814E+00
  0.24692420E+01  0.41866528E+00
  0.24739413E+01  0.42236733E+00
  0.24786406E+01  0.42579287E+00
  0.24833400E+01  0.42892081E+00
  0.24880393E+01  0.43173074E+00
  0.24927386E+01  0.43420346E+00
  0.24974380E+01  0.43632149E+00
  0.25021373E+01  0.43806952E+00
  0.25068366E+01  0.43943482E+00
  0.25115359E+01  0.44040750E+00
  0.25162353E+01  0.44098072E+00
  0.25209346E+01  0.44115072E+00
  
  0.00000000E+00  0.44410976E+00
  0.47097009E-02  0.45641239E+00
  0.94194018E-02  0.46974225E+00
  0.14129103E-01  0.48287377E+00
  0.18838804E-01  0.49574002E+00
  0.23548505E-01  0.50828775E+00
  0.28258205E-01  0.52046501E+00
  0.32967906E-01  0.53114361E+00
  0.37677607E-01  0.51141202E+00
  0.42387308E-01  0.49262732E+00
  0.47097009E-01  0.47482988E+00
  0.51806710E-01  0.45805697E+00
  0.56516411E-01  0.44234383E+00
  0.61226112E-01  0.42772365E+00
  0.65935813E-01  0.41422750E+00
  0.70645514E-01  0.40188422E+00
  0.75355215E-01  0.39072023E+00
  0.80064916E-01  0.38075938E+00
  0.84774616E-01  0.37202281E+00
  0.89484317E-01  0.36452872E+00
  0.94194018E-01  0.35829228E+00
  0.98903719E-01  0.35332546E+00
  0.10361342E+00  0.34963693E+00
  0.10832312E+00  0.34723195E+00
  0.11303282E+00  0.34611235E+00
  0.11774252E+00  0.34627646E+00
  0.12245222E+00  0.34771914E+00
  0.12716192E+00  0.35043178E+00
  0.13187163E+00  0.35440243E+00
  0.13658133E+00  0.35961581E+00
  0.14129103E+00  0.36605352E+00
  0.14600073E+00  0.37369412E+00
  0.15071043E+00  0.38251336E+00
  0.15542013E+00  0.39248433E+00
  0.16012983E+00  0.40357770E+00
  0.16483953E+00  0.41576193E+00
  0.16954923E+00  0.42900350E+00
  0.17425893E+00  0.44326715E+00
  0.17896863E+00  0.45851609E+00
  0.18367834E+00  0.47471228E+00
  0.18838804E+00  0.49181660E+00
  0.19309774E+00  0.50978911E+00
  0.19780744E+00  0.52858925E+00
  0.20251714E+00  0.54817601E+00
  0.20722684E+00  0.56850769E+00
  0.21193654E+00  0.56999575E+00
  0.21664624E+00  0.56675661E+00
  0.22135594E+00  0.56362826E+00
  0.22606564E+00  0.56061664E+00
  0.23077534E+00  0.55772626E+00
  0.23548505E+00  0.55496042E+00
  0.24019475E+00  0.55232130E+00
  0.24490445E+00  0.54981007E+00
  0.24961415E+00  0.54742700E+00
  0.25432385E+00  0.54517156E+00
  0.25903355E+00  0.54304250E+00
  0.26374325E+00  0.54103795E+00
  0.26845295E+00  0.53915549E+00
  0.27316265E+00  0.53739222E+00
  0.27787235E+00  0.53574483E+00
  0.28258205E+00  0.53420966E+00
  0.28729176E+00  0.53278276E+00
  0.29200146E+00  0.53145994E+00
  0.29671116E+00  0.53023681E+00
  0.30142086E+00  0.52910885E+00
  0.30613056E+00  0.52807144E+00
  0.31084026E+00  0.52711987E+00
  0.31554996E+00  0.52624941E+00
  0.32025966E+00  0.52545532E+00
  0.32496936E+00  0.52473290E+00
  0.32967906E+00  0.52407748E+00
  0.33438876E+00  0.52348447E+00
  0.33909847E+00  0.52294937E+00
  0.34380817E+00  0.52246780E+00
  0.34851787E+00  0.52203548E+00
  0.35322757E+00  0.52164831E+00
  0.35793727E+00  0.52130230E+00
  0.36264697E+00  0.52099363E+00
  0.36735667E+00  0.52071868E+00
  0.37206637E+00  0.52047396E+00
  0.37677607E+00  0.52025618E+00
  0.38148577E+00  0.52006225E+00
  0.38619547E+00  0.51988926E+00
  0.39090518E+00  0.51973447E+00
  0.39561488E+00  0.51959536E+00
  0.40032458E+00  0.51946958E+00
  0.40503428E+00  0.51935499E+00
  0.40974398E+00  0.51924962E+00
  0.41445368E+00  0.51915170E+00
  0.41916338E+00  0.51905965E+00
  0.42387308E+00  0.51897206E+00
  0.42858278E+00  0.51888770E+00
  0.43329248E+00  0.51880552E+00
  0.43800218E+00  0.51872465E+00
  0.44271189E+00  0.51864436E+00
  0.44742159E+00  0.51856411E+00
  0.45213129E+00  0.51848350E+00
  0.45684099E+00  0.51840229E+00
  0.46155069E+00  0.51832040E+00
  0.46626039E+00  0.51823787E+00
  0.47097009E+00  0.51815491E+00
  0.47567979E+00  0.51807184E+00
  0.48037912E+00  0.51797142E+00
  0.48507844E+00  0.51775129E+00
  0.48977777E+00  0.51741270E+00
  0.49447710E+00  0.51695752E+00
  0.49917642E+00  0.51638818E+00
  0.50387575E+00  0.51570775E+00
  0.50857508E+00  0.51491984E+00
  0.51327440E+00  0.51402865E+00
  0.51797373E+00  0.51303894E+00
  0.52267306E+00  0.51195599E+00
  0.52737238E+00  0.51078565E+00
  0.53207171E+00  0.50953426E+00
  0.53677103E+00  0.50820867E+00
  0.54147036E+00  0.50681620E+00
  0.54616969E+00  0.50536463E+00
  0.55086901E+00  0.50386218E+00
  0.55556834E+00  0.50231747E+00
  0.56026767E+00  0.50073950E+00
  0.56496699E+00  0.49913762E+00
  0.56966632E+00  0.49752150E+00
  0.57436565E+00  0.49590110E+00
  0.57906497E+00  0.49428660E+00
  0.58376430E+00  0.49268840E+00
  0.58846362E+00  0.49111708E+00
  0.59316295E+00  0.48958331E+00
  0.59786228E+00  0.48809785E+00
  0.60256160E+00  0.48667150E+00
  0.60726093E+00  0.48531500E+00
  0.61196026E+00  0.48403906E+00
  0.61665958E+00  0.48285426E+00
  0.62135891E+00  0.48177098E+00
  0.62605824E+00  0.48079940E+00
  0.63075756E+00  0.47994943E+00
  0.63545689E+00  0.47923064E+00
  0.64015621E+00  0.47865221E+00
  0.64485554E+00  0.47822292E+00
  0.64955487E+00  0.47795104E+00
  0.65425419E+00  0.47784436E+00
  0.65895352E+00  0.47791005E+00
  0.66365285E+00  0.47815472E+00
  0.66835217E+00  0.47858428E+00
  0.67305150E+00  0.47920399E+00
  0.67775083E+00  0.48001837E+00
  0.68245015E+00  0.48103119E+00
  0.68714948E+00  0.48224543E+00
  0.69184880E+00  0.48366328E+00
  0.69654813E+00  0.48528611E+00
  0.70124746E+00  0.48711443E+00
  0.70594678E+00  0.48914791E+00
  0.71064611E+00  0.49138539E+00
  0.71534544E+00  0.49382480E+00
  0.72004476E+00  0.49646324E+00
  0.72474409E+00  0.49929697E+00
  0.72944342E+00  0.50232137E+00
  0.73414274E+00  0.50553100E+00
  0.73884207E+00  0.50891963E+00
  0.74354139E+00  0.51248021E+00
  0.74824072E+00  0.51620490E+00
  0.75294005E+00  0.52008516E+00
  0.75763937E+00  0.52411168E+00
  0.76233870E+00  0.52827450E+00
  0.76703803E+00  0.53256299E+00
  0.77173735E+00  0.53696590E+00
  0.77643668E+00  0.54147139E+00
  0.78113601E+00  0.54606709E+00
  0.78583533E+00  0.55074009E+00
  0.79053466E+00  0.55547705E+00
  0.79523398E+00  0.56026416E+00
  0.79993331E+00  0.56508724E+00
  0.80463264E+00  0.56993175E+00
  0.80933196E+00  0.57478285E+00
  0.81403129E+00  0.57962540E+00
  0.81873062E+00  0.58444405E+00
  0.82342994E+00  0.58922323E+00
  0.82812927E+00  0.59394722E+00
  0.83282859E+00  0.59860018E+00
  0.83752792E+00  0.60316617E+00
  0.84222725E+00  0.60762921E+00
  0.84692657E+00  0.61197331E+00
  0.85162590E+00  0.61618249E+00
  0.85632523E+00  0.62024085E+00
  0.86102455E+00  0.62413260E+00
  0.86572388E+00  0.62784213E+00
  0.87042321E+00  0.63135415E+00
  0.87512253E+00  0.63465383E+00
  0.87982186E+00  0.63772742E+00
  0.88452118E+00  0.64056399E+00
  0.88922051E+00  0.64316505E+00
  0.89391984E+00  0.64569088E+00
  0.89861916E+00  0.65427179E+00
  0.90331849E+00  0.66649342E+00
  0.90801782E+00  0.67868033E+00
  0.91271714E+00  0.69073206E+00
  0.91741647E+00  0.70260875E+00
  0.92211580E+00  0.71427650E+00
  0.92681512E+00  0.72570187E+00
  0.93151445E+00  0.73685064E+00
  0.93621377E+00  0.74768752E+00
  0.94091310E+00  0.75817615E+00
  0.94561243E+00  0.76827906E+00
  0.95031175E+00  0.77795789E+00
  0.95501108E+00  0.78717345E+00
  0.95971041E+00  0.79588594E+00
  0.96440973E+00  0.80405518E+00
  0.96910906E+00  0.81164076E+00
  0.97380839E+00  0.81860232E+00
  0.97850771E+00  0.82489979E+00
  0.98320704E+00  0.83049360E+00
  0.98790636E+00  0.83534492E+00
  0.99260569E+00  0.83941595E+00
  0.99730502E+00  0.84267012E+00
  0.10020043E+01  0.84507236E+00
  0.10067037E+01  0.84658936E+00
  0.10114030E+01  0.84718987E+00
  0.10161023E+01  0.84684501E+00
  0.10208016E+01  0.84552857E+00
  0.10255010E+01  0.84321742E+00
  0.10302003E+01  0.83989190E+00
  0.10348996E+01  0.83553624E+00
  0.10395990E+01  0.83013899E+00
  0.10442983E+01  0.82369353E+00
  0.10489976E+01  0.81619844E+00
  0.10536969E+01  0.80765794E+00
  0.10583963E+01  0.79808225E+00
  0.10630956E+01  0.78748785E+00
  0.10677949E+01  0.77589768E+00
  0.10724942E+01  0.76334117E+00
  0.10771936E+01  0.74985425E+00
  0.10818929E+01  0.73547913E+00
  0.10865922E+01  0.72026402E+00
  0.10912915E+01  0.70426271E+00
  0.10959909E+01  0.68753411E+00
  0.11006902E+01  0.67014163E+00
  0.11053895E+01  0.65215260E+00
  0.11100888E+01  0.63363760E+00
  0.11147882E+01  0.61466982E+00
  0.11194875E+01  0.59532443E+00
  0.11241868E+01  0.57567798E+00
  0.11288862E+01  0.55580788E+00
  0.11335855E+01  0.53579185E+00
  0.11382848E+01  0.51570756E+00
  0.11429841E+01  0.49563218E+00
  0.11476835E+01  0.47564206E+00
  0.11523828E+01  0.45581247E+00
  0.11570821E+01  0.43621727E+00
  0.11617814E+01  0.41692867E+00
  0.11664808E+01  0.39801704E+00
  0.11711801E+01  0.37955069E+00
  0.11758794E+01  0.36159570E+00
  0.11805787E+01  0.34421577E+00
  0.11852781E+01  0.32747215E+00
  0.11899774E+01  0.31142353E+00
  0.11946767E+01  0.29612598E+00
  0.11993761E+01  0.28163286E+00
  0.12040754E+01  0.26799478E+00
  0.12087747E+01  0.25525944E+00
  0.12134740E+01  0.24347159E+00
  0.12181734E+01  0.23267282E+00
  0.12228727E+01  0.22290147E+00
  0.12275720E+01  0.21419244E+00
  0.12322713E+01  0.20657705E+00
  0.12369707E+01  0.20008285E+00
  0.12416700E+01  0.19473352E+00
  0.12463693E+01  0.19054865E+00
  0.12510686E+01  0.18754370E+00
  0.12557680E+01  0.18572983E+00
  0.12604673E+01  0.18511388E+00
  0.12651770E+01  0.18499506E+00
  0.12698867E+01  0.18490493E+00
  0.12745964E+01  0.18484390E+00
  0.12793061E+01  0.18481203E+00
  0.12840158E+01  0.18480909E+00
  0.12887255E+01  0.18483451E+00
  0.12934352E+01  0.18488746E+00
  0.12981449E+01  0.18496680E+00
  0.13028546E+01  0.18507111E+00
  0.13075643E+01  0.18519868E+00
  0.13122740E+01  0.18534752E+00
  0.13169837E+01  0.18551534E+00
  0.13216934E+01  0.18569955E+00
  0.13264031E+01  0.18589726E+00
  0.13311128E+01  0.18610529E+00
  0.13358225E+01  0.18632013E+00
  0.13405322E+01  0.18653798E+00
  0.13452419E+01  0.18675472E+00
  0.13499516E+01  0.18696590E+00
  0.13546613E+01  0.18716676E+00
  0.13593710E+01  0.18735217E+00
  0.13640807E+01  0.18751663E+00
  0.13687904E+01  0.18765426E+00
  0.13735001E+01  0.18775877E+00
  0.13782098E+01  0.18782339E+00
  0.13829195E+01  0.18784090E+00
  0.13876292E+01  0.18780349E+00
  0.13923389E+01  0.18770280E+00
  0.13970486E+01  0.18752978E+00
  0.14017583E+01  0.18727470E+00
  0.14064680E+01  0.18692702E+00
  0.14111777E+01  0.18647536E+00
  0.14158874E+01  0.18590740E+00
  0.14205971E+01  0.18520987E+00
  0.14253068E+01  0.18436846E+00
  0.14300165E+01  0.18336780E+00
  0.14347262E+01  0.18219149E+00
  0.14394359E+01  0.18082215E+00
  0.14441456E+01  0.17924149E+00
  0.14488553E+01  0.17743056E+00
  0.14535650E+01  0.17536997E+00
  0.14582747E+01  0.17304029E+00
  0.14629844E+01  0.17042253E+00
  0.14676941E+01  0.16749877E+00
  0.14724038E+01  0.16425281E+00
  0.14771135E+01  0.16067098E+00
  0.14818232E+01  0.15674292E+00
  0.14865329E+01  0.15246240E+00
  0.14912426E+01  0.14782797E+00
  0.14959523E+01  0.14284350E+00
  0.15006620E+01  0.13751847E+00
  0.15053717E+01  0.13186801E+00
  0.15100814E+01  0.12591261E+00
  0.15147911E+01  0.11967761E+00
  0.15195008E+01  0.11319243E+00
  0.15242105E+01  0.10648962E+00
  0.15289202E+01  0.99603859E-01
  0.15336299E+01  0.92570946E-01
  0.15383396E+01  0.85426815E-01
  0.15430493E+01  0.78206687E-01
  0.15477590E+01  0.70944354E-01
  0.15524687E+01  0.63671616E-01
  0.15571785E+01  0.56417869E-01
  0.15618882E+01  0.49209839E-01
  0.15665979E+01  0.42071432E-01
  0.15713076E+01  0.35023696E-01
  0.15760173E+01  0.28084856E-01
  0.15807270E+01  0.21270421E-01
  0.15854367E+01  0.14593322E-01
  0.15901464E+01  0.80640992E-02
  0.15948561E+01  0.16910902E-02
  0.15995658E+01 -0.45193609E-02
  0.16042755E+01 -0.10562698E-01
  0.16089852E+01 -0.16435946E-01
  0.16136949E+01 -0.22137518E-01
  0.16184046E+01 -0.27667022E-01
  0.16231143E+01 -0.33025091E-01
  0.16278240E+01 -0.38213212E-01
  0.16325337E+01 -0.43233582E-01
  0.16372434E+01 -0.48088963E-01
  0.16419531E+01 -0.52782564E-01
  0.16466628E+01 -0.57317921E-01
  0.16513725E+01 -0.61698803E-01
  0.16560822E+01 -0.65929117E-01
  0.16607919E+01 -0.70012830E-01
  0.16655016E+01 -0.73953902E-01
  0.16702113E+01 -0.77756225E-01
  0.16749210E+01 -0.81423566E-01
  0.16796307E+01 -0.84959529E-01
  0.16843404E+01 -0.88367509E-01
  0.16890501E+01 -0.91650665E-01
  0.16937598E+01 -0.94811877E-01
  0.16984695E+01 -0.97853721E-01
  0.17031792E+01 -0.10077842E+00
  0.17078889E+01 -0.10358776E+00
  0.17125986E+01 -0.10628294E+00
  0.17173083E+01 -0.10886422E+00
  0.17220180E+01 -0.11132977E+00
  0.17267277E+01 -0.11367141E+00
  0.17314374E+01 -0.11584797E+00
  0.17361471E+01 -0.11733019E+00
  0.17408464E+01 -0.11675659E+00
  0.17455457E+01 -0.11520745E+00
  0.17502451E+01 -0.11285635E+00
  0.17549444E+01 -0.10976959E+00
  0.17596437E+01 -0.10597950E+00
  0.17643430E+01 -0.10150981E+00
  0.17690424E+01 -0.96382752E-01
  0.17737417E+01 -0.90621285E-01
  0.17784410E+01 -0.84249885E-01
  0.17831403E+01 -0.77294827E-01
  0.17878397E+01 -0.69784261E-01
  0.17925390E+01 -0.61748180E-01
  0.17972383E+01 -0.53218345E-01
  0.18019377E+01 -0.44228187E-01
  0.18066370E+01 -0.34812676E-01
  0.18113363E+01 -0.25008185E-01
  0.18160356E+01 -0.14852335E-01
  0.18207350E+01 -0.43838259E-02
  0.18254343E+01  0.63577398E-02
  0.18301336E+01  0.17332056E-01
  0.18348329E+01  0.28498320E-01
  0.18395323E+01  0.39815450E-01
  0.18442316E+01  0.51242321E-01
  0.18489309E+01  0.62738004E-01
  0.18536302E+01  0.74262017E-01
  0.18583296E+01  0.85774576E-01
  0.18630289E+01  0.97236849E-01
  0.18677282E+01  0.10861121E+00
  0.18724275E+01  0.11986147E+00
  0.18771269E+01  0.13095313E+00
  0.18818262E+01  0.14185357E+00
  0.18865255E+01  0.15253223E+00
  0.18912249E+01  0.16296083E+00
  0.18959242E+01  0.17311346E+00
  0.19006235E+01  0.18296673E+00
  0.19053228E+01  0.19249987E+00
  0.19100222E+01  0.20169483E+00
  0.19147215E+01  0.21053647E+00
  0.19194208E+01  0.21901295E+00
  0.19241201E+01  0.22711725E+00
  0.19288195E+01  0.23485421E+00
  0.19335188E+01  0.24229797E+00
  0.19382181E+01  0.24980897E+00
  0.19429174E+01  0.25722171E+00
  0.19476168E+01  0.26424471E+00
  0.19523161E+01  0.27083331E+00
  0.19570154E+01  0.27697880E+00
  0.19617147E+01  0.28268033E+00
  0.19664141E+01  0.28794054E+00
  0.19711134E+01  0.29276442E+00
  0.19758127E+01  0.29715874E+00
  0.19805121E+01  0.30113179E+00
  0.19852114E+01  0.30469316E+00
  0.19899107E+01  0.30785351E+00
  0.19946100E+01  0.31062438E+00
  0.19993094E+01  0.31301811E+00
  0.20040087E+01  0.31504758E+00
  0.20087080E+01  0.31672618E+00
  0.20134073E+01  0.31806763E+00
  0.20181067E+01  0.31908588E+00
  0.20228060E+01  0.31979504E+00
  0.20275053E+01  0.32020927E+00
  0.20322046E+01  0.32034272E+00
  0.20369040E+01  0.32020949E+00
  0.20416033E+01  0.31982352E+00
  0.20463026E+01  0.31919863E+00
  0.20510020E+01  0.31834844E+00
  0.20557013E+01  0.31728637E+00
  0.20604006E+01  0.31602561E+00
  0.20650999E+01  0.31457917E+00
  0.20697993E+01  0.31295985E+00
  0.20744986E+01  0.31118028E+00
  0.20791979E+01  0.30925296E+00
  0.20838972E+01  0.30719034E+00
  0.20885966E+01  0.30500490E+00
  0.20932959E+01  0.30270935E+00
  0.20979952E+01  0.30031686E+00
  0.21026945E+01  0.29784157E+00
  0.21073939E+01  0.29529949E+00
  0.21120932E+01  0.29270997E+00
  0.21167925E+01  0.29009812E+00
  0.21214918E+01  0.28749590E+00
  0.21261912E+01  0.28493518E+00
  0.21308905E+01  0.28242974E+00
  0.21355898E+01  0.27996968E+00
  0.21402892E+01  0.27753861E+00
  0.21449885E+01  0.27512670E+00
  0.21496878E+01  0.27273165E+00
  0.21543871E+01  0.27035607E+00
  0.21590865E+01  0.26800546E+00
  0.21637858E+01  0.26568696E+00
  0.21684851E+01  0.26340876E+00
  0.21731844E+01  0.26117969E+00
  0.21778838E+01  0.25900904E+00
  0.21825831E+01  0.25690645E+00
  0.21872824E+01  0.25488179E+00
  0.21919817E+01  0.25294509E+00
  0.21966811E+01  0.25110650E+00
  0.22013804E+01  0.24937622E+00
  0.22060797E+01  0.24776446E+00
  0.22107790E+01  0.24628137E+00
  0.22154784E+01  0.24493701E+00
  0.22201777E+01  0.24374125E+00
  0.22248770E+01  0.24270377E+00
  0.22295764E+01  0.24183397E+00
  0.22342757E+01  0.24114090E+00
  0.22389750E+01  0.24063324E+00
  0.22436743E+01  0.24031923E+00
  0.22483737E+01  0.24020661E+00
  0.22530730E+01  0.24030256E+00
  0.22577723E+01  0.24061371E+00
  0.22624716E+01  0.24114603E+00
  0.22671710E+01  0.24190485E+00
  0.22718703E+01  0.24289481E+00
  0.22765696E+01  0.24411985E+00
  0.22812689E+01  0.24558317E+00
  0.22859683E+01  0.24728726E+00
  0.22906676E+01  0.24923385E+00
  0.22953669E+01  0.25142391E+00
  0.23000662E+01  0.25385758E+00
  0.23047656E+01  0.25653410E+00
  0.23094649E+01  0.25945172E+00
  0.23141642E+01  0.26260744E+00
  0.23188636E+01  0.26599693E+00
  0.23235629E+01  0.26961423E+00
  0.23282622E+01  0.27345173E+00
  0.23329615E+01  0.27750012E+00
  0.23376609E+01  0.28174855E+00
  0.23423602E+01  0.28618489E+00
  0.23470595E+01  0.29079596E+00
  0.23517588E+01  0.29556783E+00
  0.23564582E+01  0.30048604E+00
  0.23611575E+01  0.30553576E+00
  0.23658568E+01  0.31070191E+00
  0.23705561E+01  0.31596922E+00
  0.23752555E+01  0.32132232E+00
  0.23799548E+01  0.32674573E+00
  0.23846541E+01  0.33222394E+00
  0.23893534E+01  0.33774141E+00
  0.23940528E+01  0.34328258E+00
  0.23987521E+01  0.34883193E+00
  0.24034514E+01  0.35437391E+00
  0.24081508E+01  0.35989303E+00
  0.24128501E+01  0.36537379E+00
  0.24175494E+01  0.37080069E+00
  0.24222487E+01  0.37615823E+00
  0.24269481E+01  0.38143087E+00
  0.24316474E+01  0.38660298E+00
  0.24363467E+01  0.39165884E+00
  0.24410460E+01  0.39658259E+00
  0.24457454E+01  0.40135819E+00
  0.24504447E+01  0.40596943E+00
  0.24551440E+01  0.41039985E+00
  0.24598433E+01  0.41463278E+00
  0.24645427E+01  0.41865138E+00
  0.24692420E+01  0.42243859E+00
  0.24739413E+01  0.42597726E+00
  0.24786406E+01  0.42925020E+00
  0.24833400E+01  0.43224025E+00
  0.24880393E+01  0.43493048E+00
  0.24927386E+01  0.43730431E+00
  0.24974380E+01  0.43934581E+00
  0.25021373E+01  0.44104007E+00
  0.25068366E+01  0.44237364E+00
  0.25115359E+01  0.44333513E+00
  0.25162353E+01  0.44391574E+00
  0.25209346E+01  0.44410976E+00
  
  0.00000000E+00  0.68372045E+00
  0.47097009E-02  0.66608173E+00
  0.94194018E-02  0.64226736E+00
  0.14129103E-01  0.61862162E+00
  0.18838804E-01  0.59558335E+00
  0.23548505E-01  0.57328006E+00
  0.28258205E-01  0.55178263E+00
  0.32967906E-01  0.53222087E+00
  0.37677607E-01  0.54350083E+00
  0.42387308E-01  0.55425681E+00
  0.47097009E-01  0.56443890E+00
  0.51806710E-01  0.57400075E+00
  0.56516411E-01  0.58289987E+00
  0.61226112E-01  0.59109864E+00
  0.65935813E-01  0.59856549E+00
  0.70645514E-01  0.60527576E+00
  0.75355215E-01  0.61121260E+00
  0.80064916E-01  0.61636747E+00
  0.84774616E-01  0.62074049E+00
  0.89484317E-01  0.62434046E+00
  0.94194018E-01  0.62718447E+00
  0.98903719E-01  0.62929743E+00
  0.10361342E+00  0.63071113E+00
  0.10832312E+00  0.63146330E+00
  0.11303282E+00  0.63159646E+00
  0.11774252E+00  0.63115673E+00
  0.12245222E+00  0.63019268E+00
  0.12716192E+00  0.62875422E+00
  0.13187163E+00  0.62689164E+00
  0.13658133E+00  0.62465469E+00
  0.14129103E+00  0.62209190E+00
  0.14600073E+00  0.61925001E+00
  0.15071043E+00  0.61617347E+00
  0.15542013E+00  0.61290418E+00
  0.16012983E+00  0.60948122E+00
  0.16483953E+00  0.60594077E+00
  0.16954923E+00  0.60231604E+00
  0.17425893E+00  0.59863731E+00
  0.17896863E+00  0.59493196E+00
  0.18367834E+00  0.59122457E+00
  0.18838804E+00  0.58753706E+00
  0.19309774E+00  0.58388882E+00
  0.19780744E+00  0.58029686E+00
  0.20251714E+00  0.57677597E+00
  0.20722684E+00  0.57333931E+00
  0.21193654E+00  0.58954489E+00
  0.21664624E+00  0.61124407E+00
  0.22135594E+00  0.63356523E+00
  0.22606564E+00  0.65646768E+00
  0.23077534E+00  0.67991121E+00
  0.23548505E+00  0.70385617E+00
  0.24019475E+00  0.72826353E+00
  0.24490445E+00  0.75309492E+00
  0.24961415E+00  0.77831270E+00
  0.25432385E+00  0.80388001E+00
  0.25903355E+00  0.82976070E+00
  0.26374325E+00  0.85591943E+00
  0.26845295E+00  0.88232159E+00
  0.27316265E+00  0.90893326E+00
  0.27787235E+00  0.93572125E+00
  0.28258205E+00  0.96265295E+00
  0.28729176E+00  0.98969632E+00
  0.29200146E+00  0.10168198E+01
  0.29671116E+00  0.10439920E+01
  0.30142086E+00  0.10711822E+01
  0.30613056E+00  0.10983594E+01
  0.31084026E+00  0.11254926E+01
  0.31554996E+00  0.11525502E+01
  0.32025966E+00  0.11794992E+01
  0.32496936E+00  0.12062989E+01
  0.32967906E+00  0.12327660E+01
  0.33438876E+00  0.12369642E+01
  0.33909847E+00  0.12336004E+01
  0.34380817E+00  0.12303015E+01
  0.34851787E+00  0.12270969E+01
  0.35322757E+00  0.12239932E+01
  0.35793727E+00  0.12209938E+01
  0.36264697E+00  0.12181013E+01
  0.36735667E+00  0.12153181E+01
  0.37206637E+00  0.12126458E+01
  0.37677607E+00  0.12100864E+01
  0.38148577E+00  0.12076412E+01
  0.38619547E+00  0.12053116E+01
  0.39090518E+00  0.12030990E+01
  0.39561488E+00  0.12010042E+01
  0.40032458E+00  0.11990282E+01
  0.40503428E+00  0.11971719E+01
  0.40974398E+00  0.11954358E+01
  0.41445368E+00  0.11938205E+01
  0.41916338E+00  0.11923264E+01
  0.42387308E+00  0.11909538E+01
  0.42858278E+00  0.11897030E+01
  0.43329248E+00  0.11885740E+01
  0.43800218E+00  0.11875669E+01
  0.44271189E+00  0.11866817E+01
  0.44742159E+00  0.11859183E+01
  0.45213129E+00  0.11852767E+01
  0.45684099E+00  0.11847566E+01
  0.46155069E+00  0.11843580E+01
  0.46626039E+00  0.11840805E+01
  0.47097009E+00  0.11839240E+01
  0.47567979E+00  0.11838883E+01
  0.48037912E+00  0.11836339E+01
  0.48507844E+00  0.11828679E+01
  0.48977777E+00  0.11816075E+01
  0.49447710E+00  0.11798802E+01
  0.49917642E+00  0.11777211E+01
  0.50387575E+00  0.11751712E+01
  0.50857508E+00  0.11722749E+01
  0.51327440E+00  0.11690775E+01
  0.51797373E+00  0.11656241E+01
  0.52267306E+00  0.11619579E+01
  0.52737238E+00  0.11581195E+01
  0.53207171E+00  0.11541464E+01
  0.53677103E+00  0.11500729E+01
  0.54147036E+00  0.11459300E+01
  0.54616969E+00  0.11417455E+01
  0.55086901E+00  0.11375442E+01
  0.55556834E+00  0.11333482E+01
  0.56026767E+00  0.11291771E+01
  0.56496699E+00  0.11250484E+01
  0.56966632E+00  0.11209775E+01
  0.57436565E+00  0.11169780E+01
  0.57906497E+00  0.11130621E+01
  0.58376430E+00  0.11092402E+01
  0.58846362E+00  0.11055220E+01
  0.59316295E+00  0.11019156E+01
  0.59786228E+00  0.10984284E+01
  0.60256160E+00  0.10950668E+01
  0.60726093E+00  0.10918364E+01
  0.61196026E+00  0.10887422E+01
  0.61665958E+00  0.10857883E+01
  0.62135891E+00  0.10829786E+01
  0.62605824E+00  0.10803162E+01
  0.63075756E+00  0.10778039E+01
  0.63545689E+00  0.10754441E+01
  0.64015621E+00  0.10732387E+01
  0.64485554E+00  0.10711895E+01
  0.64955487E+00  0.10692979E+01
  0.65425419E+00  0.10675650E+01
  0.65895352E+00  0.10659917E+01
  0.66365285E+00  0.10645789E+01
  0.66835217E+00  0.10633272E+01
  0.67305150E+00  0.10622370E+01
  0.67775083E+00  0.10613088E+01
  0.68245015E+00  0.10605427E+01
  0.68714948E+00  0.10599390E+01
  0.69184880E+00  0.10594979E+01
  0.69654813E+00  0.10592194E+01
  0.70124746E+00  0.10591035E+01
  0.70594678E+00  0.10591504E+01
  0.71064611E+00  0.10593600E+01
  0.71534544E+00  0.10597323E+01
  0.72004476E+00  0.10602674E+01
  0.72474409E+00  0.10609653E+01
  0.72944342E+00  0.10618260E+01
  0.73414274E+00  0.10628496E+01
  0.73884207E+00  0.10640361E+01
  0.74354139E+00  0.10653856E+01
  0.74824072E+00  0.10668982E+01
  0.75294005E+00  0.10685740E+01
  0.75763937E+00  0.10704132E+01
  0.76233870E+00  0.10724159E+01
  0.76703803E+00  0.10745823E+01
  0.77173735E+00  0.10769126E+01
  0.77643668E+00  0.10794070E+01
  0.78113601E+00  0.10820657E+01
  0.78583533E+00  0.10848890E+01
  0.79053466E+00  0.10878772E+01
  0.79523398E+00  0.10910305E+01
  0.79993331E+00  0.10943492E+01
  0.80463264E+00  0.10978336E+01
  0.80933196E+00  0.11014842E+01
  0.81403129E+00  0.11053012E+01
  0.81873062E+00  0.11092850E+01
  0.82342994E+00  0.11134360E+01
  0.82812927E+00  0.11177547E+01
  0.83282859E+00  0.11222416E+01
  0.83752792E+00  0.11268973E+01
  0.84222725E+00  0.11317223E+01
  0.84692657E+00  0.11367174E+01
  0.85162590E+00  0.11418832E+01
  0.85632523E+00  0.11472206E+01
  0.86102455E+00  0.11527306E+01
  0.86572388E+00  0.11584141E+01
  0.87042321E+00  0.11642724E+01
  0.87512253E+00  0.11703067E+01
  0.87982186E+00  0.11765183E+01
  0.88452118E+00  0.11829086E+01
  0.88922051E+00  0.11894793E+01
  0.89391984E+00  0.11962320E+01
  0.89861916E+00  0.12031682E+01
  0.90331849E+00  0.12102895E+01
  0.90801782E+00  0.12175976E+01
  0.91271714E+00  0.12250937E+01
  0.91741647E+00  0.12327790E+01
  0.92211580E+00  0.12406540E+01
  0.92681512E+00  0.12487188E+01
  0.93151445E+00  0.12569728E+01
  0.93621377E+00  0.12654143E+01
  0.94091310E+00  0.12740403E+01
  0.94561243E+00  0.12828463E+01
  0.95031175E+00  0.12918261E+01
  0.95501108E+00  0.13009711E+01
  0.95971041E+00  0.13102703E+01
  0.96440973E+00  0.13197096E+01
  0.96910906E+00  0.13292716E+01
  0.97380839E+00  0.13389354E+01
  0.97850771E+00  0.13486758E+01
  0.98320704E+00  0.13584633E+01
  0.98790636E+00  0.13682641E+01
  0.99260569E+00  0.13780390E+01
  0.99730502E+00  0.13877443E+01
  0.10020043E+01  0.13973311E+01
  0.10067037E+01  0.14067450E+01
  0.10114030E+01  0.14159252E+01
  0.10161023E+01  0.14247856E+01
  0.10208016E+01  0.14170701E+01
  0.10255010E+01  0.13829803E+01
  0.10302003E+01  0.13483311E+01
  0.10348996E+01  0.13132592E+01
  0.10395990E+01  0.12778536E+01
  0.10442983E+01  0.12421992E+01
  0.10489976E+01  0.12063794E+01
  0.10536969E+01  0.11704758E+01
  0.10583963E+01  0.11345681E+01
  0.10630956E+01  0.10987339E+01
  0.10677949E+01  0.10630482E+01
  0.10724942E+01  0.10275834E+01
  0.10771936E+01  0.99240903E+00
  0.10818929E+01  0.95759149E+00
  0.10865922E+01  0.92319390E+00
  0.10912915E+01  0.88927594E+00
  0.10959909E+01  0.85589364E+00
  0.11006902E+01  0.82309919E+00
  0.11053895E+01  0.79094077E+00
  0.11100888E+01  0.75946243E+00
  0.11147882E+01  0.72870390E+00
  0.11194875E+01  0.69870056E+00
  0.11241868E+01  0.66948342E+00
  0.11288862E+01  0.64107919E+00
  0.11335855E+01  0.61351040E+00
  0.11382848E+01  0.58679575E+00
  0.11429841E+01  0.56095041E+00
  0.11476835E+01  0.53598654E+00
  0.11523828E+01  0.51191383E+00
  0.11570821E+01  0.48874017E+00
  0.11617814E+01  0.46647227E+00
  0.11664808E+01  0.44511636E+00
  0.11711801E+01  0.42467878E+00
  0.11758794E+01  0.40516653E+00
  0.11805787E+01  0.38658765E+00
  0.11852781E+01  0.36895155E+00
  0.11899774E+01  0.35226917E+00
  0.11946767E+01  0.33655293E+00
  0.11993761E+01  0.32181675E+00
  0.12040754E+01  0.30807580E+00
  0.12087747E+01  0.29534626E+00
  0.12134740E+01  0.28364500E+00
  0.12181734E+01  0.27298926E+00
  0.12228727E+01  0.26339623E+00
  0.12275720E+01  0.25488265E+00
  0.12322713E+01  0.24746447E+00
  0.12369707E+01  0.24115640E+00
  0.12416700E+01  0.23597162E+00
  0.12463693E+01  0.23192142E+00
  0.12510686E+01  0.22901495E+00
  0.12557680E+01  0.22725898E+00
  0.12604673E+01  0.22665776E+00
  0.12651770E+01  0.22693987E+00
  0.12698867E+01  0.22786681E+00
  0.12745964E+01  0.22943800E+00
  0.12793061E+01  0.23165179E+00
  0.12840158E+01  0.23450544E+00
  0.12887255E+01  0.23799516E+00
  0.12934352E+01  0.24211608E+00
  0.12981449E+01  0.24686229E+00
  0.13028546E+01  0.25222688E+00
  0.13075643E+01  0.25820195E+00
  0.13122740E+01  0.26477872E+00
  0.13169837E+01  0.27194747E+00
  0.13216934E+01  0.27969768E+00
  0.13264031E+01  0.28801795E+00
  0.13311128E+01  0.29689611E+00
  0.13358225E+01  0.30631912E+00
  0.13405322E+01  0.31627317E+00
  0.13452419E+01  0.32674356E+00
  0.13499516E+01  0.33771478E+00
  0.13546613E+01  0.34917039E+00
  0.13593710E+01  0.36109305E+00
  0.13640807E+01  0.37346445E+00
  0.13687904E+01  0.38626528E+00
  0.13735001E+01  0.39947520E+00
  0.13782098E+01  0.41307279E+00
  0.13829195E+01  0.42703552E+00
  0.13876292E+01  0.44133974E+00
  0.13923389E+01  0.45596063E+00
  0.13970486E+01  0.47087219E+00
  0.14017583E+01  0.48604723E+00
  0.14064680E+01  0.50145740E+00
  0.14111777E+01  0.51707315E+00
  0.14158874E+01  0.53286379E+00
  0.14205971E+01  0.54879752E+00
  0.14253068E+01  0.56484144E+00
  0.14300165E+01  0.58096167E+00
  0.14347262E+01  0.59712340E+00
  0.14394359E+01  0.61329097E+00
  0.14441456E+01  0.62942802E+00
  0.14488553E+01  0.64549754E+00
  0.14535650E+01  0.63860600E+00
  0.14582747E+01  0.62440216E+00
  0.14629844E+01  0.61086231E+00
  0.14676941E+01  0.59803360E+00
  0.14724038E+01  0.58596045E+00
  0.14771135E+01  0.57468372E+00
  0.14818232E+01  0.56423986E+00
  0.14865329E+01  0.55466002E+00
  0.14912426E+01  0.54596928E+00
  0.14959523E+01  0.53818610E+00
  0.15006620E+01  0.53132188E+00
  0.15053717E+01  0.52538086E+00
  0.15100814E+01  0.52036035E+00
  0.15147911E+01  0.51625112E+00
  0.15195008E+01  0.51303813E+00
  0.15242105E+01  0.51070135E+00
  0.15289202E+01  0.50921674E+00
  0.15336299E+01  0.50855716E+00
  0.15383396E+01  0.50869334E+00
  0.15430493E+01  0.50959460E+00
  0.15477590E+01  0.51122959E+00
  0.15524687E+01  0.51356682E+00
  0.15571785E+01  0.51657499E+00
  0.15618882E+01  0.52022330E+00
  0.15665979E+01  0.52448157E+00
  0.15713076E+01  0.52932032E+00
  0.15760173E+01  0.53471073E+00
  0.15807270E+01  0.54062456E+00
  0.15854367E+01  0.54703409E+00
  0.15901464E+01  0.55391199E+00
  0.15948561E+01  0.56123119E+00
  0.15995658E+01  0.56896476E+00
  0.16042755E+01  0.57708582E+00
  0.16089852E+01  0.58556742E+00
  0.16136949E+01  0.59438249E+00
  0.16184046E+01  0.60350375E+00
  0.16231143E+01  0.61290373E+00
  0.16278240E+01  0.62255471E+00
  0.16325337E+01  0.63242874E+00
  0.16372434E+01  0.64249770E+00
  0.16419531E+01  0.65273333E+00
  0.16466628E+01  0.66310730E+00
  0.16513725E+01  0.67359127E+00
  0.16560822E+01  0.68415703E+00
  0.16607919E+01  0.69477661E+00
  0.16655016E+01  0.70542233E+00
  0.16702113E+01  0.71606699E+00
  0.16749210E+01  0.72668396E+00
  0.16796307E+01  0.73724728E+00
  0.16843404E+01  0.74773179E+00
  0.16890501E+01  0.75811323E+00
  0.16937598E+01  0.76836825E+00
  0.16984695E+01  0.77847451E+00
  0.17031792E+01  0.78841053E+00
  0.17078889E+01  0.79815556E+00
  0.17125986E+01  0.80768900E+00
  0.17173083E+01  0.81698894E+00
  0.17220180E+01  0.82602795E+00
  0.17267277E+01  0.83475709E+00
  0.17314374E+01  0.84301189E+00
  0.17361471E+01  0.84908394E+00
  0.17408464E+01  0.84953646E+00
  0.17455457E+01  0.85099126E+00
  0.17502451E+01  0.85344495E+00
  0.17549444E+01  0.85689029E+00
  0.17596437E+01  0.86131597E+00
  0.17643430E+01  0.86670654E+00
  0.17690424E+01  0.87304249E+00
  0.17737417E+01  0.88030032E+00
  0.17784410E+01  0.88845282E+00
  0.17831403E+01  0.89746931E+00
  0.17878397E+01  0.90731597E+00
  0.17925390E+01  0.91795611E+00
  0.17972383E+01  0.92935054E+00
  0.18019377E+01  0.94145787E+00
  0.18066370E+01  0.95423477E+00
  0.18113363E+01  0.96763631E+00
  0.18160356E+01  0.98161612E+00
  0.18207350E+01  0.99612663E+00
  0.18254343E+01  0.10111192E+01
  0.18301336E+01  0.10265443E+01
  0.18348329E+01  0.10423514E+01
  0.18395323E+01  0.10584894E+01
  0.18442316E+01  0.10749061E+01
  0.18489309E+01  0.10915485E+01
  0.18536302E+01  0.11083630E+01
  0.18583296E+01  0.11252947E+01
  0.18630289E+01  0.11422880E+01
  0.18677282E+01  0.11592863E+01
  0.18724275E+01  0.11762321E+01
  0.18771269E+01  0.11930673E+01
  0.18818262E+01  0.12097328E+01
  0.18865255E+01  0.12261693E+01
  0.18912249E+01  0.12423173E+01
  0.18959242E+01  0.12581173E+01
  0.19006235E+01  0.12735106E+01
  0.19053228E+01  0.12884387E+01
  0.19100222E+01  0.13028447E+01
  0.19147215E+01  0.13166724E+01
  0.19194208E+01  0.13298678E+01
  0.19241201E+01  0.13423792E+01
  0.19288195E+01  0.13541599E+01
  0.19335188E+01  0.13651717E+01
  0.19382181E+01  0.13753886E+01
  0.19429174E+01  0.13847972E+01
  0.19476168E+01  0.13933939E+01
  0.19523161E+01  0.14011815E+01
  0.19570154E+01  0.14081661E+01
  0.19617147E+01  0.14143562E+01
  0.19664141E+01  0.14197626E+01
  0.19711134E+01  0.14243986E+01
  0.19758127E+01  0.14282797E+01
  0.19805121E+01  0.14314237E+01
  0.19852114E+01  0.14338508E+01
  0.19899107E+01  0.14355825E+01
  0.19946100E+01  0.14366421E+01
  0.19993094E+01  0.14370538E+01
  0.20040087E+01  0.14368427E+01
  0.20087080E+01  0.14360342E+01
  0.20134073E+01  0.14346539E+01
  0.20181067E+01  0.14327271E+01
  0.20228060E+01  0.14302791E+01
  0.20275053E+01  0.14273342E+01
  0.20322046E+01  0.14239164E+01
  0.20369040E+01  0.14200487E+01
  0.20416033E+01  0.14157531E+01
  0.20463026E+01  0.14110509E+01
  0.20510020E+01  0.14059621E+01
  0.20557013E+01  0.14005059E+01
  0.20604006E+01  0.13947002E+01
  0.20650999E+01  0.13885621E+01
  0.20697993E+01  0.13821076E+01
  0.20744986E+01  0.13753518E+01
  0.20791979E+01  0.13683086E+01
  0.20838972E+01  0.13609913E+01
  0.20885966E+01  0.13534121E+01
  0.20932959E+01  0.13455825E+01
  0.20979952E+01  0.13375130E+01
  0.21026945E+01  0.13292138E+01
  0.21073939E+01  0.13206943E+01
  0.21120932E+01  0.13119634E+01
  0.21167925E+01  0.13030300E+01
  0.21214918E+01  0.12939027E+01
  0.21261912E+01  0.12845909E+01
  0.21308905E+01  0.12751041E+01
  0.21355898E+01  0.12654530E+01
  0.21402892E+01  0.12556491E+01
  0.21449885E+01  0.12457050E+01
  0.21496878E+01  0.12356339E+01
  0.21543871E+01  0.12254496E+01
  0.21590865E+01  0.12151664E+01
  0.21637858E+01  0.12047985E+01
  0.21684851E+01  0.11943599E+01
  0.21731844E+01  0.11838646E+01
  0.21778838E+01  0.11733260E+01
  0.21825831E+01  0.11627574E+01
  0.21872824E+01  0.11521716E+01
  0.21919817E+01  0.11415809E+01
  0.21966811E+01  0.11309972E+01
  0.22013804E+01  0.11204320E+01
  0.22060797E+01  0.11098965E+01
  0.22107790E+01  0.10994010E+01
  0.22154784E+01  0.10889556E+01
  0.22201777E+01  0.10785698E+01
  0.22248770E+01  0.10682527E+01
  0.22295764E+01  0.10580125E+01
  0.22342757E+01  0.10478570E+01
  0.22389750E+01  0.10377934E+01
  0.22436743E+01  0.10278282E+01
  0.22483737E+01  0.10179672E+01
  0.22530730E+01  0.10082156E+01
  0.22577723E+01  0.99857780E+00
  0.22624716E+01  0.98905766E+00
  0.22671710E+01  0.97965831E+00
  0.22718703E+01  0.97038231E+00
  0.22765696E+01  0.96123169E+00
  0.22812689E+01  0.95220806E+00
  0.22859683E+01  0.94331275E+00
  0.22906676E+01  0.93454693E+00
  0.22953669E+01  0.92591173E+00
  0.23000662E+01  0.91740838E+00
  0.23047656E+01  0.90903823E+00
  0.23094649E+01  0.90080277E+00
  0.23141642E+01  0.89270357E+00
  0.23188636E+01  0.88474221E+00
  0.23235629E+01  0.87692013E+00
  0.23282622E+01  0.86923860E+00
  0.23329615E+01  0.86169856E+00
  0.23376609E+01  0.85430062E+00
  0.23423602E+01  0.84704500E+00
  0.23470595E+01  0.83993151E+00
  0.23517588E+01  0.83295963E+00
  0.23564582E+01  0.82612844E+00
  0.23611575E+01  0.81943679E+00
  0.23658568E+01  0.81288326E+00
  0.23705561E+01  0.80646627E+00
  0.23752555E+01  0.80018413E+00
  0.23799548E+01  0.79403517E+00
  0.23846541E+01  0.78801773E+00
  0.23893534E+01  0.78213032E+00
  0.23940528E+01  0.77637168E+00
  0.23987521E+01  0.77074085E+00
  0.24034514E+01  0.76523729E+00
  0.24081508E+01  0.75986094E+00
  0.24128501E+01  0.75461230E+00
  0.24175494E+01  0.74949257E+00
  0.24222487E+01  0.74450369E+00
  0.24269481E+01  0.73964841E+00
  0.24316474E+01  0.73493043E+00
  0.24363467E+01  0.73035442E+00
  0.24410460E+01  0.72592613E+00
  0.24457454E+01  0.72165242E+00
  0.24504447E+01  0.71754132E+00
  0.24551440E+01  0.71360207E+00
  0.24598433E+01  0.70984510E+00
  0.24645427E+01  0.70628202E+00
  0.24692420E+01  0.70292555E+00
  0.24739413E+01  0.69978940E+00
  0.24786406E+01  0.69688807E+00
  0.24833400E+01  0.69423668E+00
  0.24880393E+01  0.69185055E+00
  0.24927386E+01  0.68974491E+00
  0.24974380E+01  0.68793443E+00
  0.25021373E+01  0.68643269E+00
  0.25068366E+01  0.68525174E+00
  0.25115359E+01  0.68440154E+00
  0.25162353E+01  0.68388958E+00
  0.25209346E+01  0.68372045E+00
  
  0.00000000E+00  0.70265908E+00
  0.47097009E-02  0.72092996E+00
  0.94194018E-02  0.74659206E+00
  0.14129103E-01  0.77329494E+00
  0.18838804E-01  0.80058950E+00
  0.23548505E-01  0.82833349E+00
  0.28258205E-01  0.85643629E+00
  0.32967906E-01  0.88481892E+00
  0.37677607E-01  0.91340323E+00
  0.42387308E-01  0.94210756E+00
  0.47097009E-01  0.97084438E+00
  0.51806710E-01  0.99951865E+00
  0.56516411E-01  0.10280265E+01
  0.61226112E-01  0.10562540E+01
  0.65935813E-01  0.10840764E+01
  0.70645514E-01  0.11113582E+01
  0.75355215E-01  0.11379525E+01
  0.80064916E-01  0.11637036E+01
  0.84774616E-01  0.11884485E+01
  0.89484317E-01  0.12120216E+01
  0.94194018E-01  0.12342605E+01
  0.98903719E-01  0.12550130E+01
  0.10361342E+00  0.12741457E+01
  0.10832312E+00  0.12915522E+01
  0.11303282E+00  0.13071602E+01
  0.11774252E+00  0.13209362E+01
  0.12245222E+00  0.13328873E+01
  0.12716192E+00  0.13430590E+01
  0.13187163E+00  0.13515300E+01
  0.13658133E+00  0.13584048E+01
  0.14129103E+00  0.13638057E+01
  0.14600073E+00  0.13678650E+01
  0.15071043E+00  0.13707177E+01
  0.15542013E+00  0.13724962E+01
  0.16012983E+00  0.13733266E+01
  0.16483953E+00  0.13733264E+01
  0.16954923E+00  0.13726024E+01
  0.17425893E+00  0.13712515E+01
  0.17896863E+00  0.13693596E+01
  0.18367834E+00  0.13670030E+01
  0.18838804E+00  0.13642489E+01
  0.19309774E+00  0.13611563E+01
  0.19780744E+00  0.13577766E+01
  0.20251714E+00  0.13541550E+01
  0.20722684E+00  0.13503307E+01
  0.21193654E+00  0.13463382E+01
  0.21664624E+00  0.13422074E+01
  0.22135594E+00  0.13379646E+01
  0.22606564E+00  0.13336327E+01
  0.23077534E+00  0.13292319E+01
  0.23548505E+00  0.13247800E+01
  0.24019475E+00  0.13202927E+01
  0.24490445E+00  0.13157837E+01
  0.24961415E+00  0.13112655E+01
  0.25432385E+00  0.13067488E+01
  0.25903355E+00  0.13022437E+01
  0.26374325E+00  0.12977588E+01
  0.26845295E+00  0.12933022E+01
  0.27316265E+00  0.12888811E+01
  0.27787235E+00  0.12845021E+01
  0.28258205E+00  0.12801713E+01
  0.28729176E+00  0.12758942E+01
  0.29200146E+00  0.12716761E+01
  0.29671116E+00  0.12675217E+01
  0.30142086E+00  0.12634358E+01
  0.30613056E+00  0.12594226E+01
  0.31084026E+00  0.12554865E+01
  0.31554996E+00  0.12516321E+01
  0.32025966E+00  0.12478650E+01
  0.32496936E+00  0.12441979E+01
  0.32967906E+00  0.12407855E+01
  0.33438876E+00  0.12595348E+01
  0.33909847E+00  0.12857085E+01
  0.34380817E+00  0.13116480E+01
  0.34851787E+00  0.13372916E+01
  0.35322757E+00  0.13625985E+01
  0.35793727E+00  0.13875298E+01
  0.36264697E+00  0.14120458E+01
  0.36735667E+00  0.14361055E+01
  0.37206637E+00  0.14596666E+01
  0.37677607E+00  0.14826853E+01
  0.38148577E+00  0.15051160E+01
  0.38619547E+00  0.15269117E+01
  0.39090518E+00  0.15480239E+01
  0.39561488E+00  0.15638133E+01
  0.40032458E+00  0.15509284E+01
  0.40503428E+00  0.15385356E+01
  0.40974398E+00  0.15266786E+01
  0.41445368E+00  0.15154010E+01
  0.41916338E+00  0.15047457E+01
  0.42387308E+00  0.14947550E+01
  0.42858278E+00  0.14854697E+01
  0.43329248E+00  0.14769292E+01
  0.43800218E+00  0.14691712E+01
  0.44271189E+00  0.14622306E+01
  0.44742159E+00  0.14561399E+01
  0.45213129E+00  0.14509282E+01
  0.45684099E+00  0.14466211E+01
  0.46155069E+00  0.14432403E+01
  0.46626039E+00  0.14408028E+01
  0.47097009E+00  0.14393214E+01
  0.47567979E+00  0.14388039E+01
  0.48037912E+00  0.14393088E+01
  0.48507844E+00  0.14408042E+01
  0.48977777E+00  0.14432736E+01
  0.49447710E+00  0.14466905E+01
  0.49917642E+00  0.14510212E+01
  0.50387575E+00  0.14562262E+01
  0.50857508E+00  0.14622632E+01
  0.51327440E+00  0.14690888E+01
  0.51797373E+00  0.14766603E+01
  0.52267306E+00  0.14849365E+01
  0.52737238E+00  0.14938788E+01
  0.53207171E+00  0.15034516E+01
  0.53677103E+00  0.15136221E+01
  0.54147036E+00  0.15243604E+01
  0.54616969E+00  0.15356394E+01
  0.55086901E+00  0.15474343E+01
  0.55556834E+00  0.15597223E+01
  0.56026767E+00  0.15724824E+01
  0.56496699E+00  0.15856949E+01
  0.56966632E+00  0.15993416E+01
  0.57436565E+00  0.16134046E+01
  0.57906497E+00  0.16278671E+01
  0.58376430E+00  0.16427126E+01
  0.58846362E+00  0.16579247E+01
  0.59316295E+00  0.16734873E+01
  0.59786228E+00  0.16893841E+01
  0.60256160E+00  0.17055989E+01
  0.60726093E+00  0.17221151E+01
  0.61196026E+00  0.17389160E+01
  0.61665958E+00  0.17559844E+01
  0.62135891E+00  0.17733028E+01
  0.62605824E+00  0.17908533E+01
  0.63075756E+00  0.18086177E+01
  0.63545689E+00  0.18265772E+01
  0.64015621E+00  0.18447126E+01
  0.64485554E+00  0.18630043E+01
  0.64955487E+00  0.18814325E+01
  0.65425419E+00  0.18999766E+01
  0.65895352E+00  0.19186160E+01
  0.66365285E+00  0.19373295E+01
  0.66835217E+00  0.19560956E+01
  0.67305150E+00  0.19748927E+01
  0.67775083E+00  0.19936987E+01
  0.68245015E+00  0.20124915E+01
  0.68714948E+00  0.20312487E+01
  0.69184880E+00  0.20499475E+01
  0.69654813E+00  0.20685649E+01
  0.70124746E+00  0.20870725E+01
  0.70594678E+00  0.20985205E+01
  0.71064611E+00  0.21041860E+01
  0.71534544E+00  0.21092894E+01
  0.72004476E+00  0.21138210E+01
  0.72474409E+00  0.21177735E+01
  0.72944342E+00  0.21211447E+01
  0.73414274E+00  0.21239376E+01
  0.73884207E+00  0.21261602E+01
  0.74354139E+00  0.21278249E+01
  0.74824072E+00  0.21289481E+01
  0.75294005E+00  0.21295489E+01
  0.75763937E+00  0.21296492E+01
  0.76233870E+00  0.21292719E+01
  0.76703803E+00  0.21284412E+01
  0.77173735E+00  0.21271811E+01
  0.77643668E+00  0.21255153E+01
  0.78113601E+00  0.21234667E+01
  0.78583533E+00  0.21210568E+01
  0.79053466E+00  0.21183057E+01
  0.79523398E+00  0.21152318E+01
  0.79993331E+00  0.21118517E+01
  0.80463264E+00  0.21081800E+01
  0.80933196E+00  0.21042293E+01
  0.81403129E+00  0.21000103E+01
  0.81873062E+00  0.20955317E+01
  0.82342994E+00  0.20908002E+01
  0.82812927E+00  0.20858204E+01
  0.83282859E+00  0.20805950E+01
  0.83752792E+00  0.20751246E+01
  0.84222725E+00  0.20694075E+01
  0.84692657E+00  0.20634399E+01
  0.85162590E+00  0.20572157E+01
  0.85632523E+00  0.20507262E+01
  0.86102455E+00  0.20439601E+01
  0.86572388E+00  0.20369032E+01
  0.87042321E+00  0.20295383E+01
  0.87512253E+00  0.20218450E+01
  0.87982186E+00  0.20137993E+01
  0.88452118E+00  0.20053737E+01
  0.88922051E+00  0.19965367E+01
  0.89391984E+00  0.19872531E+01
  0.89861916E+00  0.19774837E+01
  0.90331849E+00  0.19671853E+01
  0.90801782E+00  0.19563113E+01
  0.91271714E+00  0.19448117E+01
  0.91741647E+00  0.19326337E+01
  0.92211580E+00  0.19197223E+01
  0.92681512E+00  0.19060215E+01
  0.93151445E+00  0.18914749E+01
  0.93621377E+00  0.18760273E+01
  0.94091310E+00  0.18596256E+01
  0.94561243E+00  0.18422204E+01
  0.95031175E+00  0.18237674E+01
  0.95501108E+00  0.18042285E+01
  0.95971041E+00  0.17835734E+01
  0.96440973E+00  0.17617804E+01
  0.96910906E+00  0.17388377E+01
  0.97380839E+00  0.17147433E+01
  0.97850771E+00  0.16895058E+01
  0.98320704E+00  0.16631447E+01
  0.98790636E+00  0.16356893E+01
  0.99260569E+00  0.16071792E+01
  0.99730502E+00  0.15776629E+01
  0.10020043E+01  0.15471972E+01
  0.10067037E+01  0.15158466E+01
  0.10114030E+01  0.14836841E+01
  0.10161023E+01  0.14508084E+01
  0.10208016E+01  0.14334889E+01
  0.10255010E+01  0.14415376E+01
  0.10302003E+01  0.14491535E+01
  0.10348996E+01  0.14562147E+01
  0.10395990E+01  0.14626482E+01
  0.10442983E+01  0.14683874E+01
  0.10489976E+01  0.14733706E+01
  0.10536969E+01  0.14775421E+01
  0.10583963E+01  0.14808533E+01
  0.10630956E+01  0.14832639E+01
  0.10677949E+01  0.14847429E+01
  0.10724942E+01  0.14852687E+01
  0.10771936E+01  0.14848295E+01
  0.10818929E+01  0.14834229E+01
  0.10865922E+01  0.14810554E+01
  0.10912915E+01  0.14777419E+01
  0.10959909E+01  0.14735047E+01
  0.11006902E+01  0.14683732E+01
  0.11053895E+01  0.14623825E+01
  0.11100888E+01  0.14555739E+01
  0.11147882E+01  0.14479936E+01
  0.11194875E+01  0.14396930E+01
  0.11241868E+01  0.14307280E+01
  0.11288862E+01  0.14211591E+01
  0.11335855E+01  0.14110510E+01
  0.11382848E+01  0.14004720E+01
  0.11429841E+01  0.13894936E+01
  0.11476835E+01  0.13781901E+01
  0.11523828E+01  0.13666374E+01
  0.11570821E+01  0.13549127E+01
  0.11617814E+01  0.13430936E+01
  0.11664808E+01  0.13312573E+01
  0.11711801E+01  0.13194799E+01
  0.11758794E+01  0.13078356E+01
  0.11805787E+01  0.12963966E+01
  0.11852781E+01  0.12852324E+01
  0.11899774E+01  0.12744091E+01
  0.11946767E+01  0.12639897E+01
  0.11993761E+01  0.12540333E+01
  0.12040754E+01  0.12445954E+01
  0.12087747E+01  0.12357275E+01
  0.12134740E+01  0.12274771E+01
  0.12181734E+01  0.12198875E+01
  0.12228727E+01  0.12129980E+01
  0.12275720E+01  0.12068438E+01
  0.12322713E+01  0.12014559E+01
  0.12369707E+01  0.11968610E+01
  0.12416700E+01  0.11930819E+01
  0.12463693E+01  0.11901370E+01
  0.12510686E+01  0.11880406E+01
  0.12557680E+01  0.11868029E+01
  0.12604673E+01  0.11864298E+01
  0.12651770E+01  0.11859061E+01
  0.12698867E+01  0.11843370E+01
  0.12745964E+01  0.11817283E+01
  0.12793061E+01  0.11780899E+01
  0.12840158E+01  0.11734356E+01
  0.12887255E+01  0.11677830E+01
  0.12934352E+01  0.11611535E+01
  0.12981449E+01  0.11535718E+01
  0.13028546E+01  0.11450662E+01
  0.13075643E+01  0.11356677E+01
  0.13122740E+01  0.11254101E+01
  0.13169837E+01  0.11143299E+01
  0.13216934E+01  0.11024657E+01
  0.13264031E+01  0.10898581E+01
  0.13311128E+01  0.10765494E+01
  0.13358225E+01  0.10625831E+01
  0.13405322E+01  0.10480043E+01
  0.13452419E+01  0.10328586E+01
  0.13499516E+01  0.10171928E+01
  0.13546613E+01  0.10010539E+01
  0.13593710E+01  0.98448953E+00
  0.13640807E+01  0.96754760E+00
  0.13687904E+01  0.95027619E+00
  0.13735001E+01  0.93272354E+00
  0.13782098E+01  0.91493794E+00
  0.13829195E+01  0.89696776E+00
  0.13876292E+01  0.87886141E+00
  0.13923389E+01  0.86066739E+00
  0.13970486E+01  0.84243427E+00
  0.14017583E+01  0.82421077E+00
  0.14064680E+01  0.80604582E+00
  0.14111777E+01  0.78798858E+00
  0.14158874E+01  0.77008854E+00
  0.14205971E+01  0.75239554E+00
  0.14253068E+01  0.73495982E+00
  0.14300165E+01  0.71783202E+00
  0.14347262E+01  0.70106320E+00
  0.14394359E+01  0.68470470E+00
  0.14441456E+01  0.66880807E+00
  0.14488553E+01  0.65342484E+00
  0.14535650E+01  0.66146233E+00
  0.14582747E+01  0.67728452E+00
  0.14629844E+01  0.69292651E+00
  0.14676941E+01  0.70835078E+00
  0.14724038E+01  0.72352019E+00
  0.14771135E+01  0.73839829E+00
  0.14818232E+01  0.75294959E+00
  0.14865329E+01  0.76713984E+00
  0.14912426E+01  0.78093635E+00
  0.14959523E+01  0.79430829E+00
  0.15006620E+01  0.80722702E+00
  0.15053717E+01  0.81966634E+00
  0.15100814E+01  0.83160281E+00
  0.15147911E+01  0.84301597E+00
  0.15195008E+01  0.85388853E+00
  0.15242105E+01  0.86420653E+00
  0.15289202E+01  0.87395941E+00
  0.15336299E+01  0.88314003E+00
  0.15383396E+01  0.89174464E+00
  0.15430493E+01  0.89977272E+00
  0.15477590E+01  0.90722685E+00
  0.15524687E+01  0.91411241E+00
  0.15571785E+01  0.92043729E+00
  0.15618882E+01  0.92621158E+00
  0.15665979E+01  0.93144718E+00
  0.15713076E+01  0.93615742E+00
  0.15760173E+01  0.94035670E+00
  0.15807270E+01  0.94406010E+00
  0.15854367E+01  0.94728305E+00
  0.15901464E+01  0.95004100E+00
  0.15948561E+01  0.95234913E+00
  0.15995658E+01  0.95422215E+00
  0.16042755E+01  0.95567407E+00
  0.16089852E+01  0.95671803E+00
  0.16136949E+01  0.95736621E+00
  0.16184046E+01  0.95762974E+00
  0.16231143E+01  0.95751864E+00
  0.16278240E+01  0.95704182E+00
  0.16325337E+01  0.95620709E+00
  0.16372434E+01  0.95502118E+00
  0.16419531E+01  0.95348980E+00
  0.16466628E+01  0.95161770E+00
  0.16513725E+01  0.94940876E+00
  0.16560822E+01  0.94686606E+00
  0.16607919E+01  0.94399201E+00
  0.16655016E+01  0.94078842E+00
  0.16702113E+01  0.93725664E+00
  0.16749210E+01  0.93339765E+00
  0.16796307E+01  0.92921220E+00
  0.16843404E+01  0.92470094E+00
  0.16890501E+01  0.91986458E+00
  0.16937598E+01  0.91470400E+00
  0.16984695E+01  0.90922050E+00
  0.17031792E+01  0.90341604E+00
  0.17078889E+01  0.89729364E+00
  0.17125986E+01  0.89085809E+00
  0.17173083E+01  0.88411757E+00
  0.17220180E+01  0.87708798E+00
  0.17267277E+01  0.86980906E+00
  0.17314374E+01  0.86243852E+00
  0.17361471E+01  0.85668045E+00
  0.17408464E+01  0.85729316E+00
  0.17455457E+01  0.85896029E+00
  0.17502451E+01  0.86167134E+00
  0.17549444E+01  0.86541083E+00
  0.17596437E+01  0.87015871E+00
  0.17643430E+01  0.87589075E+00
  0.17690424E+01  0.88257891E+00
  0.17737417E+01  0.89019165E+00
  0.17784410E+01  0.89869423E+00
  0.17831403E+01  0.90804904E+00
  0.17878397E+01  0.91821588E+00
  0.17925390E+01  0.92915224E+00
  0.17972383E+01  0.94081361E+00
  0.18019377E+01  0.95315378E+00
  0.18066370E+01  0.96612508E+00
  0.18113363E+01  0.97967870E+00
  0.18160356E+01  0.99376489E+00
  0.18207350E+01  0.10083332E+01
  0.18254343E+01  0.10233326E+01
  0.18301336E+01  0.10387117E+01
  0.18348329E+01  0.10544189E+01
  0.18395323E+01  0.10704024E+01
  0.18442316E+01  0.10866101E+01
  0.18489309E+01  0.11029900E+01
  0.18536302E+01  0.11194898E+01
  0.18583296E+01  0.11360570E+01
  0.18630289E+01  0.11526392E+01
  0.18677282E+01  0.11691834E+01
  0.18724275E+01  0.11856368E+01
  0.18771269E+01  0.12019464E+01
  0.18818262E+01  0.12180595E+01
  0.18865255E+01  0.12339236E+01
  0.18912249E+01  0.12494869E+01
  0.18959242E+01  0.12646987E+01
  0.19006235E+01  0.12795102E+01
  0.19053228E+01  0.12938750E+01
  0.19100222E+01  0.13077498E+01
  0.19147215E+01  0.13210957E+01
  0.19194208E+01  0.13338787E+01
  0.19241201E+01  0.13460696E+01
  0.19288195E+01  0.13576431E+01
  0.19335188E+01  0.13685749E+01
  0.19382181E+01  0.13788385E+01
  0.19429174E+01  0.13884055E+01
  0.19476168E+01  0.13972477E+01
  0.19523161E+01  0.14053416E+01
  0.19570154E+01  0.14126705E+01
  0.19617147E+01  0.14192250E+01
  0.19664141E+01  0.14250023E+01
  0.19711134E+01  0.14300059E+01
  0.19758127E+01  0.14342438E+01
  0.19805121E+01  0.14377286E+01
  0.19852114E+01  0.14404760E+01
  0.19899107E+01  0.14425046E+01
  0.19946100E+01  0.14438350E+01
  0.19993094E+01  0.14444898E+01
  0.20040087E+01  0.14444923E+01
  0.20087080E+01  0.14438670E+01
  0.20134073E+01  0.14426385E+01
  0.20181067E+01  0.14408320E+01
  0.20228060E+01  0.14384721E+01
  0.20275053E+01  0.14355835E+01
  0.20322046E+01  0.14321903E+01
  0.20369040E+01  0.14283159E+01
  0.20416033E+01  0.14239833E+01
  0.20463026E+01  0.14192147E+01
  0.20510020E+01  0.14140314E+01
  0.20557013E+01  0.14084540E+01
  0.20604006E+01  0.14025026E+01
  0.20650999E+01  0.13961962E+01
  0.20697993E+01  0.13895533E+01
  0.20744986E+01  0.13825919E+01
  0.20791979E+01  0.13753294E+01
  0.20838972E+01  0.13677825E+01
  0.20885966E+01  0.13599677E+01
  0.20932959E+01  0.13519013E+01
  0.20979952E+01  0.13435990E+01
  0.21026945E+01  0.13350765E+01
  0.21073939E+01  0.13263493E+01
  0.21120932E+01  0.13174325E+01
  0.21167925E+01  0.13083411E+01
  0.21214918E+01  0.12990893E+01
  0.21261912E+01  0.12896909E+01
  0.21308905E+01  0.12801585E+01
  0.21355898E+01  0.12705040E+01
  0.21402892E+01  0.12607377E+01
  0.21449885E+01  0.12508693E+01
  0.21496878E+01  0.12409073E+01
  0.21543871E+01  0.12308598E+01
  0.21590865E+01  0.12207344E+01
  0.21637858E+01  0.12105388E+01
  0.21684851E+01  0.12002805E+01
  0.21731844E+01  0.11899674E+01
  0.21778838E+01  0.11796078E+01
  0.21825831E+01  0.11692098E+01
  0.21872824E+01  0.11587821E+01
  0.21919817E+01  0.11483337E+01
  0.21966811E+01  0.11378737E+01
  0.22013804E+01  0.11274112E+01
  0.22060797E+01  0.11169557E+01
  0.22107790E+01  0.11065166E+01
  0.22154784E+01  0.10961037E+01
  0.22201777E+01  0.10857263E+01
  0.22248770E+01  0.10753941E+01
  0.22295764E+01  0.10651167E+01
  0.22342757E+01  0.10549033E+01
  0.22389750E+01  0.10447635E+01
  0.22436743E+01  0.10347065E+01
  0.22483737E+01  0.10247412E+01
  0.22530730E+01  0.10148766E+01
  0.22577723E+01  0.10051213E+01
  0.22624716E+01  0.99548384E+00
  0.22671710E+01  0.98597218E+00
  0.22718703E+01  0.97659408E+00
  0.22765696E+01  0.96735680E+00
  0.22812689E+01  0.95826700E+00
  0.22859683E+01  0.94933064E+00
  0.22906676E+01  0.94055285E+00
  0.22953669E+01  0.93193779E+00
  0.23000662E+01  0.92348861E+00
  0.23047656E+01  0.91520735E+00
  0.23094649E+01  0.90709502E+00
  0.23141642E+01  0.89915168E+00
  0.23188636E+01  0.89137656E+00
  0.23235629E+01  0.88376821E+00
  0.23282622E+01  0.87632466E+00
  0.23329615E+01  0.86904358E+00
  0.23376609E+01  0.86192236E+00
  0.23423602E+01  0.85495825E+00
  0.23470595E+01  0.84814841E+00
  0.23517588E+01  0.84149000E+00
  0.23564582E+01  0.83498019E+00
  0.23611575E+01  0.82861623E+00
  0.23658568E+01  0.82239547E+00
  0.23705561E+01  0.81631537E+00
  0.23752555E+01  0.81037359E+00
  0.23799548E+01  0.80456794E+00
  0.23846541E+01  0.79889647E+00
  0.23893534E+01  0.79335748E+00
  0.23940528E+01  0.78794957E+00
  0.23987521E+01  0.78267167E+00
  0.24034514E+01  0.77752308E+00
  0.24081508E+01  0.77250357E+00
  0.24128501E+01  0.76761337E+00
  0.24175494E+01  0.76285329E+00
  0.24222487E+01  0.75822477E+00
  0.24269481E+01  0.75372994E+00
  0.24316474E+01  0.74937170E+00
  0.24363467E+01  0.74515380E+00
  0.24410460E+01  0.74108091E+00
  0.24457454E+01  0.73715862E+00
  0.24504447E+01  0.73339357E+00
  0.24551440E+01  0.72979341E+00
  0.24598433E+01  0.72636681E+00
  0.24645427E+01  0.72312344E+00
  0.24692420E+01  0.72007388E+00
  0.24739413E+01  0.71722951E+00
  0.24786406E+01  0.71460231E+00
  0.24833400E+01  0.71220471E+00
  0.24880393E+01  0.71004924E+00
  0.24927386E+01  0.70814823E+00
  0.24974380E+01  0.70651346E+00
  0.25021373E+01  0.70515579E+00
  0.25068366E+01  0.70408473E+00
  0.25115359E+01  0.70330810E+00
  0.25162353E+01  0.70283169E+00
  0.25209346E+01  0.70265908E+00
  
  0.00000000E+00  0.16461254E+01
  0.47097009E-02  0.16352323E+01
  0.94194018E-02  0.16234558E+01
  0.14129103E-01  0.16122212E+01
  0.18838804E-01  0.16016245E+01
  0.23548505E-01  0.15917359E+01
  0.28258205E-01  0.15826210E+01
  0.32967906E-01  0.15743437E+01
  0.37677607E-01  0.15669662E+01
  0.42387308E-01  0.15605487E+01
  0.47097009E-01  0.15551482E+01
  0.51806710E-01  0.15508176E+01
  0.56516411E-01  0.15476048E+01
  0.61226112E-01  0.15455515E+01
  0.65935813E-01  0.15446920E+01
  0.70645514E-01  0.15450525E+01
  0.75355215E-01  0.15466500E+01
  0.80064916E-01  0.15494919E+01
  0.84774616E-01  0.15535757E+01
  0.89484317E-01  0.15588891E+01
  0.94194018E-01  0.15654101E+01
  0.98903719E-01  0.15731078E+01
  0.10361342E+00  0.15819435E+01
  0.10832312E+00  0.15918712E+01
  0.11303282E+00  0.16028391E+01
  0.11774252E+00  0.16147910E+01
  0.12245222E+00  0.16276671E+01
  0.12716192E+00  0.16414057E+01
  0.13187163E+00  0.16559436E+01
  0.13658133E+00  0.16712178E+01
  0.14129103E+00  0.16871654E+01
  0.14600073E+00  0.17037251E+01
  0.15071043E+00  0.17208372E+01
  0.15542013E+00  0.17384442E+01
  0.16012983E+00  0.17564910E+01
  0.16483953E+00  0.17749252E+01
  0.16954923E+00  0.17936970E+01
  0.17425893E+00  0.18127595E+01
  0.17896863E+00  0.18320687E+01
  0.18367834E+00  0.18515833E+01
  0.18838804E+00  0.18712646E+01
  0.19309774E+00  0.18910766E+01
  0.19780744E+00  0.19109860E+01
  0.20251714E+00  0.19309615E+01
  0.20722684E+00  0.19509739E+01
  0.21193654E+00  0.19709957E+01
  0.21664624E+00  0.19909983E+01
  0.22135594E+00  0.20109348E+01
  0.22606564E+00  0.20268717E+01
  0.23077534E+00  0.20210743E+01
  0.23548505E+00  0.20142603E+01
  0.24019475E+00  0.20067912E+01
  0.24490445E+00  0.19986967E+01
  0.24961415E+00  0.19899971E+01
  0.25432385E+00  0.19807119E+01
  0.25903355E+00  0.19708613E+01
  0.26374325E+00  0.19604664E+01
  0.26845295E+00  0.19495494E+01
  0.27316265E+00  0.19381334E+01
  0.27787235E+00  0.19262426E+01
  0.28258205E+00  0.19139023E+01
  0.28729176E+00  0.19011387E+01
  0.29200146E+00  0.18879790E+01
  0.29671116E+00  0.18744511E+01
  0.30142086E+00  0.18605840E+01
  0.30613056E+00  0.18464076E+01
  0.31084026E+00  0.18319525E+01
  0.31554996E+00  0.18172502E+01
  0.32025966E+00  0.18023330E+01
  0.32496936E+00  0.17872341E+01
  0.32967906E+00  0.17719873E+01
  0.33438876E+00  0.17566274E+01
  0.33909847E+00  0.17411897E+01
  0.34380817E+00  0.17257106E+01
  0.34851787E+00  0.17102270E+01
  0.35322757E+00  0.16947766E+01
  0.35793727E+00  0.16793981E+01
  0.36264697E+00  0.16641307E+01
  0.36735667E+00  0.16490143E+01
  0.37206637E+00  0.16340898E+01
  0.37677607E+00  0.16193984E+01
  0.38148577E+00  0.16049822E+01
  0.38619547E+00  0.15908838E+01
  0.39090518E+00  0.15771464E+01
  0.39561488E+00  0.15684027E+01
  0.40032458E+00  0.15879970E+01
  0.40503428E+00  0.16067547E+01
  0.40974398E+00  0.16246230E+01
  0.41445368E+00  0.16415490E+01
  0.41916338E+00  0.16574795E+01
  0.42387308E+00  0.16723621E+01
  0.42858278E+00  0.16861455E+01
  0.43329248E+00  0.16987797E+01
  0.43800218E+00  0.17102174E+01
  0.44271189E+00  0.17204136E+01
  0.44742159E+00  0.17293272E+01
  0.45213129E+00  0.17369211E+01
  0.45684099E+00  0.17431629E+01
  0.46155069E+00  0.17480252E+01
  0.46626039E+00  0.17514867E+01
  0.47097009E+00  0.17535319E+01
  0.47567979E+00  0.17541519E+01
  0.48037912E+00  0.17543776E+01
  0.48507844E+00  0.17550262E+01
  0.48977777E+00  0.17560969E+01
  0.49447710E+00  0.17575884E+01
  0.49917642E+00  0.17594990E+01
  0.50387575E+00  0.17618266E+01
  0.50857508E+00  0.17645685E+01
  0.51327440E+00  0.17677217E+01
  0.51797373E+00  0.17712824E+01
  0.52267306E+00  0.17752466E+01
  0.52737238E+00  0.17796096E+01
  0.53207171E+00  0.17843659E+01
  0.53677103E+00  0.17895096E+01
  0.54147036E+00  0.17950341E+01
  0.54616969E+00  0.18009318E+01
  0.55086901E+00  0.18071947E+01
  0.55556834E+00  0.18138136E+01
  0.56026767E+00  0.18207787E+01
  0.56496699E+00  0.18280790E+01
  0.56966632E+00  0.18357028E+01
  0.57436565E+00  0.18436371E+01
  0.57906497E+00  0.18518679E+01
  0.58376430E+00  0.18603800E+01
  0.58846362E+00  0.18691571E+01
  0.59316295E+00  0.18781815E+01
  0.59786228E+00  0.18874342E+01
  0.60256160E+00  0.18968948E+01
  0.60726093E+00  0.19065416E+01
  0.61196026E+00  0.19163513E+01
  0.61665958E+00  0.19262992E+01
  0.62135891E+00  0.19363590E+01
  0.62605824E+00  0.19465028E+01
  0.63075756E+00  0.19567012E+01
  0.63545689E+00  0.19669233E+01
  0.64015621E+00  0.19771365E+01
  0.64485554E+00  0.19873069E+01
  0.64955487E+00  0.19973991E+01
  0.65425419E+00  0.20073764E+01
  0.65895352E+00  0.20172011E+01
  0.66365285E+00  0.20268343E+01
  0.66835217E+00  0.20362368E+01
  0.67305150E+00  0.20453689E+01
  0.67775083E+00  0.20541909E+01
  0.68245015E+00  0.20626638E+01
  0.68714948E+00  0.20707496E+01
  0.69184880E+00  0.20784120E+01
  0.69654813E+00  0.20856177E+01
  0.70124746E+00  0.20923411E+01
  0.70594678E+00  0.21054821E+01
  0.71064611E+00  0.21237177E+01
  0.71534544E+00  0.21417866E+01
  0.72004476E+00  0.21596629E+01
  0.72474409E+00  0.21773240E+01
  0.72944342E+00  0.21947478E+01
  0.73414274E+00  0.22119127E+01
  0.73884207E+00  0.22287971E+01
  0.74354139E+00  0.22453803E+01
  0.74824072E+00  0.22616415E+01
  0.75294005E+00  0.22775606E+01
  0.75763937E+00  0.22931180E+01
  0.76233870E+00  0.23082945E+01
  0.76703803E+00  0.23230712E+01
  0.77173735E+00  0.23374300E+01
  0.77643668E+00  0.23513529E+01
  0.78113601E+00  0.23648221E+01
  0.78583533E+00  0.23778190E+01
  0.79053466E+00  0.23903200E+01
  0.79523398E+00  0.24022626E+01
  0.79993331E+00  0.24104056E+01
  0.80463264E+00  0.24074674E+01
  0.80933196E+00  0.24039620E+01
  0.81403129E+00  0.24002335E+01
  0.81873062E+00  0.23963163E+01
  0.82342994E+00  0.23922321E+01
  0.82812927E+00  0.23880021E+01
  0.83282859E+00  0.23836488E+01
  0.83752792E+00  0.23791961E+01
  0.84222725E+00  0.23746697E+01
  0.84692657E+00  0.23700963E+01
  0.85162590E+00  0.23655038E+01
  0.85632523E+00  0.23609213E+01
  0.86102455E+00  0.23563785E+01
  0.86572388E+00  0.23519061E+01
  0.87042321E+00  0.23475357E+01
  0.87512253E+00  0.23432993E+01
  0.87982186E+00  0.23392299E+01
  0.88452118E+00  0.23353612E+01
  0.88922051E+00  0.23317277E+01
  0.89391984E+00  0.23283644E+01
  0.89861916E+00  0.23253073E+01
  0.90331849E+00  0.23225930E+01
  0.90801782E+00  0.23202584E+01
  0.91271714E+00  0.23183411E+01
  0.91741647E+00  0.23168783E+01
  0.92211580E+00  0.23159074E+01
  0.92681512E+00  0.23154648E+01
  0.93151445E+00  0.23155860E+01
  0.93621377E+00  0.23163047E+01
  0.94091310E+00  0.23176521E+01
  0.94561243E+00  0.23196570E+01
  0.95031175E+00  0.23223440E+01
  0.95501108E+00  0.23257338E+01
  0.95971041E+00  0.23298418E+01
  0.96440973E+00  0.23346775E+01
  0.96910906E+00  0.23402431E+01
  0.97380839E+00  0.23465322E+01
  0.97850771E+00  0.23535263E+01
  0.98320704E+00  0.23611853E+01
  0.98790636E+00  0.23693937E+01
  0.99260569E+00  0.23768967E+01
  0.99730502E+00  0.23710502E+01
  0.10020043E+01  0.23612069E+01
  0.10067037E+01  0.23512866E+01
  0.10114030E+01  0.23415112E+01
  0.10161023E+01  0.23319741E+01
  0.10208016E+01  0.23227434E+01
  0.10255010E+01  0.23138733E+01
  0.10302003E+01  0.23054020E+01
  0.10348996E+01  0.22973468E+01
  0.10395990E+01  0.22896969E+01
  0.10442983E+01  0.22824040E+01
  0.10489976E+01  0.22753705E+01
  0.10536969E+01  0.22684378E+01
  0.10583963E+01  0.22613766E+01
  0.10630956E+01  0.22538856E+01
  0.10677949E+01  0.22456109E+01
  0.10724942E+01  0.22361962E+01
  0.10771936E+01  0.22253630E+01
  0.10818929E+01  0.22129933E+01
  0.10865922E+01  0.21991687E+01
  0.10912915E+01  0.21841413E+01
  0.10959909E+01  0.21682575E+01
  0.11006902E+01  0.21518813E+01
  0.11053895E+01  0.21353432E+01
  0.11100888E+01  0.21189181E+01
  0.11147882E+01  0.21028230E+01
  0.11194875E+01  0.20872221E+01
  0.11241868E+01  0.20722355E+01
  0.11288862E+01  0.20579478E+01
  0.11335855E+01  0.20444148E+01
  0.11382848E+01  0.20316694E+01
  0.11429841E+01  0.20197260E+01
  0.11476835E+01  0.20085847E+01
  0.11523828E+01  0.19982342E+01
  0.11570821E+01  0.19886542E+01
  0.11617814E+01  0.19798182E+01
  0.11664808E+01  0.19716947E+01
  0.11711801E+01  0.19642492E+01
  0.11758794E+01  0.19574454E+01
  0.11805787E+01  0.19512461E+01
  0.11852781E+01  0.19456144E+01
  0.11899774E+01  0.19405142E+01
  0.11946767E+01  0.19359105E+01
  0.11993761E+01  0.19317701E+01
  0.12040754E+01  0.19280621E+01
  0.12087747E+01  0.19247573E+01
  0.12134740E+01  0.19218291E+01
  0.12181734E+01  0.19192533E+01
  0.12228727E+01  0.19170078E+01
  0.12275720E+01  0.19150733E+01
  0.12322713E+01  0.19134326E+01
  0.12369707E+01  0.19120709E+01
  0.12416700E+01  0.19109757E+01
  0.12463693E+01  0.19101371E+01
  0.12510686E+01  0.19095469E+01
  0.12557680E+01  0.19091997E+01
  0.12604673E+01  0.19090918E+01
  0.12651770E+01  0.19090238E+01
  0.12698867E+01  0.19087324E+01
  0.12745964E+01  0.19082209E+01
  0.12793061E+01  0.19074952E+01
  0.12840158E+01  0.19065633E+01
  0.12887255E+01  0.19054354E+01
  0.12934352E+01  0.19041232E+01
  0.12981449E+01  0.19026400E+01
  0.13028546E+01  0.19010003E+01
  0.13075643E+01  0.18992195E+01
  0.13122740E+01  0.18973136E+01
  0.13169837E+01  0.18952989E+01
  0.13216934E+01  0.18931920E+01
  0.13264031E+01  0.18910093E+01
  0.13311128E+01  0.18887673E+01
  0.13358225E+01  0.18864818E+01
  0.13405322E+01  0.18841683E+01
  0.13452419E+01  0.18818419E+01
  0.13499516E+01  0.18795170E+01
  0.13546613E+01  0.18772074E+01
  0.13593710E+01  0.18749264E+01
  0.13640807E+01  0.18726866E+01
  0.13687904E+01  0.18704998E+01
  0.13735001E+01  0.18683775E+01
  0.13782098E+01  0.18663302E+01
  0.13829195E+01  0.18643681E+01
  0.13876292E+01  0.18625007E+01
  0.13923389E+01  0.18607368E+01
  0.13970486E+01  0.18590846E+01
  0.14017583E+01  0.18575517E+01
  0.14064680E+01  0.18561453E+01
  0.14111777E+01  0.18548717E+01
  0.14158874E+01  0.18537369E+01
  0.14205971E+01  0.18527460E+01
  0.14253068E+01  0.18519037E+01
  0.14300165E+01  0.18512142E+01
  0.14347262E+01  0.18506808E+01
  0.14394359E+01  0.18503065E+01
  0.14441456E+01  0.18500935E+01
  0.14488553E+01  0.18500437E+01
  0.14535650E+01  0.18501582E+01
  0.14582747E+01  0.18504375E+01
  0.14629844E+01  0.18508816E+01
  0.14676941E+01  0.18514898E+01
  0.14724038E+01  0.18522600E+01
  0.14771135E+01  0.18531866E+01
  0.14818232E+01  0.18542340E+01
  0.14865329E+01  0.18507876E+01
  0.14912426E+01  0.18416032E+01
  0.14959523E+01  0.18330774E+01
  0.15006620E+01  0.18252722E+01
  0.15053717E+01  0.18181953E+01
  0.15100814E+01  0.18118465E+01
  0.15147911E+01  0.18062210E+01
  0.15195008E+01  0.18013097E+01
  0.15242105E+01  0.17970996E+01
  0.15289202E+01  0.17935741E+01
  0.15336299E+01  0.17907128E+01
  0.15383396E+01  0.17884919E+01
  0.15430493E+01  0.17868843E+01
  0.15477590E+01  0.17858605E+01
  0.15524687E+01  0.17853882E+01
  0.15571785E+01  0.17854335E+01
  0.15618882E+01  0.17859608E+01
  0.15665979E+01  0.17869338E+01
  0.15713076E+01  0.17883155E+01
  0.15760173E+01  0.17900692E+01
  0.15807270E+01  0.17921588E+01
  0.15854367E+01  0.17945488E+01
  0.15901464E+01  0.17972057E+01
  0.15948561E+01  0.18000973E+01
  0.15995658E+01  0.18031937E+01
  0.16042755E+01  0.18064673E+01
  0.16089852E+01  0.18098930E+01
  0.16136949E+01  0.18134483E+01
  0.16184046E+01  0.18171134E+01
  0.16231143E+01  0.18208712E+01
  0.16278240E+01  0.18247076E+01
  0.16325337E+01  0.18286106E+01
  0.16372434E+01  0.18325713E+01
  0.16419531E+01  0.18365828E+01
  0.16466628E+01  0.18406405E+01
  0.16513725E+01  0.18447418E+01
  0.16560822E+01  0.18488859E+01
  0.16607919E+01  0.18530734E+01
  0.16655016E+01  0.18573063E+01
  0.16702113E+01  0.18615871E+01
  0.16749210E+01  0.18659195E+01
  0.16796307E+01  0.18703069E+01
  0.16843404E+01  0.18747529E+01
  0.16890501E+01  0.18792605E+01
  0.16937598E+01  0.18838318E+01
  0.16984695E+01  0.18884676E+01
  0.17031792E+01  0.18931667E+01
  0.17078889E+01  0.18979253E+01
  0.17125986E+01  0.19027365E+01
  0.17173083E+01  0.19075880E+01
  0.17220180E+01  0.19124596E+01
  0.17267277E+01  0.19173114E+01
  0.17314374E+01  0.19220208E+01
  0.17361471E+01  0.19254824E+01
  0.17408464E+01  0.19259063E+01
  0.17455457E+01  0.19270272E+01
  0.17502451E+01  0.19288484E+01
  0.17549444E+01  0.19313778E+01
  0.17596437E+01  0.19346264E+01
  0.17643430E+01  0.19386061E+01
  0.17690424E+01  0.19433284E+01
  0.17737417E+01  0.19488042E+01
  0.17784410E+01  0.19550429E+01
  0.17831403E+01  0.19620528E+01
  0.17878397E+01  0.19698411E+01
  0.17925390E+01  0.19784137E+01
  0.17972383E+01  0.19877758E+01
  0.18019377E+01  0.19979308E+01
  0.18066370E+01  0.20088815E+01
  0.18113363E+01  0.20206291E+01
  0.18160356E+01  0.20331731E+01
  0.18207350E+01  0.20465119E+01
  0.18254343E+01  0.20606417E+01
  0.18301336E+01  0.20755567E+01
  0.18348329E+01  0.20912491E+01
  0.18395323E+01  0.21077081E+01
  0.18442316E+01  0.21249199E+01
  0.18489309E+01  0.21428670E+01
  0.18536302E+01  0.21615271E+01
  0.18583296E+01  0.21808723E+01
  0.18630289E+01  0.22008670E+01
  0.18677282E+01  0.22214661E+01
  0.18724275E+01  0.22426118E+01
  0.18771269E+01  0.22642296E+01
  0.18818262E+01  0.22862231E+01
  0.18865255E+01  0.23084673E+01
  0.18912249E+01  0.23308008E+01
  0.18959242E+01  0.23530155E+01
  0.19006235E+01  0.23748446E+01
  0.19053228E+01  0.23959506E+01
  0.19100222E+01  0.24159478E+01
  0.19147215E+01  0.24345264E+01
  0.19194208E+01  0.24515283E+01
  0.19241201E+01  0.24668918E+01
  0.19288195E+01  0.24806276E+01
  0.19335188E+01  0.24928107E+01
  0.19382181E+01  0.25035575E+01
  0.19429174E+01  0.25129988E+01
  0.19476168E+01  0.25212603E+01
  0.19523161E+01  0.25284522E+01
  0.19570154E+01  0.25346664E+01
  0.19617147E+01  0.25399775E+01
  0.19664141E+01  0.25444458E+01
  0.19711134E+01  0.25481206E+01
  0.19758127E+01  0.25510429E+01
  0.19805121E+01  0.25532480E+01
  0.19852114E+01  0.25547675E+01
  0.19899107E+01  0.25556304E+01
  0.19946100E+01  0.25558640E+01
  0.19993094E+01  0.25554946E+01
  0.20040087E+01  0.25545479E+01
  0.20087080E+01  0.25530492E+01
  0.20134073E+01  0.25510232E+01
  0.20181067E+01  0.25484942E+01
  0.20228060E+01  0.25454862E+01
  0.20275053E+01  0.25420222E+01
  0.20322046E+01  0.25381250E+01
  0.20369040E+01  0.25338163E+01
  0.20416033E+01  0.25291170E+01
  0.20463026E+01  0.25240471E+01
  0.20510020E+01  0.25186258E+01
  0.20557013E+01  0.25128712E+01
  0.20604006E+01  0.25068004E+01
  0.20650999E+01  0.25004296E+01
  0.20697993E+01  0.24937741E+01
  0.20744986E+01  0.24868480E+01
  0.20791979E+01  0.24796648E+01
  0.20838972E+01  0.24722370E+01
  0.20885966E+01  0.24645763E+01
  0.20932959E+01  0.24566934E+01
  0.20979952E+01  0.24485985E+01
  0.21026945E+01  0.24403008E+01
  0.21073939E+01  0.24318091E+01
  0.21120932E+01  0.24231312E+01
  0.21167925E+01  0.24142745E+01
  0.21214918E+01  0.24052455E+01
  0.21261912E+01  0.23960504E+01
  0.21308905E+01  0.23866946E+01
  0.21355898E+01  0.23771832E+01
  0.21402892E+01  0.23675205E+01
  0.21449885E+01  0.23577105E+01
  0.21496878E+01  0.23477568E+01
  0.21543871E+01  0.23376626E+01
  0.21590865E+01  0.23274306E+01
  0.21637858E+01  0.23170634E+01
  0.21684851E+01  0.23065634E+01
  0.21731844E+01  0.22959328E+01
  0.21778838E+01  0.22851738E+01
  0.21825831E+01  0.22742884E+01
  0.21872824E+01  0.22632791E+01
  0.21919817E+01  0.22521483E+01
  0.21966811E+01  0.22408986E+01
  0.22013804E+01  0.22295330E+01
  0.22060797E+01  0.22180550E+01
  0.22107790E+01  0.22064684E+01
  0.22154784E+01  0.21947771E+01
  0.22201777E+01  0.21829861E+01
  0.22248770E+01  0.21711002E+01
  0.22295764E+01  0.21591251E+01
  0.22342757E+01  0.21470667E+01
  0.22389750E+01  0.21349317E+01
  0.22436743E+01  0.21227270E+01
  0.22483737E+01  0.21104600E+01
  0.22530730E+01  0.20981387E+01
  0.22577723E+01  0.20857714E+01
  0.22624716E+01  0.20733670E+01
  0.22671710E+01  0.20609346E+01
  0.22718703E+01  0.20484840E+01
  0.22765696E+01  0.20360251E+01
  0.22812689E+01  0.20235682E+01
  0.22859683E+01  0.20111239E+01
  0.22906676E+01  0.19987028E+01
  0.22953669E+01  0.19863160E+01
  0.23000662E+01  0.19739741E+01
  0.23047656E+01  0.19616880E+01
  0.23094649E+01  0.19494684E+01
  0.23141642E+01  0.19373259E+01
  0.23188636E+01  0.19252710E+01
  0.23235629E+01  0.19133143E+01
  0.23282622E+01  0.19014668E+01
  0.23329615E+01  0.18897403E+01
  0.23376609E+01  0.18781479E+01
  0.23423602E+01  0.18667040E+01
  0.23470595E+01  0.18554243E+01
  0.23517588E+01  0.18443260E+01
  0.23564582E+01  0.18334265E+01
  0.23611575E+01  0.18227434E+01
  0.23658568E+01  0.18122943E+01
  0.23705561E+01  0.18020956E+01
  0.23752555E+01  0.17921630E+01
  0.23799548E+01  0.17825110E+01
  0.23846541E+01  0.17731529E+01
  0.23893534E+01  0.17641007E+01
  0.23940528E+01  0.17553650E+01
  0.23987521E+01  0.17469551E+01
  0.24034514E+01  0.17388789E+01
  0.24081508E+01  0.17311429E+01
  0.24128501E+01  0.17237524E+01
  0.24175494E+01  0.17167112E+01
  0.24222487E+01  0.17100219E+01
  0.24269481E+01  0.17036859E+01
  0.24316474E+01  0.16977034E+01
  0.24363467E+01  0.16920736E+01
  0.24410460E+01  0.16867945E+01
  0.24457454E+01  0.16818633E+01
  0.24504447E+01  0.16772765E+01
  0.24551440E+01  0.16730299E+01
  0.24598433E+01  0.16691185E+01
  0.24645427E+01  0.16655371E+01
  0.24692420E+01  0.16622800E+01
  0.24739413E+01  0.16593412E+01
  0.24786406E+01  0.16567147E+01
  0.24833400E+01  0.16543943E+01
  0.24880393E+01  0.16523737E+01
  0.24927386E+01  0.16506468E+01
  0.24974380E+01  0.16492073E+01
  0.25021373E+01  0.16480494E+01
  0.25068366E+01  0.16471673E+01
  0.25115359E+01  0.16465556E+01
  0.25162353E+01  0.16462096E+01
  0.25209346E+01  0.16461254E+01
  
  0.00000000E+00  0.16499755E+01
  0.47097009E-02  0.16613162E+01
  0.94194018E-02  0.16744696E+01
  0.14129103E-01  0.16880149E+01
  0.18838804E-01  0.17018630E+01
  0.23548505E-01  0.17159534E+01
  0.28258205E-01  0.17302313E+01
  0.32967906E-01  0.17446453E+01
  0.37677607E-01  0.17591461E+01
  0.42387308E-01  0.17736859E+01
  0.47097009E-01  0.17882189E+01
  0.51806710E-01  0.18027008E+01
  0.56516411E-01  0.18170887E+01
  0.61226112E-01  0.18313414E+01
  0.65935813E-01  0.18454190E+01
  0.70645514E-01  0.18592829E+01
  0.75355215E-01  0.18728962E+01
  0.80064916E-01  0.18862231E+01
  0.84774616E-01  0.18992293E+01
  0.89484317E-01  0.19118816E+01
  0.94194018E-01  0.19241486E+01
  0.98903719E-01  0.19359999E+01
  0.10361342E+00  0.19474064E+01
  0.10832312E+00  0.19583407E+01
  0.11303282E+00  0.19687765E+01
  0.11774252E+00  0.19786890E+01
  0.12245222E+00  0.19880547E+01
  0.12716192E+00  0.19968518E+01
  0.13187163E+00  0.20050596E+01
  0.13658133E+00  0.20126591E+01
  0.14129103E+00  0.20196326E+01
  0.14600073E+00  0.20259642E+01
  0.15071043E+00  0.20316391E+01
  0.15542013E+00  0.20366445E+01
  0.16012983E+00  0.20409688E+01
  0.16483953E+00  0.20446022E+01
  0.16954923E+00  0.20475363E+01
  0.17425893E+00  0.20497645E+01
  0.17896863E+00  0.20512816E+01
  0.18367834E+00  0.20520842E+01
  0.18838804E+00  0.20521703E+01
  0.19309774E+00  0.20515397E+01
  0.19780744E+00  0.20501939E+01
  0.20251714E+00  0.20481358E+01
  0.20722684E+00  0.20453706E+01
  0.21193654E+00  0.20419054E+01
  0.21664624E+00  0.20377522E+01
  0.22135594E+00  0.20329443E+01
  0.22606564E+00  0.20314055E+01
  0.23077534E+00  0.20508638E+01
  0.23548505E+00  0.20705976E+01
  0.24019475E+00  0.20902447E+01
  0.24490445E+00  0.21097772E+01
  0.24961415E+00  0.21291795E+01
  0.25432385E+00  0.21484388E+01
  0.25903355E+00  0.21675440E+01
  0.26374325E+00  0.21864855E+01
  0.26845295E+00  0.22052542E+01
  0.27316265E+00  0.22238419E+01
  0.27787235E+00  0.22422410E+01
  0.28258205E+00  0.22604446E+01
  0.28729176E+00  0.22784459E+01
  0.29200146E+00  0.22962384E+01
  0.29671116E+00  0.23138158E+01
  0.30142086E+00  0.23311720E+01
  0.30613056E+00  0.23483005E+01
  0.31084026E+00  0.23651949E+01
  0.31554996E+00  0.23818485E+01
  0.32025966E+00  0.23982542E+01
  0.32496936E+00  0.24144043E+01
  0.32967906E+00  0.24302909E+01
  0.33438876E+00  0.24459052E+01
  0.33909847E+00  0.24612379E+01
  0.34380817E+00  0.24762789E+01
  0.34851787E+00  0.24910173E+01
  0.35322757E+00  0.25054414E+01
  0.35793727E+00  0.25195387E+01
  0.36264697E+00  0.25332956E+01
  0.36735667E+00  0.25466977E+01
  0.37206637E+00  0.25597298E+01
  0.37677607E+00  0.25723758E+01
  0.38148577E+00  0.25846185E+01
  0.38619547E+00  0.25964403E+01
  0.39090518E+00  0.26078227E+01
  0.39561488E+00  0.26187464E+01
  0.40032458E+00  0.26291919E+01
  0.40503428E+00  0.26391390E+01
  0.40974398E+00  0.26485675E+01
  0.41445368E+00  0.26574569E+01
  0.41916338E+00  0.26657870E+01
  0.42387308E+00  0.26735376E+01
  0.42858278E+00  0.26806893E+01
  0.43329248E+00  0.26872232E+01
  0.43800218E+00  0.26931214E+01
  0.44271189E+00  0.26983672E+01
  0.44742159E+00  0.27029453E+01
  0.45213129E+00  0.27068418E+01
  0.45684099E+00  0.27100448E+01
  0.46155069E+00  0.27125442E+01
  0.46626039E+00  0.27143321E+01
  0.47097009E+00  0.27154029E+01
  0.47567979E+00  0.27157532E+01
  0.48037912E+00  0.27154314E+01
  0.48507844E+00  0.27144968E+01
  0.48977777E+00  0.27129587E+01
  0.49447710E+00  0.27108321E+01
  0.49917642E+00  0.27081373E+01
  0.50387575E+00  0.27048991E+01
  0.50857508E+00  0.27011463E+01
  0.51327440E+00  0.26969107E+01
  0.51797373E+00  0.26922266E+01
  0.52267306E+00  0.26871296E+01
  0.52737238E+00  0.26816562E+01
  0.53207171E+00  0.26758432E+01
  0.53677103E+00  0.26697271E+01
  0.54147036E+00  0.26633435E+01
  0.54616969E+00  0.26567270E+01
  0.55086901E+00  0.26499109E+01
  0.55556834E+00  0.26429270E+01
  0.56026767E+00  0.26358055E+01
  0.56496699E+00  0.26285749E+01
  0.56966632E+00  0.26212621E+01
  0.57436565E+00  0.26138923E+01
  0.57906497E+00  0.26064893E+01
  0.58376430E+00  0.25990751E+01
  0.58846362E+00  0.25916706E+01
  0.59316295E+00  0.25842953E+01
  0.59786228E+00  0.25769676E+01
  0.60256160E+00  0.25697045E+01
  0.60726093E+00  0.25625224E+01
  0.61196026E+00  0.25554368E+01
  0.61665958E+00  0.25484622E+01
  0.62135891E+00  0.25416127E+01
  0.62605824E+00  0.25349017E+01
  0.63075756E+00  0.25283422E+01
  0.63545689E+00  0.25219465E+01
  0.64015621E+00  0.25157268E+01
  0.64485554E+00  0.25096948E+01
  0.64955487E+00  0.25038620E+01
  0.65425419E+00  0.24982392E+01
  0.65895352E+00  0.24928369E+01
  0.66365285E+00  0.24876652E+01
  0.66835217E+00  0.24827333E+01
  0.67305150E+00  0.24780495E+01
  0.67775083E+00  0.24736209E+01
  0.68245015E+00  0.24694534E+01
  0.68714948E+00  0.24655509E+01
  0.69184880E+00  0.24619149E+01
  0.69654813E+00  0.24585447E+01
  0.70124746E+00  0.24554361E+01
  0.70594678E+00  0.24525816E+01
  0.71064611E+00  0.24499701E+01
  0.71534544E+00  0.24475860E+01
  0.72004476E+00  0.24454100E+01
  0.72474409E+00  0.24434185E+01
  0.72944342E+00  0.24415840E+01
  0.73414274E+00  0.24398758E+01
  0.73884207E+00  0.24382606E+01
  0.74354139E+00  0.24367029E+01
  0.74824072E+00  0.24351666E+01
  0.75294005E+00  0.24336152E+01
  0.75763937E+00  0.24320137E+01
  0.76233870E+00  0.24303285E+01
  0.76703803E+00  0.24285292E+01
  0.77173735E+00  0.24265884E+01
  0.77643668E+00  0.24244834E+01
  0.78113601E+00  0.24221959E+01
  0.78583533E+00  0.24197140E+01
  0.79053466E+00  0.24170356E+01
  0.79523398E+00  0.24142030E+01
  0.79993331E+00  0.24144424E+01
  0.80463264E+00  0.24250251E+01
  0.80933196E+00  0.24354315E+01
  0.81403129E+00  0.24453163E+01
  0.81873062E+00  0.24546476E+01
  0.82342994E+00  0.24634101E+01
  0.82812927E+00  0.24715920E+01
  0.83282859E+00  0.24791833E+01
  0.83752792E+00  0.24861749E+01
  0.84222725E+00  0.24925587E+01
  0.84692657E+00  0.24983272E+01
  0.85162590E+00  0.25034739E+01
  0.85632523E+00  0.25079930E+01
  0.86102455E+00  0.25118792E+01
  0.86572388E+00  0.25151282E+01
  0.87042321E+00  0.25177367E+01
  0.87512253E+00  0.25197019E+01
  0.87982186E+00  0.25210221E+01
  0.88452118E+00  0.25216966E+01
  0.88922051E+00  0.25217256E+01
  0.89391984E+00  0.25211107E+01
  0.89861916E+00  0.25198545E+01
  0.90331849E+00  0.25179611E+01
  0.90801782E+00  0.25154361E+01
  0.91271714E+00  0.25122867E+01
  0.91741647E+00  0.25085220E+01
  0.92211580E+00  0.25041529E+01
  0.92681512E+00  0.24991927E+01
  0.93151445E+00  0.24936568E+01
  0.93621377E+00  0.24875634E+01
  0.94091310E+00  0.24809334E+01
  0.94561243E+00  0.24737907E+01
  0.95031175E+00  0.24661626E+01
  0.95501108E+00  0.24580798E+01
  0.95971041E+00  0.24495768E+01
  0.96440973E+00  0.24406924E+01
  0.96910906E+00  0.24314698E+01
  0.97380839E+00  0.24219579E+01
  0.97850771E+00  0.24122135E+01
  0.98320704E+00  0.24023100E+01
  0.98790636E+00  0.23923897E+01
  0.99260569E+00  0.23837258E+01
  0.99730502E+00  0.23889714E+01
  0.10020043E+01  0.23987702E+01
  0.10067037E+01  0.24091841E+01
  0.10114030E+01  0.24199553E+01
  0.10161023E+01  0.24309342E+01
  0.10208016E+01  0.24419734E+01
  0.10255010E+01  0.24529156E+01
  0.10302003E+01  0.24635945E+01
  0.10348996E+01  0.24738413E+01
  0.10395990E+01  0.24834944E+01
  0.10442983E+01  0.24924113E+01
  0.10489976E+01  0.25004797E+01
  0.10536969E+01  0.25076253E+01
  0.10583963E+01  0.25058718E+01
  0.10630956E+01  0.24836970E+01
  0.10677949E+01  0.24644121E+01
  0.10724942E+01  0.24484325E+01
  0.10771936E+01  0.24360707E+01
  0.10818929E+01  0.24274617E+01
  0.10865922E+01  0.24225250E+01
  0.10912915E+01  0.24209954E+01
  0.10959909E+01  0.24224997E+01
  0.11006902E+01  0.24266350E+01
  0.11053895E+01  0.24330210E+01
  0.11100888E+01  0.24413227E+01
  0.11147882E+01  0.24512548E+01
  0.11194875E+01  0.24625762E+01
  0.11241868E+01  0.24750823E+01
  0.11288862E+01  0.24885978E+01
  0.11335855E+01  0.25029685E+01
  0.11382848E+01  0.25180489E+01
  0.11429841E+01  0.25289755E+01
  0.11476835E+01  0.25277637E+01
  0.11523828E+01  0.25264479E+01
  0.11570821E+01  0.25250936E+01
  0.11617814E+01  0.25237155E+01
  0.11664808E+01  0.25223255E+01
  0.11711801E+01  0.25209339E+01
  0.11758794E+01  0.25195503E+01
  0.11805787E+01  0.25181840E+01
  0.11852781E+01  0.25168437E+01
  0.11899774E+01  0.25155376E+01
  0.11946767E+01  0.25142736E+01
  0.11993761E+01  0.25130591E+01
  0.12040754E+01  0.25119012E+01
  0.12087747E+01  0.25108065E+01
  0.12134740E+01  0.25097814E+01
  0.12181734E+01  0.25088315E+01
  0.12228727E+01  0.25079621E+01
  0.12275720E+01  0.25071783E+01
  0.12322713E+01  0.25064842E+01
  0.12369707E+01  0.25058839E+01
  0.12416700E+01  0.25053805E+01
  0.12463693E+01  0.25049769E+01
  0.12510686E+01  0.25046753E+01
  0.12557680E+01  0.25044775E+01
  0.12604673E+01  0.25043844E+01
  0.12651770E+01  0.25037697E+01
  0.12698867E+01  0.25019770E+01
  0.12745964E+01  0.24990153E+01
  0.12793061E+01  0.24948995E+01
  0.12840158E+01  0.24896498E+01
  0.12887255E+01  0.24832918E+01
  0.12934352E+01  0.24758558E+01
  0.12981449E+01  0.24673771E+01
  0.13028546E+01  0.24578946E+01
  0.13075643E+01  0.24474511E+01
  0.13122740E+01  0.24360929E+01
  0.13169837E+01  0.24238686E+01
  0.13216934E+01  0.24108296E+01
  0.13264031E+01  0.23970289E+01
  0.13311128E+01  0.23825211E+01
  0.13358225E+01  0.23673620E+01
  0.13405322E+01  0.23516080E+01
  0.13452419E+01  0.23353162E+01
  0.13499516E+01  0.23185437E+01
  0.13546613E+01  0.23013475E+01
  0.13593710E+01  0.22837844E+01
  0.13640807E+01  0.22659107E+01
  0.13687904E+01  0.22477819E+01
  0.13735001E+01  0.22294530E+01
  0.13782098E+01  0.22109777E+01
  0.13829195E+01  0.21924091E+01
  0.13876292E+01  0.21737989E+01
  0.13923389E+01  0.21551977E+01
  0.13970486E+01  0.21366550E+01
  0.14017583E+01  0.21182191E+01
  0.14064680E+01  0.20999367E+01
  0.14111777E+01  0.20818534E+01
  0.14158874E+01  0.20640134E+01
  0.14205971E+01  0.20464594E+01
  0.14253068E+01  0.20292329E+01
  0.14300165E+01  0.20123736E+01
  0.14347262E+01  0.19959200E+01
  0.14394359E+01  0.19799087E+01
  0.14441456E+01  0.19643750E+01
  0.14488553E+01  0.19493522E+01
  0.14535650E+01  0.19348720E+01
  0.14582747E+01  0.19209642E+01
  0.14629844E+01  0.19076567E+01
  0.14676941E+01  0.18949754E+01
  0.14724038E+01  0.18829447E+01
  0.14771135E+01  0.18715897E+01
  0.14818232E+01  0.18609624E+01
  0.14865329E+01  0.18556906E+01
  0.14912426E+01  0.18570284E+01
  0.14959523E+01  0.18585853E+01
  0.15006620E+01  0.18603019E+01
  0.15053717E+01  0.18621694E+01
  0.15100814E+01  0.18641828E+01
  0.15147911E+01  0.18663379E+01
  0.15195008E+01  0.18686307E+01
  0.15242105E+01  0.18710570E+01
  0.15289202E+01  0.18736127E+01
  0.15336299E+01  0.18762935E+01
  0.15383396E+01  0.18790951E+01
  0.15430493E+01  0.18820131E+01
  0.15477590E+01  0.18850429E+01
  0.15524687E+01  0.18881799E+01
  0.15571785E+01  0.18914192E+01
  0.15618882E+01  0.18947558E+01
  0.15665979E+01  0.18981841E+01
  0.15713076E+01  0.19016985E+01
  0.15760173E+01  0.19052925E+01
  0.15807270E+01  0.19089592E+01
  0.15854367E+01  0.19126906E+01
  0.15901464E+01  0.19164776E+01
  0.15948561E+01  0.19203100E+01
  0.15995658E+01  0.19241756E+01
  0.16042755E+01  0.19280604E+01
  0.16089852E+01  0.19319478E+01
  0.16136949E+01  0.19358186E+01
  0.16184046E+01  0.19396500E+01
  0.16231143E+01  0.19434158E+01
  0.16278240E+01  0.19470853E+01
  0.16325337E+01  0.19506236E+01
  0.16372434E+01  0.19539909E+01
  0.16419531E+01  0.19571428E+01
  0.16466628E+01  0.19600308E+01
  0.16513725E+01  0.19626030E+01
  0.16560822E+01  0.19648055E+01
  0.16607919E+01  0.19665849E+01
  0.16655016E+01  0.19678906E+01
  0.16702113E+01  0.19686780E+01
  0.16749210E+01  0.19689119E+01
  0.16796307E+01  0.19685696E+01
  0.16843404E+01  0.19676427E+01
  0.16890501E+01  0.19661384E+01
  0.16937598E+01  0.19640789E+01
  0.16984695E+01  0.19615002E+01
  0.17031792E+01  0.19584489E+01
  0.17078889E+01  0.19549796E+01
  0.17125986E+01  0.19511517E+01
  0.17173083E+01  0.19470272E+01
  0.17220180E+01  0.19426714E+01
  0.17267277E+01  0.19381615E+01
  0.17314374E+01  0.19336479E+01
  0.17361471E+01  0.19302534E+01
  0.17408464E+01  0.19305948E+01
  0.17455457E+01  0.19317387E+01
  0.17502451E+01  0.19336833E+01
  0.17549444E+01  0.19364229E+01
  0.17596437E+01  0.19399501E+01
  0.17643430E+01  0.19442567E+01
  0.17690424E+01  0.19493359E+01
  0.17737417E+01  0.19551820E+01
  0.17784410E+01  0.19617908E+01
  0.17831403E+01  0.19691593E+01
  0.17878397E+01  0.19772855E+01
  0.17925390E+01  0.19861678E+01
  0.17972383E+01  0.19958052E+01
  0.18019377E+01  0.20061965E+01
  0.18066370E+01  0.20173402E+01
  0.18113363E+01  0.20292346E+01
  0.18160356E+01  0.20418771E+01
  0.18207350E+01  0.20552640E+01
  0.18254343E+01  0.20693907E+01
  0.18301336E+01  0.20842508E+01
  0.18348329E+01  0.20998362E+01
  0.18395323E+01  0.21161365E+01
  0.18442316E+01  0.21331385E+01
  0.18489309E+01  0.21508255E+01
  0.18536302E+01  0.21691767E+01
  0.18583296E+01  0.21881654E+01
  0.18630289E+01  0.22077579E+01
  0.18677282E+01  0.22279111E+01
  0.18724275E+01  0.22485692E+01
  0.18771269E+01  0.22696607E+01
  0.18818262E+01  0.22910928E+01
  0.18865255E+01  0.23127464E+01
  0.18912249E+01  0.23344713E+01
  0.18959242E+01  0.23560838E+01
  0.19006235E+01  0.23773747E+01
  0.19053228E+01  0.23981327E+01
  0.19100222E+01  0.24181568E+01
  0.19147215E+01  0.24371983E+01
  0.19194208E+01  0.24549648E+01
  0.19241201E+01  0.24712437E+01
  0.19288195E+01  0.24859488E+01
  0.19335188E+01  0.24990989E+01
  0.19382181E+01  0.25107799E+01
  0.19429174E+01  0.25211081E+01
  0.19476168E+01  0.25302037E+01
  0.19523161E+01  0.25381761E+01
  0.19570154E+01  0.25451180E+01
  0.19617147E+01  0.25511052E+01
  0.19664141E+01  0.25561984E+01
  0.19711134E+01  0.25604472E+01
  0.19758127E+01  0.25638924E+01
  0.19805121E+01  0.25665689E+01
  0.19852114E+01  0.25685078E+01
  0.19899107E+01  0.25697375E+01
  0.19946100E+01  0.25702854E+01
  0.19993094E+01  0.25701781E+01
  0.20040087E+01  0.25694419E+01
  0.20087080E+01  0.25681029E+01
  0.20134073E+01  0.25661874E+01
  0.20181067E+01  0.25637215E+01
  0.20228060E+01  0.25607311E+01
  0.20275053E+01  0.25572418E+01
  0.20322046E+01  0.25532790E+01
  0.20369040E+01  0.25488671E+01
  0.20416033E+01  0.25440300E+01
  0.20463026E+01  0.25387909E+01
  0.20510020E+01  0.25331718E+01
  0.20557013E+01  0.25271940E+01
  0.20604006E+01  0.25208775E+01
  0.20650999E+01  0.25142416E+01
  0.20697993E+01  0.25073043E+01
  0.20744986E+01  0.25000826E+01
  0.20791979E+01  0.24925926E+01
  0.20838972E+01  0.24848491E+01
  0.20885966E+01  0.24768661E+01
  0.20932959E+01  0.24686568E+01
  0.20979952E+01  0.24602332E+01
  0.21026945E+01  0.24516067E+01
  0.21073939E+01  0.24427875E+01
  0.21120932E+01  0.24337854E+01
  0.21167925E+01  0.24246093E+01
  0.21214918E+01  0.24152672E+01
  0.21261912E+01  0.24057668E+01
  0.21308905E+01  0.23961148E+01
  0.21355898E+01  0.23863176E+01
  0.21402892E+01  0.23763808E+01
  0.21449885E+01  0.23663097E+01
  0.21496878E+01  0.23561090E+01
  0.21543871E+01  0.23457831E+01
  0.21590865E+01  0.23353358E+01
  0.21637858E+01  0.23247706E+01
  0.21684851E+01  0.23140906E+01
  0.21731844E+01  0.23032988E+01
  0.21778838E+01  0.22923977E+01
  0.21825831E+01  0.22813895E+01
  0.21872824E+01  0.22702763E+01
  0.21919817E+01  0.22590599E+01
  0.21966811E+01  0.22477421E+01
  0.22013804E+01  0.22363243E+01
  0.22060797E+01  0.22248083E+01
  0.22107790E+01  0.22131955E+01
  0.22154784E+01  0.22014876E+01
  0.22201777E+01  0.21896868E+01
  0.22248770E+01  0.21777950E+01
  0.22295764E+01  0.21658150E+01
  0.22342757E+01  0.21537499E+01
  0.22389750E+01  0.21416033E+01
  0.22436743E+01  0.21293794E+01
  0.22483737E+01  0.21170832E+01
  0.22530730E+01  0.21047204E+01
  0.22577723E+01  0.20922975E+01
  0.22624716E+01  0.20798220E+01
  0.22671710E+01  0.20673019E+01
  0.22718703E+01  0.20547466E+01
  0.22765696E+01  0.20421660E+01
  0.22812689E+01  0.20295715E+01
  0.22859683E+01  0.20169749E+01
  0.22906676E+01  0.20043895E+01
  0.22953669E+01  0.19918295E+01
  0.23000662E+01  0.19793099E+01
  0.23047656E+01  0.19668472E+01
  0.23094649E+01  0.19544583E+01
  0.23141642E+01  0.19421614E+01
  0.23188636E+01  0.19299753E+01
  0.23235629E+01  0.19179189E+01
  0.23282622E+01  0.19060112E+01
  0.23329615E+01  0.18942705E+01
  0.23376609E+01  0.18827138E+01
  0.23423602E+01  0.18713565E+01
  0.23470595E+01  0.18602122E+01
  0.23517588E+01  0.18492927E+01
  0.23564582E+01  0.18386085E+01
  0.23611575E+01  0.18281690E+01
  0.23658568E+01  0.18179827E+01
  0.23705561E+01  0.18080576E+01
  0.23752555E+01  0.17984012E+01
  0.23799548E+01  0.17890206E+01
  0.23846541E+01  0.17799225E+01
  0.23893534E+01  0.17711128E+01
  0.23940528E+01  0.17625972E+01
  0.23987521E+01  0.17543806E+01
  0.24034514E+01  0.17464674E+01
  0.24081508E+01  0.17388614E+01
  0.24128501E+01  0.17315657E+01
  0.24175494E+01  0.17245829E+01
  0.24222487E+01  0.17179147E+01
  0.24269481E+01  0.17115626E+01
  0.24316474E+01  0.17055273E+01
  0.24363467E+01  0.16998091E+01
  0.24410460E+01  0.16944080E+01
  0.24457454E+01  0.16893232E+01
  0.24504447E+01  0.16845538E+01
  0.24551440E+01  0.16800986E+01
  0.24598433E+01  0.16759562E+01
  0.24645427E+01  0.16721248E+01
  0.24692420E+01  0.16686029E+01
  0.24739413E+01  0.16653886E+01
  0.24786406E+01  0.16624804E+01
  0.24833400E+01  0.16598769E+01
  0.24880393E+01  0.16575767E+01
  0.24927386E+01  0.16555794E+01
  0.24974380E+01  0.16538844E+01
  0.25021373E+01  0.16524923E+01
  0.25068366E+01  0.16514037E+01
  0.25115359E+01  0.16506202E+01
  0.25162353E+01  0.16501435E+01
  0.25209346E+01  0.16499755E+01
  
  0.00000000E+00  0.20613566E+01
  0.47097009E-02  0.20541618E+01
  0.94194018E-02  0.20436178E+01
  0.14129103E-01  0.20329978E+01
  0.18838804E-01  0.20226530E+01
  0.23548505E-01  0.20126969E+01
  0.28258205E-01  0.20032014E+01
  0.32967906E-01  0.19942301E+01
  0.37677607E-01  0.19858475E+01
  0.42387308E-01  0.19781230E+01
  0.47097009E-01  0.19711324E+01
  0.51806710E-01  0.19649598E+01
  0.56516411E-01  0.19596990E+01
  0.61226112E-01  0.19554537E+01
  0.65935813E-01  0.19523389E+01
  0.70645514E-01  0.19504807E+01
  0.75355215E-01  0.19500157E+01
  0.80064916E-01  0.19510897E+01
  0.84774616E-01  0.19538548E+01
  0.89484317E-01  0.19584649E+01
  0.94194018E-01  0.19650697E+01
  0.98903719E-01  0.19738073E+01
  0.10361342E+00  0.19847953E+01
  0.10832312E+00  0.19981225E+01
  0.11303282E+00  0.20138410E+01
  0.11774252E+00  0.20319613E+01
  0.12245222E+00  0.20524505E+01
  0.12716192E+00  0.20752337E+01
  0.13187163E+00  0.21001985E+01
  0.13658133E+00  0.21272023E+01
  0.14129103E+00  0.21560797E+01
  0.14600073E+00  0.21866497E+01
  0.15071043E+00  0.22187222E+01
  0.15542013E+00  0.22521029E+01
  0.16012983E+00  0.22865962E+01
  0.16483953E+00  0.23220070E+01
  0.16954923E+00  0.23581416E+01
  0.17425893E+00  0.23948070E+01
  0.17896863E+00  0.24318102E+01
  0.18367834E+00  0.24689561E+01
  0.18838804E+00  0.25060456E+01
  0.19309774E+00  0.25428703E+01
  0.19780744E+00  0.25792023E+01
  0.20251714E+00  0.26147584E+01
  0.20722684E+00  0.26490368E+01
  0.21193654E+00  0.26801773E+01
  0.21664624E+00  0.27026196E+01
  0.22135594E+00  0.27197069E+01
  0.22606564E+00  0.27358636E+01
  0.23077534E+00  0.27518666E+01
  0.23548505E+00  0.27678862E+01
  0.24019475E+00  0.27839769E+01
  0.24490445E+00  0.28001591E+01
  0.24961415E+00  0.28164395E+01
  0.25432385E+00  0.28328180E+01
  0.25903355E+00  0.28492903E+01
  0.26374325E+00  0.28658487E+01
  0.26845295E+00  0.28824827E+01
  0.27316265E+00  0.28991794E+01
  0.27787235E+00  0.29159227E+01
  0.28258205E+00  0.29326930E+01
  0.28729176E+00  0.29494627E+01
  0.29200146E+00  0.29661687E+01
  0.29671116E+00  0.29815414E+01
  0.30142086E+00  0.29821482E+01
  0.30613056E+00  0.29797539E+01
  0.31084026E+00  0.29761881E+01
  0.31554996E+00  0.29716223E+01
  0.32025966E+00  0.29661842E+01
  0.32496936E+00  0.29599885E+01
  0.32967906E+00  0.29531415E+01
  0.33438876E+00  0.29457418E+01
  0.33909847E+00  0.29378815E+01
  0.34380817E+00  0.29296461E+01
  0.34851787E+00  0.29211150E+01
  0.35322757E+00  0.29123622E+01
  0.35793727E+00  0.29034563E+01
  0.36264697E+00  0.28944611E+01
  0.36735667E+00  0.28854361E+01
  0.37206637E+00  0.28764366E+01
  0.37677607E+00  0.28675140E+01
  0.38148577E+00  0.28587163E+01
  0.38619547E+00  0.28500883E+01
  0.39090518E+00  0.28416715E+01
  0.39561488E+00  0.28335046E+01
  0.40032458E+00  0.28256238E+01
  0.40503428E+00  0.28180623E+01
  0.40974398E+00  0.28108513E+01
  0.41445368E+00  0.28040191E+01
  0.41916338E+00  0.27975923E+01
  0.42387308E+00  0.27915948E+01
  0.42858278E+00  0.27860485E+01
  0.43329248E+00  0.27809732E+01
  0.43800218E+00  0.27763867E+01
  0.44271189E+00  0.27723047E+01
  0.44742159E+00  0.27687410E+01
  0.45213129E+00  0.27657073E+01
  0.45684099E+00  0.27632135E+01
  0.46155069E+00  0.27612677E+01
  0.46626039E+00  0.27598761E+01
  0.47097009E+00  0.27590430E+01
  0.47567979E+00  0.27587711E+01
  0.48037912E+00  0.27592991E+01
  0.48507844E+00  0.27608878E+01
  0.48977777E+00  0.27635330E+01
  0.49447710E+00  0.27672277E+01
  0.49917642E+00  0.27719622E+01
  0.50387575E+00  0.27777242E+01
  0.50857508E+00  0.27844987E+01
  0.51327440E+00  0.27922686E+01
  0.51797373E+00  0.28010140E+01
  0.52267306E+00  0.28107131E+01
  0.52737238E+00  0.28213419E+01
  0.53207171E+00  0.28328747E+01
  0.53677103E+00  0.28452838E+01
  0.54147036E+00  0.28585398E+01
  0.54616969E+00  0.28726122E+01
  0.55086901E+00  0.28874689E+01
  0.55556834E+00  0.29030765E+01
  0.56026767E+00  0.29194009E+01
  0.56496699E+00  0.29364067E+01
  0.56966632E+00  0.29540581E+01
  0.57436565E+00  0.29723182E+01
  0.57906497E+00  0.29911498E+01
  0.58376430E+00  0.30105151E+01
  0.58846362E+00  0.30303760E+01
  0.59316295E+00  0.30506940E+01
  0.59786228E+00  0.30714306E+01
  0.60256160E+00  0.30925469E+01
  0.60726093E+00  0.31140041E+01
  0.61196026E+00  0.31357634E+01
  0.61665958E+00  0.31577860E+01
  0.62135891E+00  0.31800335E+01
  0.62605824E+00  0.32024672E+01
  0.63075756E+00  0.32250492E+01
  0.63545689E+00  0.32477416E+01
  0.64015621E+00  0.32705069E+01
  0.64485554E+00  0.32933081E+01
  0.64955487E+00  0.33161085E+01
  0.65425419E+00  0.33388723E+01
  0.65895352E+00  0.33615638E+01
  0.66365285E+00  0.33841482E+01
  0.66835217E+00  0.34065912E+01
  0.67305150E+00  0.34288591E+01
  0.67775083E+00  0.34447001E+01
  0.68245015E+00  0.34388667E+01
  0.68714948E+00  0.34328817E+01
  0.69184880E+00  0.34267896E+01
  0.69654813E+00  0.34206304E+01
  0.70124746E+00  0.34144409E+01
  0.70594678E+00  0.34082544E+01
  0.71064611E+00  0.34021010E+01
  0.71534544E+00  0.33960071E+01
  0.72004476E+00  0.33899954E+01
  0.72474409E+00  0.33840850E+01
  0.72944342E+00  0.33782911E+01
  0.73414274E+00  0.33726249E+01
  0.73884207E+00  0.33670936E+01
  0.74354139E+00  0.33617002E+01
  0.74824072E+00  0.33564437E+01
  0.75294005E+00  0.33513185E+01
  0.75763937E+00  0.33463151E+01
  0.76233870E+00  0.33414196E+01
  0.76703803E+00  0.33366141E+01
  0.77173735E+00  0.33318767E+01
  0.77643668E+00  0.33271816E+01
  0.78113601E+00  0.33224997E+01
  0.78583533E+00  0.33177987E+01
  0.79053466E+00  0.33130432E+01
  0.79523398E+00  0.33081957E+01
  0.79993331E+00  0.33032167E+01
  0.80463264E+00  0.32980651E+01
  0.80933196E+00  0.32926991E+01
  0.81403129E+00  0.32870763E+01
  0.81873062E+00  0.32811546E+01
  0.82342994E+00  0.32748926E+01
  0.82812927E+00  0.32682502E+01
  0.83282859E+00  0.32611891E+01
  0.83752792E+00  0.32536735E+01
  0.84222725E+00  0.32456705E+01
  0.84692657E+00  0.32371506E+01
  0.85162590E+00  0.32280885E+01
  0.85632523E+00  0.32184633E+01
  0.86102455E+00  0.32082589E+01
  0.86572388E+00  0.31974648E+01
  0.87042321E+00  0.31860763E+01
  0.87512253E+00  0.31740950E+01
  0.87982186E+00  0.31615290E+01
  0.88452118E+00  0.31483933E+01
  0.88922051E+00  0.31347101E+01
  0.89391984E+00  0.31205088E+01
  0.89861916E+00  0.31058264E+01
  0.90331849E+00  0.30907069E+01
  0.90801782E+00  0.30752020E+01
  0.91271714E+00  0.30593700E+01
  0.91741647E+00  0.30432759E+01
  0.92211580E+00  0.30269909E+01
  0.92681512E+00  0.30105912E+01
  0.93151445E+00  0.29941578E+01
  0.93621377E+00  0.29777750E+01
  0.94091310E+00  0.29615296E+01
  0.94561243E+00  0.29455099E+01
  0.95031175E+00  0.29298040E+01
  0.95501108E+00  0.29144993E+01
  0.95971041E+00  0.28996810E+01
  0.96440973E+00  0.28854317E+01
  0.96910906E+00  0.28718304E+01
  0.97380839E+00  0.28589527E+01
  0.97850771E+00  0.28468707E+01
  0.98320704E+00  0.28356533E+01
  0.98790636E+00  0.28253679E+01
  0.99260569E+00  0.28160808E+01
  0.99730502E+00  0.28078601E+01
  0.10020043E+01  0.28007768E+01
  0.10067037E+01  0.27949074E+01
  0.10114030E+01  0.27903348E+01
  0.10161023E+01  0.27819894E+01
  0.10208016E+01  0.27471259E+01
  0.10255010E+01  0.27129504E+01
  0.10302003E+01  0.26795939E+01
  0.10348996E+01  0.26471854E+01
  0.10395990E+01  0.26158759E+01
  0.10442983E+01  0.25858461E+01
  0.10489976E+01  0.25573163E+01
  0.10536969E+01  0.25305577E+01
  0.10583963E+01  0.25138446E+01
  0.10630956E+01  0.25190942E+01
  0.10677949E+01  0.25234614E+01
  0.10724942E+01  0.25270057E+01
  0.10771936E+01  0.25298087E+01
  0.10818929E+01  0.25319570E+01
  0.10865922E+01  0.25335356E+01
  0.10912915E+01  0.25346234E+01
  0.10959909E+01  0.25352913E+01
  0.11006902E+01  0.25356015E+01
  0.11053895E+01  0.25356080E+01
  0.11100888E+01  0.25353568E+01
  0.11147882E+01  0.25348873E+01
  0.11194875E+01  0.25342333E+01
  0.11241868E+01  0.25334236E+01
  0.11288862E+01  0.25324834E+01
  0.11335855E+01  0.25314359E+01
  0.11382848E+01  0.25303111E+01
  0.11429841E+01  0.25338685E+01
  0.11476835E+01  0.25499978E+01
  0.11523828E+01  0.25665765E+01
  0.11570821E+01  0.25834566E+01
  0.11617814E+01  0.26005446E+01
  0.11664808E+01  0.26177527E+01
  0.11711801E+01  0.26349961E+01
  0.11758794E+01  0.26521917E+01
  0.11805787E+01  0.26692563E+01
  0.11852781E+01  0.26861064E+01
  0.11899774E+01  0.27026573E+01
  0.11946767E+01  0.27188220E+01
  0.11993761E+01  0.27345111E+01
  0.12040754E+01  0.27496323E+01
  0.12087747E+01  0.27640898E+01
  0.12134740E+01  0.27777848E+01
  0.12181734E+01  0.27906157E+01
  0.12228727E+01  0.28024792E+01
  0.12275720E+01  0.28132711E+01
  0.12322713E+01  0.28228888E+01
  0.12369707E+01  0.28312332E+01
  0.12416700E+01  0.28382122E+01
  0.12463693E+01  0.28437436E+01
  0.12510686E+01  0.28477586E+01
  0.12557680E+01  0.28502053E+01
  0.12604673E+01  0.28510510E+01
  0.12651770E+01  0.28512745E+01
  0.12698867E+01  0.28519830E+01
  0.12745964E+01  0.28531683E+01
  0.12793061E+01  0.28548161E+01
  0.12840158E+01  0.28569070E+01
  0.12887255E+01  0.28594163E+01
  0.12934352E+01  0.28623149E+01
  0.12981449E+01  0.28655695E+01
  0.13028546E+01  0.28691430E+01
  0.13075643E+01  0.28729954E+01
  0.13122740E+01  0.28770840E+01
  0.13169837E+01  0.28813643E+01
  0.13216934E+01  0.28857902E+01
  0.13264031E+01  0.28903147E+01
  0.13311128E+01  0.28948902E+01
  0.13358225E+01  0.28994693E+01
  0.13405322E+01  0.29040047E+01
  0.13452419E+01  0.29084496E+01
  0.13499516E+01  0.29127586E+01
  0.13546613E+01  0.29168872E+01
  0.13593710E+01  0.29207923E+01
  0.13640807E+01  0.29244327E+01
  0.13687904E+01  0.29277687E+01
  0.13735001E+01  0.29307626E+01
  0.13782098E+01  0.29333789E+01
  0.13829195E+01  0.29355839E+01
  0.13876292E+01  0.29373465E+01
  0.13923389E+01  0.29386374E+01
  0.13970486E+01  0.29394299E+01
  0.14017583E+01  0.29396994E+01
  0.14064680E+01  0.29394237E+01
  0.14111777E+01  0.29385831E+01
  0.14158874E+01  0.29371601E+01
  0.14205971E+01  0.29351395E+01
  0.14253068E+01  0.29325086E+01
  0.14300165E+01  0.29292569E+01
  0.14347262E+01  0.29253764E+01
  0.14394359E+01  0.29208611E+01
  0.14441456E+01  0.29157076E+01
  0.14488553E+01  0.29099147E+01
  0.14535650E+01  0.29034832E+01
  0.14582747E+01  0.28964163E+01
  0.14629844E+01  0.28887194E+01
  0.14676941E+01  0.28803998E+01
  0.14724038E+01  0.28714671E+01
  0.14771135E+01  0.28619327E+01
  0.14818232E+01  0.28518103E+01
  0.14865329E+01  0.28411151E+01
  0.14912426E+01  0.28298646E+01
  0.14959523E+01  0.28180779E+01
  0.15006620E+01  0.28057758E+01
  0.15053717E+01  0.27929810E+01
  0.15100814E+01  0.27797176E+01
  0.15147911E+01  0.27660116E+01
  0.15195008E+01  0.27518901E+01
  0.15242105E+01  0.27373821E+01
  0.15289202E+01  0.27225178E+01
  0.15336299E+01  0.27073286E+01
  0.15383396E+01  0.26918474E+01
  0.15430493E+01  0.26761084E+01
  0.15477590E+01  0.26601467E+01
  0.15524687E+01  0.26439990E+01
  0.15571785E+01  0.26277028E+01
  0.15618882E+01  0.26112970E+01
  0.15665979E+01  0.25948214E+01
  0.15713076E+01  0.25783172E+01
  0.15760173E+01  0.25618269E+01
  0.15807270E+01  0.25453939E+01
  0.15854367E+01  0.25290634E+01
  0.15901464E+01  0.25128819E+01
  0.15948561E+01  0.24968976E+01
  0.15995658E+01  0.24811606E+01
  0.16042755E+01  0.24657232E+01
  0.16089852E+01  0.24506399E+01
  0.16136949E+01  0.24359679E+01
  0.16184046E+01  0.24217675E+01
  0.16231143E+01  0.24081022E+01
  0.16278240E+01  0.23950391E+01
  0.16325337E+01  0.23826491E+01
  0.16372434E+01  0.23710068E+01
  0.16419531E+01  0.23601904E+01
  0.16466628E+01  0.23502811E+01
  0.16513725E+01  0.23413621E+01
  0.16560822E+01  0.23335168E+01
  0.16607919E+01  0.23268269E+01
  0.16655016E+01  0.23213692E+01
  0.16702113E+01  0.23172122E+01
  0.16749210E+01  0.23144132E+01
  0.16796307E+01  0.23130149E+01
  0.16843404E+01  0.23130431E+01
  0.16890501E+01  0.23145056E+01
  0.16937598E+01  0.23173926E+01
  0.16984695E+01  0.23216783E+01
  0.17031792E+01  0.23273236E+01
  0.17078889E+01  0.23342792E+01
  0.17125986E+01  0.23424892E+01
  0.17173083E+01  0.23518938E+01
  0.17220180E+01  0.23624322E+01
  0.17267277E+01  0.23740445E+01
  0.17314374E+01  0.23866716E+01
  0.17361471E+01  0.24001197E+01
  0.17408464E+01  0.24000353E+01
  0.17455457E+01  0.24001564E+01
  0.17502451E+01  0.24004940E+01
  0.17549444E+01  0.24010546E+01
  0.17596437E+01  0.24018429E+01
  0.17643430E+01  0.24028629E+01
  0.17690424E+01  0.24041187E+01
  0.17737417E+01  0.24056145E+01
  0.17784410E+01  0.24073546E+01
  0.17831403E+01  0.24093435E+01
  0.17878397E+01  0.24115861E+01
  0.17925390E+01  0.24140877E+01
  0.17972383E+01  0.24168538E+01
  0.18019377E+01  0.24198902E+01
  0.18066370E+01  0.24232034E+01
  0.18113363E+01  0.24268000E+01
  0.18160356E+01  0.24306875E+01
  0.18207350E+01  0.24348735E+01
  0.18254343E+01  0.24393669E+01
  0.18301336E+01  0.24441769E+01
  0.18348329E+01  0.24493141E+01
  0.18395323E+01  0.24547904E+01
  0.18442316E+01  0.24606194E+01
  0.18489309E+01  0.24668172E+01
  0.18536302E+01  0.24734030E+01
  0.18583296E+01  0.24804007E+01
  0.18630289E+01  0.24878399E+01
  0.18677282E+01  0.24957585E+01
  0.18724275E+01  0.25042060E+01
  0.18771269E+01  0.25132469E+01
  0.18818262E+01  0.25229665E+01
  0.18865255E+01  0.25334766E+01
  0.18912249E+01  0.25449225E+01
  0.18959242E+01  0.25574883E+01
  0.19006235E+01  0.25713985E+01
  0.19053228E+01  0.25869095E+01
  0.19100222E+01  0.26042883E+01
  0.19147215E+01  0.26237736E+01
  0.19194208E+01  0.26455275E+01
  0.19241201E+01  0.26695873E+01
  0.19288195E+01  0.26958353E+01
  0.19335188E+01  0.27240814E+01
  0.19382181E+01  0.27542306E+01
  0.19429174E+01  0.27861972E+01
  0.19476168E+01  0.28198372E+01
  0.19523161E+01  0.28549825E+01
  0.19570154E+01  0.28914636E+01
  0.19617147E+01  0.29291159E+01
  0.19664141E+01  0.29677793E+01
  0.19711134E+01  0.30072955E+01
  0.19758127E+01  0.30475041E+01
  0.19805121E+01  0.30882397E+01
  0.19852114E+01  0.31293285E+01
  0.19899107E+01  0.31705854E+01
  0.19946100E+01  0.32118114E+01
  0.19993094E+01  0.32527920E+01
  0.20040087E+01  0.32932956E+01
  0.20087080E+01  0.33330728E+01
  0.20134073E+01  0.33718574E+01
  0.20181067E+01  0.34093688E+01
  0.20228060E+01  0.34453161E+01
  0.20275053E+01  0.34794055E+01
  0.20322046E+01  0.35113493E+01
  0.20369040E+01  0.35408770E+01
  0.20416033E+01  0.35677479E+01
  0.20463026E+01  0.35917619E+01
  0.20510020E+01  0.36127692E+01
  0.20557013E+01  0.36306751E+01
  0.20604006E+01  0.36454424E+01
  0.20650999E+01  0.36570882E+01
  0.20697993E+01  0.36656795E+01
  0.20744986E+01  0.36713256E+01
  0.20791979E+01  0.36741704E+01
  0.20838972E+01  0.36743837E+01
  0.20885966E+01  0.36721526E+01
  0.20932959E+01  0.36676733E+01
  0.20979952E+01  0.36611431E+01
  0.21026945E+01  0.36527543E+01
  0.21073939E+01  0.36426888E+01
  0.21120932E+01  0.36311145E+01
  0.21167925E+01  0.36181831E+01
  0.21214918E+01  0.36040297E+01
  0.21261912E+01  0.35887724E+01
  0.21308905E+01  0.35725144E+01
  0.21355898E+01  0.35553446E+01
  0.21402892E+01  0.35373399E+01
  0.21449885E+01  0.35185672E+01
  0.21496878E+01  0.34990846E+01
  0.21543871E+01  0.34789431E+01
  0.21590865E+01  0.34581880E+01
  0.21637858E+01  0.34368595E+01
  0.21684851E+01  0.34149941E+01
  0.21731844E+01  0.33926248E+01
  0.21778838E+01  0.33697820E+01
  0.21825831E+01  0.33464941E+01
  0.21872824E+01  0.33227882E+01
  0.21919817E+01  0.32986902E+01
  0.21966811E+01  0.32742255E+01
  0.22013804E+01  0.32494194E+01
  0.22060797E+01  0.32242970E+01
  0.22107790E+01  0.31988840E+01
  0.22154784E+01  0.31732065E+01
  0.22201777E+01  0.31472911E+01
  0.22248770E+01  0.31211653E+01
  0.22295764E+01  0.30948571E+01
  0.22342757E+01  0.30683954E+01
  0.22389750E+01  0.30418097E+01
  0.22436743E+01  0.30151299E+01
  0.22483737E+01  0.29883868E+01
  0.22530730E+01  0.29616113E+01
  0.22577723E+01  0.29348345E+01
  0.22624716E+01  0.29080878E+01
  0.22671710E+01  0.28814023E+01
  0.22718703E+01  0.28548091E+01
  0.22765696E+01  0.28283383E+01
  0.22812689E+01  0.28020197E+01
  0.22859683E+01  0.27758817E+01
  0.22906676E+01  0.27499513E+01
  0.22953669E+01  0.27242535E+01
  0.23000662E+01  0.26988106E+01
  0.23047656E+01  0.26736413E+01
  0.23094649E+01  0.26487605E+01
  0.23141642E+01  0.26241787E+01
  0.23188636E+01  0.25999042E+01
  0.23235629E+01  0.25759479E+01
  0.23282622E+01  0.25523282E+01
  0.23329615E+01  0.25290729E+01
  0.23376609E+01  0.25062158E+01
  0.23423602E+01  0.24837907E+01
  0.23470595E+01  0.24618285E+01
  0.23517588E+01  0.24403557E+01
  0.23564582E+01  0.24193948E+01
  0.23611575E+01  0.23989647E+01
  0.23658568E+01  0.23790818E+01
  0.23705561E+01  0.23597599E+01
  0.23752555E+01  0.23410111E+01
  0.23799548E+01  0.23228455E+01
  0.23846541E+01  0.23052722E+01
  0.23893534E+01  0.22882987E+01
  0.23940528E+01  0.22719315E+01
  0.23987521E+01  0.22561760E+01
  0.24034514E+01  0.22410366E+01
  0.24081508E+01  0.22265169E+01
  0.24128501E+01  0.22126198E+01
  0.24175494E+01  0.21993473E+01
  0.24222487E+01  0.21867008E+01
  0.24269481E+01  0.21746809E+01
  0.24316474E+01  0.21632877E+01
  0.24363467E+01  0.21525205E+01
  0.24410460E+01  0.21423783E+01
  0.24457454E+01  0.21328591E+01
  0.24504447E+01  0.21239605E+01
  0.24551440E+01  0.21156796E+01
  0.24598433E+01  0.21080124E+01
  0.24645427E+01  0.21009548E+01
  0.24692420E+01  0.20945015E+01
  0.24739413E+01  0.20886467E+01
  0.24786406E+01  0.20833839E+01
  0.24833400E+01  0.20787059E+01
  0.24880393E+01  0.20746048E+01
  0.24927386E+01  0.20710721E+01
  0.24974380E+01  0.20680992E+01
  0.25021373E+01  0.20656774E+01
  0.25068366E+01  0.20637985E+01
  0.25115359E+01  0.20624553E+01
  0.25162353E+01  0.20616424E+01
  0.25209346E+01  0.20613566E+01
  
  0.00000000E+00  0.20734220E+01
  0.47097009E-02  0.20808883E+01
  0.94194018E-02  0.20922854E+01
  0.14129103E-01  0.21043487E+01
  0.18838804E-01  0.21167420E+01
  0.23548505E-01  0.21293728E+01
  0.28258205E-01  0.21421966E+01
  0.32967906E-01  0.21551845E+01
  0.37677607E-01  0.21683143E+01
  0.42387308E-01  0.21815674E+01
  0.47097009E-01  0.21949282E+01
  0.51806710E-01  0.22083825E+01
  0.56516411E-01  0.22219180E+01
  0.61226112E-01  0.22355235E+01
  0.65935813E-01  0.22491891E+01
  0.70645514E-01  0.22629063E+01
  0.75355215E-01  0.22766672E+01
  0.80064916E-01  0.22904654E+01
  0.84774616E-01  0.23042951E+01
  0.89484317E-01  0.23181517E+01
  0.94194018E-01  0.23320315E+01
  0.98903719E-01  0.23459316E+01
  0.10361342E+00  0.23598500E+01
  0.10832312E+00  0.23737857E+01
  0.11303282E+00  0.23877384E+01
  0.11774252E+00  0.24017086E+01
  0.12245222E+00  0.24156978E+01
  0.12716192E+00  0.24297079E+01
  0.13187163E+00  0.24437418E+01
  0.13658133E+00  0.24578030E+01
  0.14129103E+00  0.24718958E+01
  0.14600073E+00  0.24860248E+01
  0.15071043E+00  0.25001955E+01
  0.15542013E+00  0.25144139E+01
  0.16012983E+00  0.25286865E+01
  0.16483953E+00  0.25430204E+01
  0.16954923E+00  0.25574233E+01
  0.17425893E+00  0.25719036E+01
  0.17896863E+00  0.25864711E+01
  0.18367834E+00  0.26011369E+01
  0.18838804E+00  0.26159159E+01
  0.19309774E+00  0.26308298E+01
  0.19780744E+00  0.26459181E+01
  0.20251714E+00  0.26612730E+01
  0.20722684E+00  0.26772038E+01
  0.21193654E+00  0.26953780E+01
  0.21664624E+00  0.27211648E+01
  0.22135594E+00  0.27510345E+01
  0.22606564E+00  0.27803843E+01
  0.23077534E+00  0.28082713E+01
  0.23548505E+00  0.28343755E+01
  0.24019475E+00  0.28585133E+01
  0.24490445E+00  0.28805601E+01
  0.24961415E+00  0.29004323E+01
  0.25432385E+00  0.29180823E+01
  0.25903355E+00  0.29334970E+01
  0.26374325E+00  0.29466951E+01
  0.26845295E+00  0.29577245E+01
  0.27316265E+00  0.29666588E+01
  0.27787235E+00  0.29735934E+01
  0.28258205E+00  0.29786420E+01
  0.28729176E+00  0.29819357E+01
  0.29200146E+00  0.29836474E+01
  0.29671116E+00  0.29851579E+01
  0.30142086E+00  0.30000104E+01
  0.30613056E+00  0.30165467E+01
  0.31084026E+00  0.30330392E+01
  0.31554996E+00  0.30494109E+01
  0.32025966E+00  0.30656222E+01
  0.32496936E+00  0.30816383E+01
  0.32967906E+00  0.30974255E+01
  0.33438876E+00  0.31129504E+01
  0.33909847E+00  0.31281792E+01
  0.34380817E+00  0.31430783E+01
  0.34851787E+00  0.31576145E+01
  0.35322757E+00  0.31717551E+01
  0.35793727E+00  0.31854685E+01
  0.36264697E+00  0.31987243E+01
  0.36735667E+00  0.32114938E+01
  0.37206637E+00  0.32237503E+01
  0.37677607E+00  0.32354693E+01
  0.38148577E+00  0.32466294E+01
  0.38619547E+00  0.32572120E+01
  0.39090518E+00  0.32672017E+01
  0.39561488E+00  0.32765868E+01
  0.40032458E+00  0.32853593E+01
  0.40503428E+00  0.32935149E+01
  0.40974398E+00  0.33010531E+01
  0.41445368E+00  0.33079773E+01
  0.41916338E+00  0.33142942E+01
  0.42387308E+00  0.33200139E+01
  0.42858278E+00  0.33251490E+01
  0.43329248E+00  0.33297149E+01
  0.43800218E+00  0.33337282E+01
  0.44271189E+00  0.33372069E+01
  0.44742159E+00  0.33401693E+01
  0.45213129E+00  0.33426332E+01
  0.45684099E+00  0.33446152E+01
  0.46155069E+00  0.33461302E+01
  0.46626039E+00  0.33471906E+01
  0.47097009E+00  0.33478059E+01
  0.47567979E+00  0.33479820E+01
  0.48037912E+00  0.33483095E+01
  0.48507844E+00  0.33493374E+01
  0.48977777E+00  0.33510536E+01
  0.49447710E+00  0.33534386E+01
  0.49917642E+00  0.33564652E+01
  0.50387575E+00  0.33601000E+01
  0.50857508E+00  0.33643032E+01
  0.51327440E+00  0.33690301E+01
  0.51797373E+00  0.33742312E+01
  0.52267306E+00  0.33798534E+01
  0.52737238E+00  0.33858402E+01
  0.53207171E+00  0.33921327E+01
  0.53677103E+00  0.33986695E+01
  0.54147036E+00  0.34053876E+01
  0.54616969E+00  0.34122226E+01
  0.55086901E+00  0.34191088E+01
  0.55556834E+00  0.34259796E+01
  0.56026767E+00  0.34327679E+01
  0.56496699E+00  0.34394061E+01
  0.56966632E+00  0.34458269E+01
  0.57436565E+00  0.34519636E+01
  0.57906497E+00  0.34577509E+01
  0.58376430E+00  0.34631255E+01
  0.58846362E+00  0.34680273E+01
  0.59316295E+00  0.34724006E+01
  0.59786228E+00  0.34761952E+01
  0.60256160E+00  0.34793675E+01
  0.60726093E+00  0.34818821E+01
  0.61196026E+00  0.34837126E+01
  0.61665958E+00  0.34848426E+01
  0.62135891E+00  0.34852660E+01
  0.62605824E+00  0.34849870E+01
  0.63075756E+00  0.34840200E+01
  0.63545689E+00  0.34823887E+01
  0.64015621E+00  0.34801250E+01
  0.64485554E+00  0.34772677E+01
  0.64955487E+00  0.34738611E+01
  0.65425419E+00  0.34699534E+01
  0.65895352E+00  0.34655955E+01
  0.66365285E+00  0.34608396E+01
  0.66835217E+00  0.34557380E+01
  0.67305150E+00  0.34503426E+01
  0.67775083E+00  0.34509227E+01
  0.68245015E+00  0.34727418E+01
  0.68714948E+00  0.34942915E+01
  0.69184880E+00  0.35155400E+01
  0.69654813E+00  0.35364573E+01
  0.70124746E+00  0.35570148E+01
  0.70594678E+00  0.35771841E+01
  0.71064611E+00  0.35969380E+01
  0.71534544E+00  0.36162500E+01
  0.72004476E+00  0.36350938E+01
  0.72474409E+00  0.36534442E+01
  0.72944342E+00  0.36712761E+01
  0.73414274E+00  0.36885647E+01
  0.73884207E+00  0.37052855E+01
  0.74354139E+00  0.37214136E+01
  0.74824072E+00  0.37369240E+01
  0.75294005E+00  0.37517909E+01
  0.75763937E+00  0.37659875E+01
  0.76233870E+00  0.37794858E+01
  0.76703803E+00  0.37922559E+01
  0.77173735E+00  0.38042655E+01
  0.77643668E+00  0.38154796E+01
  0.78113601E+00  0.38258599E+01
  0.78583533E+00  0.38353641E+01
  0.79053466E+00  0.38439457E+01
  0.79523398E+00  0.38515529E+01
  0.79993331E+00  0.38581289E+01
  0.80463264E+00  0.38636114E+01
  0.80933196E+00  0.38679325E+01
  0.81403129E+00  0.38710193E+01
  0.81873062E+00  0.38727948E+01
  0.82342994E+00  0.38731790E+01
  0.82812927E+00  0.38720914E+01
  0.83282859E+00  0.38694528E+01
  0.83752792E+00  0.38651892E+01
  0.84222725E+00  0.38592345E+01
  0.84692657E+00  0.38515340E+01
  0.85162590E+00  0.38420475E+01
  0.85632523E+00  0.38307513E+01
  0.86102455E+00  0.38176394E+01
  0.86572388E+00  0.38027239E+01
  0.87042321E+00  0.37860338E+01
  0.87512253E+00  0.37676131E+01
  0.87982186E+00  0.37475185E+01
  0.88452118E+00  0.37258167E+01
  0.88922051E+00  0.37025817E+01
  0.89391984E+00  0.36778925E+01
  0.89861916E+00  0.36518309E+01
  0.90331849E+00  0.36244799E+01
  0.90801782E+00  0.35959228E+01
  0.91271714E+00  0.35662423E+01
  0.91741647E+00  0.35355198E+01
  0.92211580E+00  0.35038352E+01
  0.92681512E+00  0.34712670E+01
  0.93151445E+00  0.34378921E+01
  0.93621377E+00  0.34037863E+01
  0.94091310E+00  0.33690238E+01
  0.94561243E+00  0.33336779E+01
  0.95031175E+00  0.32978210E+01
  0.95501108E+00  0.32615247E+01
  0.95971041E+00  0.32248601E+01
  0.96440973E+00  0.31878978E+01
  0.96910906E+00  0.31507084E+01
  0.97380839E+00  0.31133620E+01
  0.97850771E+00  0.30759290E+01
  0.98320704E+00  0.30384800E+01
  0.98790636E+00  0.30010860E+01
  0.99260569E+00  0.29638190E+01
  0.99730502E+00  0.29267519E+01
  0.10020043E+01  0.28899594E+01
  0.10067037E+01  0.28535188E+01
  0.10114030E+01  0.28175117E+01
  0.10161023E+01  0.27871863E+01
  0.10208016E+01  0.27854823E+01
  0.10255010E+01  0.27854051E+01
  0.10302003E+01  0.27870526E+01
  0.10348996E+01  0.27905389E+01
  0.10395990E+01  0.27959673E+01
  0.10442983E+01  0.28034189E+01
  0.10489976E+01  0.28129408E+01
  0.10536969E+01  0.28245378E+01
  0.10583963E+01  0.28381695E+01
  0.10630956E+01  0.28537524E+01
  0.10677949E+01  0.28711680E+01
  0.10724942E+01  0.28902725E+01
  0.10771936E+01  0.29109077E+01
  0.10818929E+01  0.29329102E+01
  0.10865922E+01  0.29561175E+01
  0.10912915E+01  0.29803727E+01
  0.10959909E+01  0.30055266E+01
  0.11006902E+01  0.30314385E+01
  0.11053895E+01  0.30579763E+01
  0.11100888E+01  0.30850158E+01
  0.11147882E+01  0.31124401E+01
  0.11194875E+01  0.31401386E+01
  0.11241868E+01  0.31680063E+01
  0.11288862E+01  0.31959433E+01
  0.11335855E+01  0.32238538E+01
  0.11382848E+01  0.32516461E+01
  0.11429841E+01  0.32792321E+01
  0.11476835E+01  0.33065265E+01
  0.11523828E+01  0.33334475E+01
  0.11570821E+01  0.33599157E+01
  0.11617814E+01  0.33858545E+01
  0.11664808E+01  0.34111898E+01
  0.11711801E+01  0.34358499E+01
  0.11758794E+01  0.34597653E+01
  0.11805787E+01  0.34828687E+01
  0.11852781E+01  0.35050946E+01
  0.11899774E+01  0.35263794E+01
  0.11946767E+01  0.35466612E+01
  0.11993761E+01  0.35658791E+01
  0.12040754E+01  0.35839737E+01
  0.12087747E+01  0.36008857E+01
  0.12134740E+01  0.36165550E+01
  0.12181734E+01  0.36309161E+01
  0.12228727E+01  0.36438756E+01
  0.12275720E+01  0.36550296E+01
  0.12322713E+01  0.36550227E+01
  0.12369707E+01  0.36475400E+01
  0.12416700E+01  0.36410489E+01
  0.12463693E+01  0.36358801E+01
  0.12510686E+01  0.36321313E+01
  0.12557680E+01  0.36298602E+01
  0.12604673E+01  0.36291005E+01
  0.12651770E+01  0.36293361E+01
  0.12698867E+01  0.36300555E+01
  0.12745964E+01  0.36312579E+01
  0.12793061E+01  0.36329425E+01
  0.12840158E+01  0.36351078E+01
  0.12887255E+01  0.36377517E+01
  0.12934352E+01  0.36408721E+01
  0.12981449E+01  0.36444661E+01
  0.13028546E+01  0.36485307E+01
  0.13075643E+01  0.36530622E+01
  0.13122740E+01  0.36580568E+01
  0.13169837E+01  0.36635102E+01
  0.13216934E+01  0.36694178E+01
  0.13264031E+01  0.36757744E+01
  0.13311128E+01  0.36825749E+01
  0.13358225E+01  0.36898135E+01
  0.13405322E+01  0.36974842E+01
  0.13452419E+01  0.37055807E+01
  0.13499516E+01  0.37140962E+01
  0.13546613E+01  0.37230228E+01
  0.13593710E+01  0.37322990E+01
  0.13640807E+01  0.37365694E+01
  0.13687904E+01  0.37405331E+01
  0.13735001E+01  0.37446857E+01
  0.13782098E+01  0.37490298E+01
  0.13829195E+01  0.37535664E+01
  0.13876292E+01  0.37582961E+01
  0.13923389E+01  0.37632193E+01
  0.13970486E+01  0.37683361E+01
  0.14017583E+01  0.37736465E+01
  0.14064680E+01  0.37791501E+01
  0.14111777E+01  0.37848463E+01
  0.14158874E+01  0.37907343E+01
  0.14205971E+01  0.37968130E+01
  0.14253068E+01  0.38030811E+01
  0.14300165E+01  0.38095368E+01
  0.14347262E+01  0.38161782E+01
  0.14394359E+01  0.38230032E+01
  0.14441456E+01  0.38300092E+01
  0.14488553E+01  0.38371936E+01
  0.14535650E+01  0.38445533E+01
  0.14582747E+01  0.38362148E+01
  0.14629844E+01  0.38163888E+01
  0.14676941E+01  0.37959001E+01
  0.14724038E+01  0.37747684E+01
  0.14771135E+01  0.37530145E+01
  0.14818232E+01  0.37306610E+01
  0.14865329E+01  0.37077315E+01
  0.14912426E+01  0.36842511E+01
  0.14959523E+01  0.36602457E+01
  0.15006620E+01  0.36357425E+01
  0.15053717E+01  0.36107693E+01
  0.15100814E+01  0.35853549E+01
  0.15147911E+01  0.35595288E+01
  0.15195008E+01  0.35333208E+01
  0.15242105E+01  0.35067615E+01
  0.15289202E+01  0.34798817E+01
  0.15336299E+01  0.34527125E+01
  0.15383396E+01  0.34252851E+01
  0.15430493E+01  0.33976307E+01
  0.15477590E+01  0.33697808E+01
  0.15524687E+01  0.33417664E+01
  0.15571785E+01  0.33136184E+01
  0.15618882E+01  0.32853675E+01
  0.15665979E+01  0.32570439E+01
  0.15713076E+01  0.32286775E+01
  0.15760173E+01  0.32002975E+01
  0.15807270E+01  0.31719327E+01
  0.15854367E+01  0.31436113E+01
  0.15901464E+01  0.31153606E+01
  0.15948561E+01  0.30872075E+01
  0.15995658E+01  0.30591782E+01
  0.16042755E+01  0.30312979E+01
  0.16089852E+01  0.30035914E+01
  0.16136949E+01  0.29760827E+01
  0.16184046E+01  0.29487951E+01
  0.16231143E+01  0.29217511E+01
  0.16278240E+01  0.28949730E+01
  0.16325337E+01  0.28684822E+01
  0.16372434E+01  0.28422997E+01
  0.16419531E+01  0.28164461E+01
  0.16466628E+01  0.27909418E+01
  0.16513725E+01  0.27658067E+01
  0.16560822E+01  0.27410608E+01
  0.16607919E+01  0.27167240E+01
  0.16655016E+01  0.26928162E+01
  0.16702113E+01  0.26693577E+01
  0.16749210E+01  0.26463689E+01
  0.16796307E+01  0.26238709E+01
  0.16843404E+01  0.26018854E+01
  0.16890501E+01  0.25804349E+01
  0.16937598E+01  0.25595429E+01
  0.16984695E+01  0.25392341E+01
  0.17031792E+01  0.25195345E+01
  0.17078889E+01  0.25004721E+01
  0.17125986E+01  0.24820765E+01
  0.17173083E+01  0.24643796E+01
  0.17220180E+01  0.24474160E+01
  0.17267277E+01  0.24312232E+01
  0.17314374E+01  0.24158431E+01
  0.17361471E+01  0.24014588E+01
  0.17408464E+01  0.24017872E+01
  0.17455457E+01  0.24023517E+01
  0.17502451E+01  0.24031424E+01
  0.17549444E+01  0.24041547E+01
  0.17596437E+01  0.24053867E+01
  0.17643430E+01  0.24068375E+01
  0.17690424E+01  0.24085074E+01
  0.17737417E+01  0.24103973E+01
  0.17784410E+01  0.24125088E+01
  0.17831403E+01  0.24148442E+01
  0.17878397E+01  0.24174063E+01
  0.17925390E+01  0.24201985E+01
  0.17972383E+01  0.24232249E+01
  0.18019377E+01  0.24264904E+01
  0.18066370E+01  0.24300004E+01
  0.18113363E+01  0.24337611E+01
  0.18160356E+01  0.24377798E+01
  0.18207350E+01  0.24420643E+01
  0.18254343E+01  0.24466237E+01
  0.18301336E+01  0.24514681E+01
  0.18348329E+01  0.24566092E+01
  0.18395323E+01  0.24620602E+01
  0.18442316E+01  0.24678366E+01
  0.18489309E+01  0.24739562E+01
  0.18536302E+01  0.24804407E+01
  0.18583296E+01  0.24873158E+01
  0.18630289E+01  0.24946133E+01
  0.18677282E+01  0.25023731E+01
  0.18724275E+01  0.25106453E+01
  0.18771269E+01  0.25194939E+01
  0.18818262E+01  0.25290012E+01
  0.18865255E+01  0.25392732E+01
  0.18912249E+01  0.25504451E+01
  0.18959242E+01  0.25626873E+01
  0.19006235E+01  0.25762075E+01
  0.19053228E+01  0.25912470E+01
  0.19100222E+01  0.26080661E+01
  0.19147215E+01  0.26269168E+01
  0.19194208E+01  0.26480098E+01
  0.19241201E+01  0.26714941E+01
  0.19288195E+01  0.26974649E+01
  0.19335188E+01  0.27259084E+01
  0.19382181E+01  0.27565961E+01
  0.19429174E+01  0.27892332E+01
  0.19476168E+01  0.28235720E+01
  0.19523161E+01  0.28594023E+01
  0.19570154E+01  0.28965368E+01
  0.19617147E+01  0.29348030E+01
  0.19664141E+01  0.29740376E+01
  0.19711134E+01  0.30140811E+01
  0.19758127E+01  0.30547734E+01
  0.19805121E+01  0.30959505E+01
  0.19852114E+01  0.31374403E+01
  0.19899107E+01  0.31790604E+01
  0.19946100E+01  0.32206155E+01
  0.19993094E+01  0.32618952E+01
  0.20040087E+01  0.33026726E+01
  0.20087080E+01  0.33427037E+01
  0.20134073E+01  0.33817282E+01
  0.20181067E+01  0.34194711E+01
  0.20228060E+01  0.34556473E+01
  0.20275053E+01  0.34899674E+01
  0.20322046E+01  0.35221472E+01
  0.20369040E+01  0.35519173E+01
  0.20416033E+01  0.35790355E+01
  0.20463026E+01  0.36032972E+01
  0.20510020E+01  0.36245453E+01
  0.20557013E+01  0.36426760E+01
  0.20604006E+01  0.36576410E+01
  0.20650999E+01  0.36694470E+01
  0.20697993E+01  0.36781511E+01
  0.20744986E+01  0.36838557E+01
  0.20791979E+01  0.36867004E+01
  0.20838972E+01  0.36868545E+01
  0.20885966E+01  0.36845081E+01
  0.20932959E+01  0.36798634E+01
  0.20979952E+01  0.36731268E+01
  0.21026945E+01  0.36645015E+01
  0.21073939E+01  0.36541816E+01
  0.21120932E+01  0.36423480E+01
  0.21167925E+01  0.36291657E+01
  0.21214918E+01  0.36147821E+01
  0.21261912E+01  0.35993271E+01
  0.21308905E+01  0.35829135E+01
  0.21355898E+01  0.35656378E+01
  0.21402892E+01  0.35475815E+01
  0.21449885E+01  0.35288128E+01
  0.21496878E+01  0.35093882E+01
  0.21543871E+01  0.34893544E+01
  0.21590865E+01  0.34687494E+01
  0.21637858E+01  0.34476053E+01
  0.21684851E+01  0.34259486E+01
  0.21731844E+01  0.34038025E+01
  0.21778838E+01  0.33811876E+01
  0.21825831E+01  0.33581232E+01
  0.21872824E+01  0.33346276E+01
  0.21919817E+01  0.33107191E+01
  0.21966811E+01  0.32864166E+01
  0.22013804E+01  0.32617395E+01
  0.22060797E+01  0.32367084E+01
  0.22107790E+01  0.32113450E+01
  0.22154784E+01  0.31856725E+01
  0.22201777E+01  0.31597154E+01
  0.22248770E+01  0.31334998E+01
  0.22295764E+01  0.31070531E+01
  0.22342757E+01  0.30804039E+01
  0.22389750E+01  0.30535823E+01
  0.22436743E+01  0.30266195E+01
  0.22483737E+01  0.29995476E+01
  0.22530730E+01  0.29723997E+01
  0.22577723E+01  0.29452094E+01
  0.22624716E+01  0.29180113E+01
  0.22671710E+01  0.28908399E+01
  0.22718703E+01  0.28637306E+01
  0.22765696E+01  0.28367185E+01
  0.22812689E+01  0.28098393E+01
  0.22859683E+01  0.27831285E+01
  0.22906676E+01  0.27566223E+01
  0.22953669E+01  0.27303571E+01
  0.23000662E+01  0.27043704E+01
  0.23047656E+01  0.26787009E+01
  0.23094649E+01  0.26533897E+01
  0.23141642E+01  0.26284791E+01
  0.23188636E+01  0.26040112E+01
  0.23235629E+01  0.25800234E+01
  0.23282622E+01  0.25565420E+01
  0.23329615E+01  0.25335815E+01
  0.23376609E+01  0.25111475E+01
  0.23423602E+01  0.24892421E+01
  0.23470595E+01  0.24678679E+01
  0.23517588E+01  0.24470289E+01
  0.23564582E+01  0.24267300E+01
  0.23611575E+01  0.24069770E+01
  0.23658568E+01  0.23877756E+01
  0.23705561E+01  0.23691314E+01
  0.23752555E+01  0.23510492E+01
  0.23799548E+01  0.23335333E+01
  0.23846541E+01  0.23165871E+01
  0.23893534E+01  0.23002132E+01
  0.23940528E+01  0.22844134E+01
  0.23987521E+01  0.22691889E+01
  0.24034514E+01  0.22545401E+01
  0.24081508E+01  0.22404668E+01
  0.24128501E+01  0.22269682E+01
  0.24175494E+01  0.22140432E+01
  0.24222487E+01  0.22016902E+01
  0.24269481E+01  0.21899074E+01
  0.24316474E+01  0.21786930E+01
  0.24363467E+01  0.21680450E+01
  0.24410460E+01  0.21579616E+01
  0.24457454E+01  0.21484410E+01
  0.24504447E+01  0.21394818E+01
  0.24551440E+01  0.21310831E+01
  0.24598433E+01  0.21232444E+01
  0.24645427E+01  0.21159658E+01
  0.24692420E+01  0.21092483E+01
  0.24739413E+01  0.21030933E+01
  0.24786406E+01  0.20975037E+01
  0.24833400E+01  0.20924827E+01
  0.24880393E+01  0.20880349E+01
  0.24927386E+01  0.20841654E+01
  0.24974380E+01  0.20808801E+01
  0.25021373E+01  0.20781854E+01
  0.25068366E+01  0.20760873E+01
  0.25115359E+01  0.20745914E+01
  0.25162353E+01  0.20737021E+01
  0.25209346E+01  0.20734220E+01
  
  0.00000000E+00  0.47517550E+01
  0.47097009E-02  0.47502707E+01
  0.94194018E-02  0.47469494E+01
  0.14129103E-01  0.47434746E+01
  0.18838804E-01  0.47399048E+01
  0.23548505E-01  0.47362512E+01
  0.28258205E-01  0.47325186E+01
  0.32967906E-01  0.47287101E+01
  0.37677607E-01  0.47248286E+01
  0.42387308E-01  0.47208768E+01
  0.47097009E-01  0.47168573E+01
  0.51806710E-01  0.47127731E+01
  0.56516411E-01  0.47086271E+01
  0.61226112E-01  0.47044223E+01
  0.65935813E-01  0.47001618E+01
  0.70645514E-01  0.46958488E+01
  0.75355215E-01  0.46914866E+01
  0.80064916E-01  0.46870784E+01
  0.84774616E-01  0.46826275E+01
  0.89484317E-01  0.46781372E+01
  0.94194018E-01  0.46736105E+01
  0.98903719E-01  0.46690506E+01
  0.10361342E+00  0.46644605E+01
  0.10832312E+00  0.46598432E+01
  0.11303282E+00  0.46552012E+01
  0.11774252E+00  0.46505372E+01
  0.12245222E+00  0.46458535E+01
  0.12716192E+00  0.46411521E+01
  0.13187163E+00  0.46364350E+01
  0.13658133E+00  0.46317035E+01
  0.14129103E+00  0.46269589E+01
  0.14600073E+00  0.46222016E+01
  0.15071043E+00  0.46174292E+01
  0.15542013E+00  0.46084339E+01
  0.16012983E+00  0.45896868E+01
  0.16483953E+00  0.45719720E+01
  0.16954923E+00  0.45553921E+01
  0.17425893E+00  0.45400445E+01
  0.17896863E+00  0.45260329E+01
  0.18367834E+00  0.45134684E+01
  0.18838804E+00  0.45024691E+01
  0.19309774E+00  0.44931606E+01
  0.19780744E+00  0.44856747E+01
  0.20251714E+00  0.44801489E+01
  0.20722684E+00  0.44767246E+01
  0.21193654E+00  0.44755450E+01
  0.21664624E+00  0.44767520E+01
  0.22135594E+00  0.44804831E+01
  0.22606564E+00  0.44868667E+01
  0.23077534E+00  0.44960180E+01
  0.23548505E+00  0.45080333E+01
  0.24019475E+00  0.45226735E+01
  0.24490445E+00  0.45174572E+01
  0.24961415E+00  0.45119768E+01
  0.25432385E+00  0.45064178E+01
  0.25903355E+00  0.45007768E+01
  0.26374325E+00  0.44950500E+01
  0.26845295E+00  0.44892341E+01
  0.27316265E+00  0.44833261E+01
  0.27787235E+00  0.44773235E+01
  0.28258205E+00  0.44712244E+01
  0.28729176E+00  0.44650277E+01
  0.29200146E+00  0.44587328E+01
  0.29671116E+00  0.44523401E+01
  0.30142086E+00  0.44458508E+01
  0.30613056E+00  0.44392670E+01
  0.31084026E+00  0.44325920E+01
  0.31554996E+00  0.44258299E+01
  0.32025966E+00  0.44189860E+01
  0.32496936E+00  0.44120668E+01
  0.32967906E+00  0.44050800E+01
  0.33438876E+00  0.43980344E+01
  0.33909847E+00  0.43909403E+01
  0.34380817E+00  0.43838090E+01
  0.34851787E+00  0.43766533E+01
  0.35322757E+00  0.43694872E+01
  0.35793727E+00  0.43623260E+01
  0.36264697E+00  0.43551863E+01
  0.36735667E+00  0.43480858E+01
  0.37206637E+00  0.43410435E+01
  0.37677607E+00  0.43340794E+01
  0.38148577E+00  0.43272147E+01
  0.38619547E+00  0.43204713E+01
  0.39090518E+00  0.43138722E+01
  0.39561488E+00  0.43074408E+01
  0.40032458E+00  0.43012014E+01
  0.40503428E+00  0.42951783E+01
  0.40974398E+00  0.42893962E+01
  0.41445368E+00  0.42838799E+01
  0.41916338E+00  0.42786537E+01
  0.42387308E+00  0.42737418E+01
  0.42858278E+00  0.42691674E+01
  0.43329248E+00  0.42649530E+01
  0.43800218E+00  0.42611197E+01
  0.44271189E+00  0.42576874E+01
  0.44742159E+00  0.42546741E+01
  0.45213129E+00  0.42520961E+01
  0.45684099E+00  0.42499674E+01
  0.46155069E+00  0.42482999E+01
  0.46626039E+00  0.42471028E+01
  0.47097009E+00  0.42463828E+01
  0.47567979E+00  0.42461440E+01
  0.48037912E+00  0.42455267E+01
  0.48507844E+00  0.42437466E+01
  0.48977777E+00  0.42408352E+01
  0.49447710E+00  0.42368425E+01
  0.49917642E+00  0.42318357E+01
  0.50387575E+00  0.42258954E+01
  0.50857508E+00  0.42191134E+01
  0.51327440E+00  0.42115888E+01
  0.51797373E+00  0.42034257E+01
  0.52267306E+00  0.41947309E+01
  0.52737238E+00  0.41856114E+01
  0.53207171E+00  0.41761731E+01
  0.53677103E+00  0.41665200E+01
  0.54147036E+00  0.41567531E+01
  0.54616969E+00  0.41469703E+01
  0.55086901E+00  0.41372660E+01
  0.55556834E+00  0.41277311E+01
  0.56026767E+00  0.41184534E+01
  0.56496699E+00  0.41095170E+01
  0.56966632E+00  0.41010028E+01
  0.57436565E+00  0.40929879E+01
  0.57906497E+00  0.40855458E+01
  0.58376430E+00  0.40787455E+01
  0.58846362E+00  0.40726510E+01
  0.59316295E+00  0.40673207E+01
  0.59786228E+00  0.40628059E+01
  0.60256160E+00  0.40591504E+01
  0.60726093E+00  0.40563890E+01
  0.61196026E+00  0.40545471E+01
  0.61665958E+00  0.40536398E+01
  0.62135891E+00  0.40536717E+01
  0.62605824E+00  0.40546368E+01
  0.63075756E+00  0.40565196E+01
  0.63545689E+00  0.40592952E+01
  0.64015621E+00  0.40629310E+01
  0.64485554E+00  0.40673881E+01
  0.64955487E+00  0.40726225E+01
  0.65425419E+00  0.40785869E+01
  0.65895352E+00  0.40852323E+01
  0.66365285E+00  0.40925088E+01
  0.66835217E+00  0.41003670E+01
  0.67305150E+00  0.41087592E+01
  0.67775083E+00  0.41176395E+01
  0.68245015E+00  0.41269647E+01
  0.68714948E+00  0.41366945E+01
  0.69184880E+00  0.41467919E+01
  0.69654813E+00  0.41572229E+01
  0.70124746E+00  0.41679571E+01
  0.70594678E+00  0.41789669E+01
  0.71064611E+00  0.41902283E+01
  0.71534544E+00  0.42017197E+01
  0.72004476E+00  0.42134228E+01
  0.72474409E+00  0.42253216E+01
  0.72944342E+00  0.42374027E+01
  0.73414274E+00  0.42496548E+01
  0.73884207E+00  0.42620689E+01
  0.74354139E+00  0.42746376E+01
  0.74824072E+00  0.42873554E+01
  0.75294005E+00  0.43002181E+01
  0.75763937E+00  0.43132228E+01
  0.76233870E+00  0.43263676E+01
  0.76703803E+00  0.43396513E+01
  0.77173735E+00  0.43530732E+01
  0.77643668E+00  0.43666327E+01
  0.78113601E+00  0.43803290E+01
  0.78583533E+00  0.43941601E+01
  0.79053466E+00  0.44081218E+01
  0.79523398E+00  0.44222047E+01
  0.79993331E+00  0.44363863E+01
  0.80463264E+00  0.44505966E+01
  0.80933196E+00  0.44644412E+01
  0.81403129E+00  0.44707351E+01
  0.81873062E+00  0.44619811E+01
  0.82342994E+00  0.44521197E+01
  0.82812927E+00  0.44425323E+01
  0.83282859E+00  0.44334271E+01
  0.83752792E+00  0.44249106E+01
  0.84222725E+00  0.44170623E+01
  0.84692657E+00  0.44099448E+01
  0.85162590E+00  0.44036057E+01
  0.85632523E+00  0.43980763E+01
  0.86102455E+00  0.43933709E+01
  0.86572388E+00  0.43894874E+01
  0.87042321E+00  0.43864080E+01
  0.87512253E+00  0.43841008E+01
  0.87982186E+00  0.43825230E+01
  0.88452118E+00  0.43816225E+01
  0.88922051E+00  0.43813413E+01
  0.89391984E+00  0.43816169E+01
  0.89861916E+00  0.43823848E+01
  0.90331849E+00  0.43835793E+01
  0.90801782E+00  0.43851348E+01
  0.91271714E+00  0.43869861E+01
  0.91741647E+00  0.43890683E+01
  0.92211580E+00  0.43913171E+01
  0.92681512E+00  0.43936686E+01
  0.93151445E+00  0.43960582E+01
  0.93621377E+00  0.43984208E+01
  0.94091310E+00  0.44006900E+01
  0.94561243E+00  0.44027979E+01
  0.95031175E+00  0.44046746E+01
  0.95501108E+00  0.44062484E+01
  0.95971041E+00  0.44074454E+01
  0.96440973E+00  0.44081905E+01
  0.96910906E+00  0.44084081E+01
  0.97380839E+00  0.44080229E+01
  0.97850771E+00  0.44069622E+01
  0.98320704E+00  0.44051571E+01
  0.98790636E+00  0.44025453E+01
  0.99260569E+00  0.43990730E+01
  0.99730502E+00  0.43946975E+01
  0.10020043E+01  0.43893882E+01
  0.10067037E+01  0.43831283E+01
  0.10114030E+01  0.43759152E+01
  0.10161023E+01  0.43677595E+01
  0.10208016E+01  0.43586846E+01
  0.10255010E+01  0.43487240E+01
  0.10302003E+01  0.43379201E+01
  0.10348996E+01  0.43263212E+01
  0.10395990E+01  0.43139795E+01
  0.10442983E+01  0.43009492E+01
  0.10489976E+01  0.42872847E+01
  0.10536969E+01  0.42730396E+01
  0.10583963E+01  0.42582651E+01
  0.10630956E+01  0.42430102E+01
  0.10677949E+01  0.42273207E+01
  0.10724942E+01  0.42112395E+01
  0.10771936E+01  0.41948062E+01
  0.10818929E+01  0.41780576E+01
  0.10865922E+01  0.41610280E+01
  0.10912915E+01  0.41437491E+01
  0.10959909E+01  0.41262504E+01
  0.11006902E+01  0.41085600E+01
  0.11053895E+01  0.40907043E+01
  0.11100888E+01  0.40727086E+01
  0.11147882E+01  0.40545973E+01
  0.11194875E+01  0.40363945E+01
  0.11241868E+01  0.40181240E+01
  0.11288862E+01  0.39998097E+01
  0.11335855E+01  0.39814757E+01
  0.11382848E+01  0.39631469E+01
  0.11429841E+01  0.39448493E+01
  0.11476835E+01  0.39266099E+01
  0.11523828E+01  0.39084573E+01
  0.11570821E+01  0.38904222E+01
  0.11617814E+01  0.38725373E+01
  0.11664808E+01  0.38548381E+01
  0.11711801E+01  0.38373630E+01
  0.11758794E+01  0.38201539E+01
  0.11805787E+01  0.38032564E+01
  0.11852781E+01  0.37867206E+01
  0.11899774E+01  0.37706012E+01
  0.11946767E+01  0.37549578E+01
  0.11993761E+01  0.37398559E+01
  0.12040754E+01  0.37253665E+01
  0.12087747E+01  0.37115675E+01
  0.12134740E+01  0.36985437E+01
  0.12181734E+01  0.36863917E+01
  0.12228727E+01  0.36752413E+01
  0.12275720E+01  0.36655370E+01
  0.12322713E+01  0.36666777E+01
  0.12369707E+01  0.36750225E+01
  0.12416700E+01  0.36821475E+01
  0.12463693E+01  0.36877620E+01
  0.12510686E+01  0.36918027E+01
  0.12557680E+01  0.36942383E+01
  0.12604673E+01  0.36950521E+01
  0.12651770E+01  0.36951444E+01
  0.12698867E+01  0.36954021E+01
  0.12745964E+01  0.36958255E+01
  0.12793061E+01  0.36964149E+01
  0.12840158E+01  0.36971708E+01
  0.12887255E+01  0.36980938E+01
  0.12934352E+01  0.36991849E+01
  0.12981449E+01  0.37004449E+01
  0.13028546E+01  0.37018749E+01
  0.13075643E+01  0.37034762E+01
  0.13122740E+01  0.37052500E+01
  0.13169837E+01  0.37071978E+01
  0.13216934E+01  0.37093210E+01
  0.13264031E+01  0.37116211E+01
  0.13311128E+01  0.37140997E+01
  0.13358225E+01  0.37167584E+01
  0.13405322E+01  0.37195988E+01
  0.13452419E+01  0.37226225E+01
  0.13499516E+01  0.37258314E+01
  0.13546613E+01  0.37292281E+01
  0.13593710E+01  0.37328682E+01
  0.13640807E+01  0.37421013E+01
  0.13687904E+01  0.37522218E+01
  0.13735001E+01  0.37627274E+01
  0.13782098E+01  0.37736085E+01
  0.13829195E+01  0.37848565E+01
  0.13876292E+01  0.37964629E+01
  0.13923389E+01  0.38084189E+01
  0.13970486E+01  0.38207157E+01
  0.14017583E+01  0.38333441E+01
  0.14064680E+01  0.38462947E+01
  0.14111777E+01  0.38595579E+01
  0.14158874E+01  0.38731237E+01
  0.14205971E+01  0.38869819E+01
  0.14253068E+01  0.39011219E+01
  0.14300165E+01  0.39155330E+01
  0.14347262E+01  0.39248387E+01
  0.14394359E+01  0.39085597E+01
  0.14441456E+01  0.38915462E+01
  0.14488553E+01  0.38738088E+01
  0.14535650E+01  0.38553602E+01
  0.14582747E+01  0.38520851E+01
  0.14629844E+01  0.38597853E+01
  0.14676941E+01  0.38676503E+01
  0.14724038E+01  0.38756759E+01
  0.14771135E+01  0.38838580E+01
  0.14818232E+01  0.38921922E+01
  0.14865329E+01  0.39006736E+01
  0.14912426E+01  0.39092974E+01
  0.14959523E+01  0.39180586E+01
  0.15006620E+01  0.39269520E+01
  0.15053717E+01  0.39359722E+01
  0.15100814E+01  0.39451136E+01
  0.15147911E+01  0.39543707E+01
  0.15195008E+01  0.39637377E+01
  0.15242105E+01  0.39732088E+01
  0.15289202E+01  0.39827780E+01
  0.15336299E+01  0.39924394E+01
  0.15383396E+01  0.40021870E+01
  0.15430493E+01  0.40120145E+01
  0.15477590E+01  0.40219161E+01
  0.15524687E+01  0.40318855E+01
  0.15571785E+01  0.40419166E+01
  0.15618882E+01  0.40520033E+01
  0.15665979E+01  0.40621395E+01
  0.15713076E+01  0.40723192E+01
  0.15760173E+01  0.40825362E+01
  0.15807270E+01  0.40927846E+01
  0.15854367E+01  0.41030584E+01
  0.15901464E+01  0.41133517E+01
  0.15948561E+01  0.41236586E+01
  0.15995658E+01  0.41339732E+01
  0.16042755E+01  0.41442898E+01
  0.16089852E+01  0.41546026E+01
  0.16136949E+01  0.41649059E+01
  0.16184046E+01  0.41751940E+01
  0.16231143E+01  0.41854613E+01
  0.16278240E+01  0.41957021E+01
  0.16325337E+01  0.42059108E+01
  0.16372434E+01  0.42160818E+01
  0.16419531E+01  0.42262094E+01
  0.16466628E+01  0.42362879E+01
  0.16513725E+01  0.42463116E+01
  0.16560822E+01  0.42562746E+01
  0.16607919E+01  0.42661710E+01
  0.16655016E+01  0.42759948E+01
  0.16702113E+01  0.42857397E+01
  0.16749210E+01  0.42953994E+01
  0.16796307E+01  0.43049672E+01
  0.16843404E+01  0.43144364E+01
  0.16890501E+01  0.43237996E+01
  0.16937598E+01  0.43330493E+01
  0.16984695E+01  0.43421775E+01
  0.17031792E+01  0.43511757E+01
  0.17078889E+01  0.43600345E+01
  0.17125986E+01  0.43687435E+01
  0.17173083E+01  0.43772905E+01
  0.17220180E+01  0.43856593E+01
  0.17267277E+01  0.43938214E+01
  0.17314374E+01  0.44016803E+01
  0.17361471E+01  0.44074305E+01
  0.17408464E+01  0.44069934E+01
  0.17455457E+01  0.44056811E+01
  0.17502451E+01  0.44034985E+01
  0.17549444E+01  0.44004536E+01
  0.17596437E+01  0.43965576E+01
  0.17643430E+01  0.43918243E+01
  0.17690424E+01  0.43862701E+01
  0.17737417E+01  0.43799134E+01
  0.17784410E+01  0.43727728E+01
  0.17831403E+01  0.43648650E+01
  0.17878397E+01  0.43561988E+01
  0.17925390E+01  0.43467695E+01
  0.17972383E+01  0.43365678E+01
  0.18019377E+01  0.43256204E+01
  0.18066370E+01  0.43140001E+01
  0.18113363E+01  0.43017887E+01
  0.18160356E+01  0.42890584E+01
  0.18207350E+01  0.42758742E+01
  0.18254343E+01  0.42622981E+01
  0.18301336E+01  0.42483917E+01
  0.18348329E+01  0.42342172E+01
  0.18395323E+01  0.42198378E+01
  0.18442316E+01  0.42053179E+01
  0.18489309E+01  0.41907232E+01
  0.18536302E+01  0.41761202E+01
  0.18583296E+01  0.41615766E+01
  0.18630289E+01  0.41471602E+01
  0.18677282E+01  0.41329396E+01
  0.18724275E+01  0.41189833E+01
  0.18771269E+01  0.41053592E+01
  0.18818262E+01  0.40921351E+01
  0.18865255E+01  0.40793775E+01
  0.18912249E+01  0.40671513E+01
  0.18959242E+01  0.40555198E+01
  0.19006235E+01  0.40445440E+01
  0.19053228E+01  0.40342818E+01
  0.19100222E+01  0.40247881E+01
  0.19147215E+01  0.40161140E+01
  0.19194208E+01  0.40083063E+01
  0.19241201E+01  0.40014072E+01
  0.19288195E+01  0.39954537E+01
  0.19335188E+01  0.39904774E+01
  0.19382181E+01  0.39865044E+01
  0.19429174E+01  0.39835547E+01
  0.19476168E+01  0.39816424E+01
  0.19523161E+01  0.39807758E+01
  0.19570154E+01  0.39809574E+01
  0.19617147E+01  0.39821840E+01
  0.19664141E+01  0.39844475E+01
  0.19711134E+01  0.39877348E+01
  0.19758127E+01  0.39920283E+01
  0.19805121E+01  0.39973063E+01
  0.19852114E+01  0.40035426E+01
  0.19899107E+01  0.40107063E+01
  0.19946100E+01  0.40187605E+01
  0.19993094E+01  0.40276600E+01
  0.20040087E+01  0.40373480E+01
  0.20087080E+01  0.40477501E+01
  0.20134073E+01  0.40587676E+01
  0.20181067E+01  0.40702679E+01
  0.20228060E+01  0.40820745E+01
  0.20275053E+01  0.40939585E+01
  0.20322046E+01  0.41056361E+01
  0.20369040E+01  0.41167775E+01
  0.20416033E+01  0.41270344E+01
  0.20463026E+01  0.41360859E+01
  0.20510020E+01  0.41436949E+01
  0.20557013E+01  0.41497565E+01
  0.20604006E+01  0.41543172E+01
  0.20650999E+01  0.41575558E+01
  0.20697993E+01  0.41597365E+01
  0.20744986E+01  0.41611539E+01
  0.20791979E+01  0.41620864E+01
  0.20838972E+01  0.41627679E+01
  0.20885966E+01  0.41633756E+01
  0.20932959E+01  0.41640301E+01
  0.20979952E+01  0.41648018E+01
  0.21026945E+01  0.41657199E+01
  0.21073939E+01  0.41667803E+01
  0.21120932E+01  0.41679501E+01
  0.21167925E+01  0.41691723E+01
  0.21214918E+01  0.41703877E+01
  0.21261912E+01  0.41715781E+01
  0.21308905E+01  0.41727694E+01
  0.21355898E+01  0.41739909E+01
  0.21402892E+01  0.41752597E+01
  0.21449885E+01  0.41765837E+01
  0.21496878E+01  0.41779680E+01
  0.21543871E+01  0.41794180E+01
  0.21590865E+01  0.41809402E+01
  0.21637858E+01  0.41825432E+01
  0.21684851E+01  0.41842372E+01
  0.21731844E+01  0.41860337E+01
  0.21778838E+01  0.41879453E+01
  0.21825831E+01  0.41899854E+01
  0.21872824E+01  0.41921675E+01
  0.21919817E+01  0.41945051E+01
  0.21966811E+01  0.41970117E+01
  0.22013804E+01  0.41996999E+01
  0.22060797E+01  0.42025818E+01
  0.22107790E+01  0.42056686E+01
  0.22154784E+01  0.42089705E+01
  0.22201777E+01  0.42124966E+01
  0.22248770E+01  0.42162550E+01
  0.22295764E+01  0.42202525E+01
  0.22342757E+01  0.42244948E+01
  0.22389750E+01  0.42289865E+01
  0.22436743E+01  0.42337313E+01
  0.22483737E+01  0.42387314E+01
  0.22530730E+01  0.42439885E+01
  0.22577723E+01  0.42495032E+01
  0.22624716E+01  0.42552752E+01
  0.22671710E+01  0.42613035E+01
  0.22718703E+01  0.42675865E+01
  0.22765696E+01  0.42741218E+01
  0.22812689E+01  0.42809067E+01
  0.22859683E+01  0.42879378E+01
  0.22906676E+01  0.42952113E+01
  0.22953669E+01  0.43027230E+01
  0.23000662E+01  0.43104682E+01
  0.23047656E+01  0.43184415E+01
  0.23094649E+01  0.43266364E+01
  0.23141642E+01  0.43350447E+01
  0.23188636E+01  0.43436535E+01
  0.23235629E+01  0.43524398E+01
  0.23282622E+01  0.43613593E+01
  0.23329615E+01  0.43703554E+01
  0.23376609E+01  0.43794278E+01
  0.23423602E+01  0.43886300E+01
  0.23470595E+01  0.43980005E+01
  0.23517588E+01  0.44075554E+01
  0.23564582E+01  0.44173003E+01
  0.23611575E+01  0.44272357E+01
  0.23658568E+01  0.44373602E+01
  0.23705561E+01  0.44476707E+01
  0.23752555E+01  0.44581631E+01
  0.23799548E+01  0.44688324E+01
  0.23846541E+01  0.44796725E+01
  0.23893534E+01  0.44906760E+01
  0.23940528E+01  0.45018344E+01
  0.23987521E+01  0.45131379E+01
  0.24034514E+01  0.45245748E+01
  0.24081508E+01  0.45361316E+01
  0.24128501E+01  0.45477928E+01
  0.24175494E+01  0.45595404E+01
  0.24222487E+01  0.45713536E+01
  0.24269481E+01  0.45832088E+01
  0.24316474E+01  0.45950784E+01
  0.24363467E+01  0.46069315E+01
  0.24410460E+01  0.46187325E+01
  0.24457454E+01  0.46304412E+01
  0.24504447E+01  0.46420122E+01
  0.24551440E+01  0.46533944E+01
  0.24598433E+01  0.46645306E+01
  0.24645427E+01  0.46753577E+01
  0.24692420E+01  0.46858058E+01
  0.24739413E+01  0.46957989E+01
  0.24786406E+01  0.47052551E+01
  0.24833400E+01  0.47140876E+01
  0.24880393E+01  0.47222058E+01
  0.24927386E+01  0.47295174E+01
  0.24974380E+01  0.47359309E+01
  0.25021373E+01  0.47413582E+01
  0.25068366E+01  0.47457186E+01
  0.25115359E+01  0.47489412E+01
  0.25162353E+01  0.47509679E+01
  0.25209346E+01  0.47517550E+01
  
  0.00000000E+00  0.47542673E+01
  0.47097009E-02  0.47556677E+01
  0.94194018E-02  0.47587507E+01
  0.14129103E-01  0.47618335E+01
  0.18838804E-01  0.47648592E+01
  0.23548505E-01  0.47678182E+01
  0.28258205E-01  0.47707083E+01
  0.32967906E-01  0.47735289E+01
  0.37677607E-01  0.47762807E+01
  0.42387308E-01  0.47789645E+01
  0.47097009E-01  0.47815818E+01
  0.51806710E-01  0.47841342E+01
  0.56516411E-01  0.47866236E+01
  0.61226112E-01  0.47890524E+01
  0.65935813E-01  0.47914228E+01
  0.70645514E-01  0.47937375E+01
  0.75355215E-01  0.47959994E+01
  0.80064916E-01  0.47982115E+01
  0.84774616E-01  0.48003770E+01
  0.89484317E-01  0.48024993E+01
  0.94194018E-01  0.48045819E+01
  0.98903719E-01  0.48066283E+01
  0.10361342E+00  0.48086424E+01
  0.10832312E+00  0.48106276E+01
  0.11303282E+00  0.48122803E+01
  0.11774252E+00  0.47873395E+01
  0.12245222E+00  0.47627760E+01
  0.12716192E+00  0.47387283E+01
  0.13187163E+00  0.47152491E+01
  0.13658133E+00  0.46923941E+01
  0.14129103E+00  0.46702226E+01
  0.14600073E+00  0.46487980E+01
  0.15071043E+00  0.46281905E+01
  0.15542013E+00  0.46126808E+01
  0.16012983E+00  0.46078747E+01
  0.16483953E+00  0.46030715E+01
  0.16954923E+00  0.45982570E+01
  0.17425893E+00  0.45934291E+01
  0.17896863E+00  0.45885861E+01
  0.18367834E+00  0.45837258E+01
  0.18838804E+00  0.45788459E+01
  0.19309774E+00  0.45739435E+01
  0.19780744E+00  0.45690155E+01
  0.20251714E+00  0.45640587E+01
  0.20722684E+00  0.45590692E+01
  0.21193654E+00  0.45540430E+01
  0.21664624E+00  0.45489761E+01
  0.22135594E+00  0.45438639E+01
  0.22606564E+00  0.45387020E+01
  0.23077534E+00  0.45334858E+01
  0.23548505E+00  0.45282114E+01
  0.24019475E+00  0.45231869E+01
  0.24490445E+00  0.45409363E+01
  0.24961415E+00  0.45618793E+01
  0.25432385E+00  0.45858105E+01
  0.25903355E+00  0.46126802E+01
  0.26374325E+00  0.46424077E+01
  0.26845295E+00  0.46748820E+01
  0.27316265E+00  0.47099656E+01
  0.27787235E+00  0.47474988E+01
  0.28258205E+00  0.47873037E+01
  0.28729176E+00  0.48291890E+01
  0.29200146E+00  0.48729541E+01
  0.29671116E+00  0.48976488E+01
  0.30142086E+00  0.49001025E+01
  0.30613056E+00  0.49025398E+01
  0.31084026E+00  0.49049576E+01
  0.31554996E+00  0.49073524E+01
  0.32025966E+00  0.49097209E+01
  0.32496936E+00  0.49120597E+01
  0.32967906E+00  0.49143653E+01
  0.33438876E+00  0.49166346E+01
  0.33909847E+00  0.49188644E+01
  0.34380817E+00  0.49210514E+01
  0.34851787E+00  0.49231928E+01
  0.35322757E+00  0.49252854E+01
  0.35793727E+00  0.49273265E+01
  0.36264697E+00  0.49293132E+01
  0.36735667E+00  0.49312429E+01
  0.37206637E+00  0.49331130E+01
  0.37677607E+00  0.49349210E+01
  0.38148577E+00  0.49366646E+01
  0.38619547E+00  0.49383414E+01
  0.39090518E+00  0.49399493E+01
  0.39561488E+00  0.49414862E+01
  0.40032458E+00  0.49429502E+01
  0.40503428E+00  0.49443393E+01
  0.40974398E+00  0.49456518E+01
  0.41445368E+00  0.49468860E+01
  0.41916338E+00  0.49480402E+01
  0.42387308E+00  0.49491131E+01
  0.42858278E+00  0.49501032E+01
  0.43329248E+00  0.49510092E+01
  0.43800218E+00  0.49518298E+01
  0.44271189E+00  0.49525639E+01
  0.44742159E+00  0.49532106E+01
  0.45213129E+00  0.49537687E+01
  0.45684099E+00  0.49542376E+01
  0.46155069E+00  0.49546163E+01
  0.46626039E+00  0.49549043E+01
  0.47097009E+00  0.49551008E+01
  0.47567979E+00  0.49552056E+01
  0.48037912E+00  0.49551627E+01
  0.48507844E+00  0.49549145E+01
  0.48977777E+00  0.49544604E+01
  0.49447710E+00  0.49538000E+01
  0.49917642E+00  0.49529326E+01
  0.50387575E+00  0.49518577E+01
  0.50857508E+00  0.49505749E+01
  0.51327440E+00  0.49490839E+01
  0.51797373E+00  0.49473844E+01
  0.52267306E+00  0.49454763E+01
  0.52737238E+00  0.49433598E+01
  0.53207171E+00  0.49410349E+01
  0.53677103E+00  0.49385020E+01
  0.54147036E+00  0.49357615E+01
  0.54616969E+00  0.49328139E+01
  0.55086901E+00  0.49296598E+01
  0.55556834E+00  0.49263000E+01
  0.56026767E+00  0.49227353E+01
  0.56496699E+00  0.49189669E+01
  0.56966632E+00  0.49149957E+01
  0.57436565E+00  0.49108231E+01
  0.57906497E+00  0.49064504E+01
  0.58376430E+00  0.49018792E+01
  0.58846362E+00  0.48971110E+01
  0.59316295E+00  0.48921476E+01
  0.59786228E+00  0.48869907E+01
  0.60256160E+00  0.48816425E+01
  0.60726093E+00  0.48761047E+01
  0.61196026E+00  0.48703796E+01
  0.61665958E+00  0.48644693E+01
  0.62135891E+00  0.48583759E+01
  0.62605824E+00  0.48521018E+01
  0.63075756E+00  0.48456490E+01
  0.63545689E+00  0.48390199E+01
  0.64015621E+00  0.48322164E+01
  0.64485554E+00  0.48252408E+01
  0.64955487E+00  0.48180950E+01
  0.65425419E+00  0.48107809E+01
  0.65895352E+00  0.48033001E+01
  0.66365285E+00  0.47956542E+01
  0.66835217E+00  0.47878447E+01
  0.67305150E+00  0.47798725E+01
  0.67775083E+00  0.47717387E+01
  0.68245015E+00  0.47634439E+01
  0.68714948E+00  0.47549885E+01
  0.69184880E+00  0.47463726E+01
  0.69654813E+00  0.47375962E+01
  0.70124746E+00  0.47286590E+01
  0.70594678E+00  0.47195604E+01
  0.71064611E+00  0.47102999E+01
  0.71534544E+00  0.47008768E+01
  0.72004476E+00  0.46912903E+01
  0.72474409E+00  0.46815399E+01
  0.72944342E+00  0.46716252E+01
  0.73414274E+00  0.46615465E+01
  0.73884207E+00  0.46513045E+01
  0.74354139E+00  0.46409007E+01
  0.74824072E+00  0.46303380E+01
  0.75294005E+00  0.46196206E+01
  0.75763937E+00  0.46087546E+01
  0.76233870E+00  0.45977484E+01
  0.76703803E+00  0.45866133E+01
  0.77173735E+00  0.45753638E+01
  0.77643668E+00  0.45640185E+01
  0.78113601E+00  0.45526009E+01
  0.78583533E+00  0.45411401E+01
  0.79053466E+00  0.45296728E+01
  0.79523398E+00  0.45182460E+01
  0.79993331E+00  0.45069252E+01
  0.80463264E+00  0.44958289E+01
  0.80933196E+00  0.44854043E+01
  0.81403129E+00  0.44828935E+01
  0.81873062E+00  0.44958537E+01
  0.82342994E+00  0.45104046E+01
  0.82812927E+00  0.45252231E+01
  0.83282859E+00  0.45401546E+01
  0.83752792E+00  0.45551362E+01
  0.84222725E+00  0.45701192E+01
  0.84692657E+00  0.45850531E+01
  0.85162590E+00  0.45998807E+01
  0.85632523E+00  0.46145344E+01
  0.86102455E+00  0.46289347E+01
  0.86572388E+00  0.46429873E+01
  0.87042321E+00  0.46565815E+01
  0.87512253E+00  0.46695886E+01
  0.87982186E+00  0.46818602E+01
  0.88452118E+00  0.46932290E+01
  0.88922051E+00  0.47035101E+01
  0.89391984E+00  0.47125057E+01
  0.89861916E+00  0.47200136E+01
  0.90331849E+00  0.47258389E+01
  0.90801782E+00  0.47298097E+01
  0.91271714E+00  0.47317945E+01
  0.91741647E+00  0.47317172E+01
  0.92211580E+00  0.47295679E+01
  0.92681512E+00  0.47254045E+01
  0.93151445E+00  0.47193462E+01
  0.93621377E+00  0.47115595E+01
  0.94091310E+00  0.47022417E+01
  0.94561243E+00  0.46916033E+01
  0.95031175E+00  0.46798544E+01
  0.95501108E+00  0.46671944E+01
  0.95971041E+00  0.46538056E+01
  0.96440973E+00  0.46398504E+01
  0.96910906E+00  0.46254707E+01
  0.97380839E+00  0.46107885E+01
  0.97850771E+00  0.45959077E+01
  0.98320704E+00  0.45809158E+01
  0.98790636E+00  0.45658866E+01
  0.99260569E+00  0.45508817E+01
  0.99730502E+00  0.45359523E+01
  0.10020043E+01  0.45211411E+01
  0.10067037E+01  0.45064834E+01
  0.10114030E+01  0.44920087E+01
  0.10161023E+01  0.44777411E+01
  0.10208016E+01  0.44637007E+01
  0.10255010E+01  0.44499041E+01
  0.10302003E+01  0.44363648E+01
  0.10348996E+01  0.44230940E+01
  0.10395990E+01  0.44101007E+01
  0.10442983E+01  0.43973924E+01
  0.10489976E+01  0.43849749E+01
  0.10536969E+01  0.43728528E+01
  0.10583963E+01  0.43610296E+01
  0.10630956E+01  0.43495078E+01
  0.10677949E+01  0.43382891E+01
  0.10724942E+01  0.43273746E+01
  0.10771936E+01  0.43167642E+01
  0.10818929E+01  0.43064577E+01
  0.10865922E+01  0.42964540E+01
  0.10912915E+01  0.42867515E+01
  0.10959909E+01  0.42773479E+01
  0.11006902E+01  0.42682407E+01
  0.11053895E+01  0.42594265E+01
  0.11100888E+01  0.42509017E+01
  0.11147882E+01  0.42426621E+01
  0.11194875E+01  0.42347030E+01
  0.11241868E+01  0.42270194E+01
  0.11288862E+01  0.42196060E+01
  0.11335855E+01  0.42124570E+01
  0.11382848E+01  0.42055663E+01
  0.11429841E+01  0.41989279E+01
  0.11476835E+01  0.41925353E+01
  0.11523828E+01  0.41863822E+01
  0.11570821E+01  0.41804624E+01
  0.11617814E+01  0.41747698E+01
  0.11664808E+01  0.41692989E+01
  0.11711801E+01  0.41640444E+01
  0.11758794E+01  0.41590020E+01
  0.11805787E+01  0.41541682E+01
  0.11852781E+01  0.41495409E+01
  0.11899774E+01  0.41451191E+01
  0.11946767E+01  0.41409037E+01
  0.11993761E+01  0.41368973E+01
  0.12040754E+01  0.41331049E+01
  0.12087747E+01  0.41295335E+01
  0.12134740E+01  0.41261928E+01
  0.12181734E+01  0.41230947E+01
  0.12228727E+01  0.41202536E+01
  0.12275720E+01  0.41176857E+01
  0.12322713E+01  0.41154087E+01
  0.12369707E+01  0.41134412E+01
  0.12416700E+01  0.41118015E+01
  0.12463693E+01  0.41105068E+01
  0.12510686E+01  0.41095721E+01
  0.12557680E+01  0.41090088E+01
  0.12604673E+01  0.41088241E+01
  0.12651770E+01  0.41088929E+01
  0.12698867E+01  0.41089850E+01
  0.12745964E+01  0.41090930E+01
  0.12793061E+01  0.41092051E+01
  0.12840158E+01  0.41093050E+01
  0.12887255E+01  0.41093728E+01
  0.12934352E+01  0.41093846E+01
  0.12981449E+01  0.41093133E+01
  0.13028546E+01  0.41091290E+01
  0.13075643E+01  0.41087992E+01
  0.13122740E+01  0.41082897E+01
  0.13169837E+01  0.41075644E+01
  0.13216934E+01  0.41065867E+01
  0.13264031E+01  0.41053189E+01
  0.13311128E+01  0.41037232E+01
  0.13358225E+01  0.41017622E+01
  0.13405322E+01  0.40993988E+01
  0.13452419E+01  0.40965969E+01
  0.13499516E+01  0.40933213E+01
  0.13546613E+01  0.40895387E+01
  0.13593710E+01  0.40852168E+01
  0.13640807E+01  0.40803255E+01
  0.13687904E+01  0.40748366E+01
  0.13735001E+01  0.40687240E+01
  0.13782098E+01  0.40619637E+01
  0.13829195E+01  0.40545341E+01
  0.13876292E+01  0.40464158E+01
  0.13923389E+01  0.40375921E+01
  0.13970486E+01  0.40280484E+01
  0.14017583E+01  0.40177726E+01
  0.14064680E+01  0.40067552E+01
  0.14111777E+01  0.39949889E+01
  0.14158874E+01  0.39824690E+01
  0.14205971E+01  0.39691930E+01
  0.14253068E+01  0.39551608E+01
  0.14300165E+01  0.39403746E+01
  0.14347262E+01  0.39302037E+01
  0.14394359E+01  0.39451222E+01
  0.14441456E+01  0.39602765E+01
  0.14488553E+01  0.39756537E+01
  0.14535650E+01  0.39912406E+01
  0.14582747E+01  0.40070230E+01
  0.14629844E+01  0.40229863E+01
  0.14676941E+01  0.40391149E+01
  0.14724038E+01  0.40553925E+01
  0.14771135E+01  0.40718015E+01
  0.14818232E+01  0.40883236E+01
  0.14865329E+01  0.41049391E+01
  0.14912426E+01  0.41216270E+01
  0.14959523E+01  0.41383649E+01
  0.15006620E+01  0.41551290E+01
  0.15053717E+01  0.41718937E+01
  0.15100814E+01  0.41886319E+01
  0.15147911E+01  0.42053142E+01
  0.15195008E+01  0.42219096E+01
  0.15242105E+01  0.42383851E+01
  0.15289202E+01  0.42547052E+01
  0.15336299E+01  0.42708327E+01
  0.15383396E+01  0.42867280E+01
  0.15430493E+01  0.43023495E+01
  0.15477590E+01  0.43176539E+01
  0.15524687E+01  0.43325960E+01
  0.15571785E+01  0.43471293E+01
  0.15618882E+01  0.43612063E+01
  0.15665979E+01  0.43747791E+01
  0.15713076E+01  0.43878000E+01
  0.15760173E+01  0.44002223E+01
  0.15807270E+01  0.44120009E+01
  0.15854367E+01  0.44230935E+01
  0.15901464E+01  0.44334612E+01
  0.15948561E+01  0.44430696E+01
  0.15995658E+01  0.44518896E+01
  0.16042755E+01  0.44598979E+01
  0.16089852E+01  0.44670778E+01
  0.16136949E+01  0.44734193E+01
  0.16184046E+01  0.44789190E+01
  0.16231143E+01  0.44835804E+01
  0.16278240E+01  0.44874134E+01
  0.16325337E+01  0.44904333E+01
  0.16372434E+01  0.44926607E+01
  0.16419531E+01  0.44941204E+01
  0.16466628E+01  0.44948406E+01
  0.16513725E+01  0.44948521E+01
  0.16560822E+01  0.44941875E+01
  0.16607919E+01  0.44928804E+01
  0.16655016E+01  0.44909650E+01
  0.16702113E+01  0.44884754E+01
  0.16749210E+01  0.44854449E+01
  0.16796307E+01  0.44819063E+01
  0.16843404E+01  0.44778910E+01
  0.16890501E+01  0.44734292E+01
  0.16937598E+01  0.44685496E+01
  0.16984695E+01  0.44632794E+01
  0.17031792E+01  0.44576446E+01
  0.17078889E+01  0.44516697E+01
  0.17125986E+01  0.44453784E+01
  0.17173083E+01  0.44387940E+01
  0.17220180E+01  0.44319418E+01
  0.17267277E+01  0.44248574E+01
  0.17314374E+01  0.44176426E+01
  0.17361471E+01  0.44121055E+01
  0.17408464E+01  0.44116375E+01
  0.17455457E+01  0.44102391E+01
  0.17502451E+01  0.44079160E+01
  0.17549444E+01  0.44046775E+01
  0.17596437E+01  0.44005372E+01
  0.17643430E+01  0.43955124E+01
  0.17690424E+01  0.43896249E+01
  0.17737417E+01  0.43829012E+01
  0.17784410E+01  0.43753742E+01
  0.17831403E+01  0.43670852E+01
  0.17878397E+01  0.43580894E+01
  0.17925390E+01  0.43484622E+01
  0.17972383E+01  0.43382891E+01
  0.18019377E+01  0.43276256E+01
  0.18066370E+01  0.43164867E+01
  0.18113363E+01  0.43048837E+01
  0.18160356E+01  0.42928424E+01
  0.18207350E+01  0.42804010E+01
  0.18254343E+01  0.42676047E+01
  0.18301336E+01  0.42545040E+01
  0.18348329E+01  0.42411521E+01
  0.18395323E+01  0.42276052E+01
  0.18442316E+01  0.42139213E+01
  0.18489309E+01  0.42001598E+01
  0.18536302E+01  0.41863819E+01
  0.18583296E+01  0.41726497E+01
  0.18630289E+01  0.41590259E+01
  0.18677282E+01  0.41455740E+01
  0.18724275E+01  0.41323577E+01
  0.18771269E+01  0.41194408E+01
  0.18818262E+01  0.41068866E+01
  0.18865255E+01  0.40947577E+01
  0.18912249E+01  0.40831159E+01
  0.18959242E+01  0.40720214E+01
  0.19006235E+01  0.40615326E+01
  0.19053228E+01  0.40517057E+01
  0.19100222E+01  0.40425943E+01
  0.19147215E+01  0.40342487E+01
  0.19194208E+01  0.40267157E+01
  0.19241201E+01  0.40200382E+01
  0.19288195E+01  0.40142544E+01
  0.19335188E+01  0.40093980E+01
  0.19382181E+01  0.40054975E+01
  0.19429174E+01  0.40025759E+01
  0.19476168E+01  0.40006508E+01
  0.19523161E+01  0.39997345E+01
  0.19570154E+01  0.39998335E+01
  0.19617147E+01  0.40009492E+01
  0.19664141E+01  0.40030778E+01
  0.19711134E+01  0.40062108E+01
  0.19758127E+01  0.40103353E+01
  0.19805121E+01  0.40154343E+01
  0.19852114E+01  0.40214863E+01
  0.19899107E+01  0.40284656E+01
  0.19946100E+01  0.40363405E+01
  0.19993094E+01  0.40450718E+01
  0.20040087E+01  0.40546086E+01
  0.20087080E+01  0.40648835E+01
  0.20134073E+01  0.40758036E+01
  0.20181067E+01  0.40872400E+01
  0.20228060E+01  0.40990142E+01
  0.20275053E+01  0.41108849E+01
  0.20322046E+01  0.41225398E+01
  0.20369040E+01  0.41336019E+01
  0.20416033E+01  0.41436604E+01
  0.20463026E+01  0.41523310E+01
  0.20510020E+01  0.41593354E+01
  0.20557013E+01  0.41645669E+01
  0.20604006E+01  0.41681110E+01
  0.20650999E+01  0.41702102E+01
  0.20697993E+01  0.41711943E+01
  0.20744986E+01  0.41714099E+01
  0.20791979E+01  0.41711695E+01
  0.20838972E+01  0.41707257E+01
  0.20885966E+01  0.41702651E+01
  0.20932959E+01  0.41699135E+01
  0.20979952E+01  0.41697479E+01
  0.21026945E+01  0.41698101E+01
  0.21073939E+01  0.41701211E+01
  0.21120932E+01  0.41706962E+01
  0.21167925E+01  0.41715550E+01
  0.21214918E+01  0.41727112E+01
  0.21261912E+01  0.41741365E+01
  0.21308905E+01  0.41757638E+01
  0.21355898E+01  0.41775287E+01
  0.21402892E+01  0.41793885E+01
  0.21449885E+01  0.41813181E+01
  0.21496878E+01  0.41833034E+01
  0.21543871E+01  0.41853384E+01
  0.21590865E+01  0.41874220E+01
  0.21637858E+01  0.41895572E+01
  0.21684851E+01  0.41917497E+01
  0.21731844E+01  0.41940078E+01
  0.21778838E+01  0.41963410E+01
  0.21825831E+01  0.41987602E+01
  0.21872824E+01  0.42012768E+01
  0.21919817E+01  0.42039028E+01
  0.21966811E+01  0.42066501E+01
  0.22013804E+01  0.42095305E+01
  0.22060797E+01  0.42125552E+01
  0.22107790E+01  0.42157353E+01
  0.22154784E+01  0.42190808E+01
  0.22201777E+01  0.42226012E+01
  0.22248770E+01  0.42263052E+01
  0.22295764E+01  0.42302005E+01
  0.22342757E+01  0.42342941E+01
  0.22389750E+01  0.42385920E+01
  0.22436743E+01  0.42430995E+01
  0.22483737E+01  0.42478210E+01
  0.22530730E+01  0.42527601E+01
  0.22577723E+01  0.42579198E+01
  0.22624716E+01  0.42633024E+01
  0.22671710E+01  0.42689095E+01
  0.22718703E+01  0.42747423E+01
  0.22765696E+01  0.42808014E+01
  0.22812689E+01  0.42870872E+01
  0.22859683E+01  0.42935996E+01
  0.22906676E+01  0.43003384E+01
  0.22953669E+01  0.43073032E+01
  0.23000662E+01  0.43144936E+01
  0.23047656E+01  0.43219097E+01
  0.23094649E+01  0.43295521E+01
  0.23141642E+01  0.43374232E+01
  0.23188636E+01  0.43455298E+01
  0.23235629E+01  0.43538884E+01
  0.23282622E+01  0.43625372E+01
  0.23329615E+01  0.43715261E+01
  0.23376609E+01  0.43808489E+01
  0.23423602E+01  0.43904451E+01
  0.23470595E+01  0.44002692E+01
  0.23517588E+01  0.44102976E+01
  0.23564582E+01  0.44205170E+01
  0.23611575E+01  0.44309183E+01
  0.23658568E+01  0.44414939E+01
  0.23705561E+01  0.44522368E+01
  0.23752555E+01  0.44631398E+01
  0.23799548E+01  0.44741957E+01
  0.23846541E+01  0.44853963E+01
  0.23893534E+01  0.44967330E+01
  0.23940528E+01  0.45081958E+01
  0.23987521E+01  0.45197738E+01
  0.24034514E+01  0.45314544E+01
  0.24081508E+01  0.45432233E+01
  0.24128501E+01  0.45550644E+01
  0.24175494E+01  0.45669590E+01
  0.24222487E+01  0.45788859E+01
  0.24269481E+01  0.45908208E+01
  0.24316474E+01  0.46027361E+01
  0.24363467E+01  0.46146002E+01
  0.24410460E+01  0.46263775E+01
  0.24457454E+01  0.46380273E+01
  0.24504447E+01  0.46495040E+01
  0.24551440E+01  0.46607564E+01
  0.24598433E+01  0.46717273E+01
  0.24645427E+01  0.46823534E+01
  0.24692420E+01  0.46925650E+01
  0.24739413E+01  0.47022865E+01
  0.24786406E+01  0.47114370E+01
  0.24833400E+01  0.47199309E+01
  0.24880393E+01  0.47276795E+01
  0.24927386E+01  0.47345934E+01
  0.24974380E+01  0.47405854E+01
  0.25021373E+01  0.47455733E+01
  0.25068366E+01  0.47494847E+01
  0.25115359E+01  0.47522606E+01
  0.25162353E+01  0.47538608E+01
  0.25209346E+01  0.47542673E+01
  
  0.00000000E+00  0.54414130E+01
  0.47097009E-02  0.54243940E+01
  0.94194018E-02  0.53999783E+01
  0.14129103E-01  0.53746085E+01
  0.18838804E-01  0.53487703E+01
  0.23548505E-01  0.53225902E+01
  0.28258205E-01  0.52961303E+01
  0.32967906E-01  0.52694336E+01
  0.37677607E-01  0.52425368E+01
  0.42387308E-01  0.52154736E+01
  0.47097009E-01  0.51882769E+01
  0.51806710E-01  0.51609789E+01
  0.56516411E-01  0.51336122E+01
  0.61226112E-01  0.51062094E+01
  0.65935813E-01  0.50788037E+01
  0.70645514E-01  0.50514287E+01
  0.75355215E-01  0.50241187E+01
  0.80064916E-01  0.49969087E+01
  0.84774616E-01  0.49698344E+01
  0.89484317E-01  0.49429325E+01
  0.94194018E-01  0.49162407E+01
  0.98903719E-01  0.48897979E+01
  0.10361342E+00  0.48636441E+01
  0.10832312E+00  0.48378213E+01
  0.11303282E+00  0.48126803E+01
  0.11774252E+00  0.48145312E+01
  0.12245222E+00  0.48164544E+01
  0.12716192E+00  0.48183652E+01
  0.13187163E+00  0.48202671E+01
  0.13658133E+00  0.48221640E+01
  0.14129103E+00  0.48240596E+01
  0.14600073E+00  0.48259575E+01
  0.15071043E+00  0.48278614E+01
  0.15542013E+00  0.48297744E+01
  0.16012983E+00  0.48316998E+01
  0.16483953E+00  0.48336406E+01
  0.16954923E+00  0.48355995E+01
  0.17425893E+00  0.48375791E+01
  0.17896863E+00  0.48395814E+01
  0.18367834E+00  0.48416086E+01
  0.18838804E+00  0.48436623E+01
  0.19309774E+00  0.48457439E+01
  0.19780744E+00  0.48478544E+01
  0.20251714E+00  0.48499947E+01
  0.20722684E+00  0.48521651E+01
  0.21193654E+00  0.48543658E+01
  0.21664624E+00  0.48565967E+01
  0.22135594E+00  0.48588571E+01
  0.22606564E+00  0.48611465E+01
  0.23077534E+00  0.48634636E+01
  0.23548505E+00  0.48658071E+01
  0.24019475E+00  0.48681754E+01
  0.24490445E+00  0.48705667E+01
  0.24961415E+00  0.48729787E+01
  0.25432385E+00  0.48754093E+01
  0.25903355E+00  0.48778558E+01
  0.26374325E+00  0.48803156E+01
  0.26845295E+00  0.48827858E+01
  0.27316265E+00  0.48852634E+01
  0.27787235E+00  0.48877453E+01
  0.28258205E+00  0.48902282E+01
  0.28729176E+00  0.48927088E+01
  0.29200146E+00  0.48951840E+01
  0.29671116E+00  0.49183949E+01
  0.30142086E+00  0.49653012E+01
  0.30613056E+00  0.50134675E+01
  0.31084026E+00  0.50626893E+01
  0.31554996E+00  0.51127664E+01
  0.32025966E+00  0.51635038E+01
  0.32496936E+00  0.52147123E+01
  0.32967906E+00  0.52662089E+01
  0.33438876E+00  0.53178163E+01
  0.33909847E+00  0.53693613E+01
  0.34380817E+00  0.54206618E+01
  0.34851787E+00  0.54639723E+01
  0.35322757E+00  0.54445989E+01
  0.35793727E+00  0.54249343E+01
  0.36264697E+00  0.54054968E+01
  0.36735667E+00  0.53863550E+01
  0.37206637E+00  0.53675673E+01
  0.37677607E+00  0.53491904E+01
  0.38148577E+00  0.53312795E+01
  0.38619547E+00  0.53138888E+01
  0.39090518E+00  0.52970711E+01
  0.39561488E+00  0.52808776E+01
  0.40032458E+00  0.52653573E+01
  0.40503428E+00  0.52505571E+01
  0.40974398E+00  0.52365215E+01
  0.41445368E+00  0.52232918E+01
  0.41916338E+00  0.52109069E+01
  0.42387308E+00  0.51994020E+01
  0.42858278E+00  0.51888095E+01
  0.43329248E+00  0.51791583E+01
  0.43800218E+00  0.51704740E+01
  0.44271189E+00  0.51627791E+01
  0.44742159E+00  0.51560925E+01
  0.45213129E+00  0.51504303E+01
  0.45684099E+00  0.51458056E+01
  0.46155069E+00  0.51422286E+01
  0.46626039E+00  0.51397067E+01
  0.47097009E+00  0.51382447E+01
  0.47567979E+00  0.51378448E+01
  0.48037912E+00  0.51387483E+01
  0.48507844E+00  0.51414834E+01
  0.48977777E+00  0.51460181E+01
  0.49447710E+00  0.51523007E+01
  0.49917642E+00  0.51602621E+01
  0.50387575E+00  0.51698190E+01
  0.50857508E+00  0.51808764E+01
  0.51327440E+00  0.51933312E+01
  0.51797373E+00  0.52070752E+01
  0.52267306E+00  0.52219975E+01
  0.52737238E+00  0.52379867E+01
  0.53207171E+00  0.52549325E+01
  0.53677103E+00  0.52727272E+01
  0.54147036E+00  0.52912665E+01
  0.54616969E+00  0.53104499E+01
  0.55086901E+00  0.53301809E+01
  0.55556834E+00  0.53503677E+01
  0.56026767E+00  0.53709223E+01
  0.56496699E+00  0.53917610E+01
  0.56966632E+00  0.54128039E+01
  0.57436565E+00  0.54339747E+01
  0.57906497E+00  0.54552005E+01
  0.58376430E+00  0.54764118E+01
  0.58846362E+00  0.54975418E+01
  0.59316295E+00  0.55185263E+01
  0.59786228E+00  0.55393039E+01
  0.60256160E+00  0.55598154E+01
  0.60726093E+00  0.55800038E+01
  0.61196026E+00  0.55998143E+01
  0.61665958E+00  0.56191940E+01
  0.62135891E+00  0.56380919E+01
  0.62605824E+00  0.56564588E+01
  0.63075756E+00  0.56742474E+01
  0.63545689E+00  0.56914120E+01
  0.64015621E+00  0.57079090E+01
  0.64485554E+00  0.57236960E+01
  0.64955487E+00  0.57387329E+01
  0.65425419E+00  0.57529811E+01
  0.65895352E+00  0.57664036E+01
  0.66365285E+00  0.57789657E+01
  0.66835217E+00  0.57906342E+01
  0.67305150E+00  0.58013779E+01
  0.67775083E+00  0.58111678E+01
  0.68245015E+00  0.58199765E+01
  0.68714948E+00  0.58277791E+01
  0.69184880E+00  0.58345527E+01
  0.69654813E+00  0.58402764E+01
  0.70124746E+00  0.58449319E+01
  0.70594678E+00  0.58485032E+01
  0.71064611E+00  0.58509765E+01
  0.71534544E+00  0.58523407E+01
  0.72004476E+00  0.58525874E+01
  0.72474409E+00  0.58517105E+01
  0.72944342E+00  0.58497069E+01
  0.73414274E+00  0.58465761E+01
  0.73884207E+00  0.58423207E+01
  0.74354139E+00  0.58369460E+01
  0.74824072E+00  0.58304606E+01
  0.75294005E+00  0.58228760E+01
  0.75763937E+00  0.58142068E+01
  0.76233870E+00  0.58044712E+01
  0.76703803E+00  0.57936904E+01
  0.77173735E+00  0.57818893E+01
  0.77643668E+00  0.57690959E+01
  0.78113601E+00  0.57553424E+01
  0.78583533E+00  0.57406641E+01
  0.79053466E+00  0.57251006E+01
  0.79523398E+00  0.57086951E+01
  0.79993331E+00  0.56914951E+01
  0.80463264E+00  0.56735522E+01
  0.80933196E+00  0.56549226E+01
  0.81403129E+00  0.56356672E+01
  0.81873062E+00  0.56158515E+01
  0.82342994E+00  0.55955469E+01
  0.82812927E+00  0.55748299E+01
  0.83282859E+00  0.55537838E+01
  0.83752792E+00  0.55324981E+01
  0.84222725E+00  0.55110704E+01
  0.84692657E+00  0.54896065E+01
  0.85162590E+00  0.54682215E+01
  0.85632523E+00  0.54470415E+01
  0.86102455E+00  0.54262045E+01
  0.86572388E+00  0.54058622E+01
  0.87042321E+00  0.53861815E+01
  0.87512253E+00  0.53673454E+01
  0.87982186E+00  0.53495542E+01
  0.88452118E+00  0.53330248E+01
  0.88922051E+00  0.53179885E+01
  0.89391984E+00  0.53046849E+01
  0.89861916E+00  0.52933395E+01
  0.90331849E+00  0.52767061E+01
  0.90801782E+00  0.52549998E+01
  0.91271714E+00  0.52335911E+01
  0.91741647E+00  0.52125322E+01
  0.92211580E+00  0.51918680E+01
  0.92681512E+00  0.51716445E+01
  0.93151445E+00  0.51519105E+01
  0.93621377E+00  0.51327172E+01
  0.94091310E+00  0.51141190E+01
  0.94561243E+00  0.50961732E+01
  0.95031175E+00  0.50789403E+01
  0.95501108E+00  0.50624836E+01
  0.95971041E+00  0.50468689E+01
  0.96440973E+00  0.50321635E+01
  0.96910906E+00  0.50184357E+01
  0.97380839E+00  0.50057527E+01
  0.97850771E+00  0.49941795E+01
  0.98320704E+00  0.49837763E+01
  0.98790636E+00  0.49745962E+01
  0.99260569E+00  0.49666831E+01
  0.99730502E+00  0.49600693E+01
  0.10020043E+01  0.49547737E+01
  0.10067037E+01  0.49508007E+01
  0.10114030E+01  0.49481399E+01
  0.10161023E+01  0.49467662E+01
  0.10208016E+01  0.49466414E+01
  0.10255010E+01  0.49477158E+01
  0.10302003E+01  0.49499304E+01
  0.10348996E+01  0.49532193E+01
  0.10395990E+01  0.49575121E+01
  0.10442983E+01  0.49627356E+01
  0.10489976E+01  0.49688161E+01
  0.10536969E+01  0.49756801E+01
  0.10583963E+01  0.49832560E+01
  0.10630956E+01  0.49914744E+01
  0.10677949E+01  0.50002689E+01
  0.10724942E+01  0.50095757E+01
  0.10771936E+01  0.50193343E+01
  0.10818929E+01  0.50294874E+01
  0.10865922E+01  0.50399804E+01
  0.10912915E+01  0.50507614E+01
  0.10959909E+01  0.50617812E+01
  0.11006902E+01  0.50729930E+01
  0.11053895E+01  0.50843520E+01
  0.11100888E+01  0.50958156E+01
  0.11147882E+01  0.51073430E+01
  0.11194875E+01  0.51188949E+01
  0.11241868E+01  0.51304338E+01
  0.11288862E+01  0.51419236E+01
  0.11335855E+01  0.51533294E+01
  0.11382848E+01  0.51646178E+01
  0.11429841E+01  0.51757566E+01
  0.11476835E+01  0.51867146E+01
  0.11523828E+01  0.51974621E+01
  0.11570821E+01  0.52079703E+01
  0.11617814E+01  0.52182114E+01
  0.11664808E+01  0.52281589E+01
  0.11711801E+01  0.52377875E+01
  0.11758794E+01  0.52470727E+01
  0.11805787E+01  0.52559913E+01
  0.11852781E+01  0.52645212E+01
  0.11899774E+01  0.52726415E+01
  0.11946767E+01  0.52803324E+01
  0.11993761E+01  0.52875753E+01
  0.12040754E+01  0.52943526E+01
  0.12087747E+01  0.53006482E+01
  0.12134740E+01  0.53064470E+01
  0.12181734E+01  0.53117353E+01
  0.12228727E+01  0.53165006E+01
  0.12275720E+01  0.53207317E+01
  0.12322713E+01  0.53244185E+01
  0.12369707E+01  0.53275525E+01
  0.12416700E+01  0.53301263E+01
  0.12463693E+01  0.53321339E+01
  0.12510686E+01  0.53335706E+01
  0.12557680E+01  0.53344332E+01
  0.12604673E+01  0.53347195E+01
  0.12651770E+01  0.53346414E+01
  0.12698867E+01  0.53344232E+01
  0.12745964E+01  0.53340652E+01
  0.12793061E+01  0.53335678E+01
  0.12840158E+01  0.53329315E+01
  0.12887255E+01  0.53321570E+01
  0.12934352E+01  0.53312449E+01
  0.12981449E+01  0.53301961E+01
  0.13028546E+01  0.53290118E+01
  0.13075643E+01  0.53276930E+01
  0.13122740E+01  0.53262410E+01
  0.13169837E+01  0.53246572E+01
  0.13216934E+01  0.53229433E+01
  0.13264031E+01  0.53211009E+01
  0.13311128E+01  0.53191318E+01
  0.13358225E+01  0.53170381E+01
  0.13405322E+01  0.53148219E+01
  0.13452419E+01  0.53124855E+01
  0.13499516E+01  0.53100315E+01
  0.13546613E+01  0.53074623E+01
  0.13593710E+01  0.53047810E+01
  0.13640807E+01  0.53019904E+01
  0.13687904E+01  0.52990937E+01
  0.13735001E+01  0.52960944E+01
  0.13782098E+01  0.52929961E+01
  0.13829195E+01  0.52898027E+01
  0.13876292E+01  0.52865181E+01
  0.13923389E+01  0.52831468E+01
  0.13970486E+01  0.52796933E+01
  0.14017583E+01  0.52761626E+01
  0.14064680E+01  0.52725599E+01
  0.14111777E+01  0.52688907E+01
  0.14158874E+01  0.52651609E+01
  0.14205971E+01  0.52613768E+01
  0.14253068E+01  0.52575452E+01
  0.14300165E+01  0.52536731E+01
  0.14347262E+01  0.52497683E+01
  0.14394359E+01  0.52458389E+01
  0.14441456E+01  0.52418936E+01
  0.14488553E+01  0.52379419E+01
  0.14535650E+01  0.52339938E+01
  0.14582747E+01  0.52300600E+01
  0.14629844E+01  0.52261522E+01
  0.14676941E+01  0.52222827E+01
  0.14724038E+01  0.52184649E+01
  0.14771135E+01  0.52147133E+01
  0.14818232E+01  0.52110432E+01
  0.14865329E+01  0.52074715E+01
  0.14912426E+01  0.52040160E+01
  0.14959523E+01  0.52006961E+01
  0.15006620E+01  0.51975326E+01
  0.15053717E+01  0.51945479E+01
  0.15100814E+01  0.51917661E+01
  0.15147911E+01  0.51892130E+01
  0.15195008E+01  0.51869165E+01
  0.15242105E+01  0.51849060E+01
  0.15289202E+01  0.51832131E+01
  0.15336299E+01  0.51818715E+01
  0.15383396E+01  0.51809165E+01
  0.15430493E+01  0.51803855E+01
  0.15477590E+01  0.51803174E+01
  0.15524687E+01  0.51807527E+01
  0.15571785E+01  0.51817329E+01
  0.15618882E+01  0.51833002E+01
  0.15665979E+01  0.51854970E+01
  0.15713076E+01  0.51883652E+01
  0.15760173E+01  0.51919453E+01
  0.15807270E+01  0.51962760E+01
  0.15854367E+01  0.52013928E+01
  0.15901464E+01  0.52073273E+01
  0.15948561E+01  0.52141065E+01
  0.15995658E+01  0.52217517E+01
  0.16042755E+01  0.52302778E+01
  0.16089852E+01  0.52396930E+01
  0.16136949E+01  0.52499985E+01
  0.16184046E+01  0.52611881E+01
  0.16231143E+01  0.52732487E+01
  0.16278240E+01  0.52861606E+01
  0.16325337E+01  0.52998978E+01
  0.16372434E+01  0.53144291E+01
  0.16419531E+01  0.53297188E+01
  0.16466628E+01  0.53457272E+01
  0.16513725E+01  0.53624120E+01
  0.16560822E+01  0.53797285E+01
  0.16607919E+01  0.53976311E+01
  0.16655016E+01  0.54160731E+01
  0.16702113E+01  0.54350079E+01
  0.16749210E+01  0.54543892E+01
  0.16796307E+01  0.54741715E+01
  0.16843404E+01  0.54943103E+01
  0.16890501E+01  0.55147623E+01
  0.16937598E+01  0.55354856E+01
  0.16984695E+01  0.55564398E+01
  0.17031792E+01  0.55775862E+01
  0.17078889E+01  0.55988875E+01
  0.17125986E+01  0.56203080E+01
  0.17173083E+01  0.56418137E+01
  0.17220180E+01  0.56633718E+01
  0.17267277E+01  0.56849509E+01
  0.17314374E+01  0.57065182E+01
  0.17361471E+01  0.57273765E+01
  0.17408464E+01  0.57268705E+01
  0.17455457E+01  0.57253528E+01
  0.17502451E+01  0.57228234E+01
  0.17549444E+01  0.57192812E+01
  0.17596437E+01  0.57147232E+01
  0.17643430E+01  0.57091431E+01
  0.17690424E+01  0.57025338E+01
  0.17737417E+01  0.56948918E+01
  0.17784410E+01  0.56862232E+01
  0.17831403E+01  0.56765438E+01
  0.17878397E+01  0.56658733E+01
  0.17925390E+01  0.56542325E+01
  0.17972383E+01  0.56416420E+01
  0.18019377E+01  0.56281226E+01
  0.18066370E+01  0.56136955E+01
  0.18113363E+01  0.55983827E+01
  0.18160356E+01  0.55822068E+01
  0.18207350E+01  0.55651916E+01
  0.18254343E+01  0.55473620E+01
  0.18301336E+01  0.55287436E+01
  0.18348329E+01  0.55093631E+01
  0.18395323E+01  0.54892484E+01
  0.18442316E+01  0.54684281E+01
  0.18489309E+01  0.54469318E+01
  0.18536302E+01  0.54247899E+01
  0.18583296E+01  0.54020338E+01
  0.18630289E+01  0.53786954E+01
  0.18677282E+01  0.53548077E+01
  0.18724275E+01  0.53304041E+01
  0.18771269E+01  0.53055190E+01
  0.18818262E+01  0.52801872E+01
  0.18865255E+01  0.52544442E+01
  0.18912249E+01  0.52283263E+01
  0.18959242E+01  0.52018701E+01
  0.19006235E+01  0.51751131E+01
  0.19053228E+01  0.51480932E+01
  0.19100222E+01  0.51208491E+01
  0.19147215E+01  0.50934201E+01
  0.19194208E+01  0.50658464E+01
  0.19241201E+01  0.50381688E+01
  0.19288195E+01  0.50104294E+01
  0.19335188E+01  0.49826710E+01
  0.19382181E+01  0.49549380E+01
  0.19429174E+01  0.49272763E+01
  0.19476168E+01  0.48997336E+01
  0.19523161E+01  0.48723599E+01
  0.19570154E+01  0.48452078E+01
  0.19617147E+01  0.48183335E+01
  0.19664141E+01  0.47917972E+01
  0.19711134E+01  0.47656643E+01
  0.19758127E+01  0.47400065E+01
  0.19805121E+01  0.47149037E+01
  0.19852114E+01  0.46904457E+01
  0.19899107E+01  0.46667352E+01
  0.19946100E+01  0.46438909E+01
  0.19993094E+01  0.46220522E+01
  0.20040087E+01  0.46013847E+01
  0.20087080E+01  0.45820870E+01
  0.20134073E+01  0.45643995E+01
  0.20181067E+01  0.45486141E+01
  0.20228060E+01  0.45350838E+01
  0.20275053E+01  0.45242299E+01
  0.20322046E+01  0.45165403E+01
  0.20369040E+01  0.45125517E+01
  0.20416033E+01  0.45128047E+01
  0.20463026E+01  0.45177709E+01
  0.20510020E+01  0.45277644E+01
  0.20557013E+01  0.45428701E+01
  0.20604006E+01  0.45629232E+01
  0.20650999E+01  0.45875484E+01
  0.20697993E+01  0.46162359E+01
  0.20744986E+01  0.46484209E+01
  0.20791979E+01  0.46835430E+01
  0.20838972E+01  0.47210812E+01
  0.20885966E+01  0.47605689E+01
  0.20932959E+01  0.48015971E+01
  0.20979952E+01  0.48438103E+01
  0.21026945E+01  0.48869010E+01
  0.21073939E+01  0.49306030E+01
  0.21120932E+01  0.49746851E+01
  0.21167925E+01  0.50189457E+01
  0.21214918E+01  0.50632082E+01
  0.21261912E+01  0.51073167E+01
  0.21308905E+01  0.51511335E+01
  0.21355898E+01  0.51945357E+01
  0.21402892E+01  0.52374135E+01
  0.21449885E+01  0.52796684E+01
  0.21496878E+01  0.53212113E+01
  0.21543871E+01  0.53619621E+01
  0.21590865E+01  0.54018478E+01
  0.21637858E+01  0.54408023E+01
  0.21684851E+01  0.54787655E+01
  0.21731844E+01  0.55156827E+01
  0.21778838E+01  0.55515043E+01
  0.21825831E+01  0.55861851E+01
  0.21872824E+01  0.56196843E+01
  0.21919817E+01  0.56519649E+01
  0.21966811E+01  0.56829937E+01
  0.22013804E+01  0.57127409E+01
  0.22060797E+01  0.57411800E+01
  0.22107790E+01  0.57682879E+01
  0.22154784E+01  0.57940443E+01
  0.22201777E+01  0.58184317E+01
  0.22248770E+01  0.58414357E+01
  0.22295764E+01  0.58630444E+01
  0.22342757E+01  0.58832486E+01
  0.22389750E+01  0.59020417E+01
  0.22436743E+01  0.59194196E+01
  0.22483737E+01  0.59353806E+01
  0.22530730E+01  0.59499252E+01
  0.22577723E+01  0.59630567E+01
  0.22624716E+01  0.59747804E+01
  0.22671710E+01  0.59851039E+01
  0.22718703E+01  0.59940371E+01
  0.22765696E+01  0.60015921E+01
  0.22812689E+01  0.60077833E+01
  0.22859683E+01  0.60126272E+01
  0.22906676E+01  0.60161426E+01
  0.22953669E+01  0.60183502E+01
  0.23000662E+01  0.60192733E+01
  0.23047656E+01  0.60189368E+01
  0.23094649E+01  0.60173680E+01
  0.23141642E+01  0.60145961E+01
  0.23188636E+01  0.60106522E+01
  0.23235629E+01  0.60055695E+01
  0.23282622E+01  0.59993828E+01
  0.23329615E+01  0.59921288E+01
  0.23376609E+01  0.59838457E+01
  0.23423602E+01  0.59745734E+01
  0.23470595E+01  0.59643533E+01
  0.23517588E+01  0.59532282E+01
  0.23564582E+01  0.59412423E+01
  0.23611575E+01  0.59284411E+01
  0.23658568E+01  0.59148716E+01
  0.23705561E+01  0.59005816E+01
  0.23752555E+01  0.58856207E+01
  0.23799548E+01  0.58700393E+01
  0.23846541E+01  0.58538891E+01
  0.23893534E+01  0.58372234E+01
  0.23940528E+01  0.58200963E+01
  0.23987521E+01  0.58025636E+01
  0.24034514E+01  0.57846824E+01
  0.24081508E+01  0.57665116E+01
  0.24128501E+01  0.57481113E+01
  0.24175494E+01  0.57295440E+01
  0.24222487E+01  0.57108738E+01
  0.24269481E+01  0.56921674E+01
  0.24316474E+01  0.56734938E+01
  0.24363467E+01  0.56549249E+01
  0.24410460E+01  0.56365358E+01
  0.24457454E+01  0.56184049E+01
  0.24504447E+01  0.56006147E+01
  0.24551440E+01  0.55832516E+01
  0.24598433E+01  0.55664065E+01
  0.24645427E+01  0.55501749E+01
  0.24692420E+01  0.55346567E+01
  0.24739413E+01  0.55199565E+01
  0.24786406E+01  0.55061824E+01
  0.24833400E+01  0.54934455E+01
  0.24880393E+01  0.54818583E+01
  0.24927386E+01  0.54715322E+01
  0.24974380E+01  0.54625754E+01
  0.25021373E+01  0.54550890E+01
  0.25068366E+01  0.54491634E+01
  0.25115359E+01  0.54448742E+01
  0.25162353E+01  0.54422788E+01
  0.25209346E+01  0.54414130E+01
  
  0.00000000E+00  0.54618002E+01
  0.47097009E-02  0.54784220E+01
  0.94194018E-02  0.55016784E+01
  0.14129103E-01  0.55251291E+01
  0.18838804E-01  0.55482918E+01
  0.23548505E-01  0.55710446E+01
  0.28258205E-01  0.55933314E+01
  0.32967906E-01  0.56151163E+01
  0.37677607E-01  0.56363710E+01
  0.42387308E-01  0.56570716E+01
  0.47097009E-01  0.56771963E+01
  0.51806710E-01  0.56967249E+01
  0.56516411E-01  0.57156387E+01
  0.61226112E-01  0.57339198E+01
  0.65935813E-01  0.57515514E+01
  0.70645514E-01  0.57685177E+01
  0.75355215E-01  0.57848035E+01
  0.80064916E-01  0.58003945E+01
  0.84774616E-01  0.58152774E+01
  0.89484317E-01  0.58294393E+01
  0.94194018E-01  0.58428684E+01
  0.98903719E-01  0.58555535E+01
  0.10361342E+00  0.58674841E+01
  0.10832312E+00  0.58786505E+01
  0.11303282E+00  0.58890437E+01
  0.11774252E+00  0.58986554E+01
  0.12245222E+00  0.59074780E+01
  0.12716192E+00  0.59155046E+01
  0.13187163E+00  0.59227290E+01
  0.13658133E+00  0.59291458E+01
  0.14129103E+00  0.59347501E+01
  0.14600073E+00  0.59395377E+01
  0.15071043E+00  0.59435054E+01
  0.15542013E+00  0.59466503E+01
  0.16012983E+00  0.59489704E+01
  0.16483953E+00  0.59504646E+01
  0.16954923E+00  0.59511322E+01
  0.17425893E+00  0.59509735E+01
  0.17896863E+00  0.59499895E+01
  0.18367834E+00  0.59481820E+01
  0.18838804E+00  0.59455538E+01
  0.19309774E+00  0.59421084E+01
  0.19780744E+00  0.59378502E+01
  0.20251714E+00  0.59327846E+01
  0.20722684E+00  0.59269180E+01
  0.21193654E+00  0.59202578E+01
  0.21664624E+00  0.59128125E+01
  0.22135594E+00  0.59045918E+01
  0.22606564E+00  0.58956065E+01
  0.23077534E+00  0.58858686E+01
  0.23548505E+00  0.58753914E+01
  0.24019475E+00  0.58641896E+01
  0.24490445E+00  0.58522794E+01
  0.24961415E+00  0.58396783E+01
  0.25432385E+00  0.58264053E+01
  0.25903355E+00  0.58124811E+01
  0.26374325E+00  0.57979279E+01
  0.26845295E+00  0.57827698E+01
  0.27316265E+00  0.57670325E+01
  0.27787235E+00  0.57507433E+01
  0.28258205E+00  0.57339315E+01
  0.28729176E+00  0.57166284E+01
  0.29200146E+00  0.56988669E+01
  0.29671116E+00  0.56806819E+01
  0.30142086E+00  0.56621103E+01
  0.30613056E+00  0.56431909E+01
  0.31084026E+00  0.56239642E+01
  0.31554996E+00  0.56044729E+01
  0.32025966E+00  0.55847614E+01
  0.32496936E+00  0.55648760E+01
  0.32967906E+00  0.55448650E+01
  0.33438876E+00  0.55247788E+01
  0.33909847E+00  0.55046720E+01
  0.34380817E+00  0.54846156E+01
  0.34851787E+00  0.54722513E+01
  0.35322757E+00  0.55221765E+01
  0.35793727E+00  0.55719086E+01
  0.36264697E+00  0.56208455E+01
  0.36735667E+00  0.56688408E+01
  0.37206637E+00  0.57157633E+01
  0.37677607E+00  0.57614889E+01
  0.38148577E+00  0.58058991E+01
  0.38619547E+00  0.58488808E+01
  0.39090518E+00  0.58903259E+01
  0.39561488E+00  0.59301317E+01
  0.40032458E+00  0.59682002E+01
  0.40503428E+00  0.60044389E+01
  0.40974398E+00  0.60387601E+01
  0.41445368E+00  0.60710814E+01
  0.41916338E+00  0.61013258E+01
  0.42387308E+00  0.61294213E+01
  0.42858278E+00  0.61553017E+01
  0.43329248E+00  0.61789058E+01
  0.43800218E+00  0.62001782E+01
  0.44271189E+00  0.62190691E+01
  0.44742159E+00  0.62355343E+01
  0.45213129E+00  0.62495353E+01
  0.45684099E+00  0.62610395E+01
  0.46155069E+00  0.62700201E+01
  0.46626039E+00  0.62764561E+01
  0.47097009E+00  0.62803327E+01
  0.47567979E+00  0.62816407E+01
  0.48037912E+00  0.62816359E+01
  0.48507844E+00  0.62815908E+01
  0.48977777E+00  0.62815041E+01
  0.49447710E+00  0.62813739E+01
  0.49917642E+00  0.62811974E+01
  0.50387575E+00  0.62809712E+01
  0.50857508E+00  0.62806911E+01
  0.51327440E+00  0.62803520E+01
  0.51797373E+00  0.62799485E+01
  0.52267306E+00  0.62794743E+01
  0.52737238E+00  0.62789224E+01
  0.53207171E+00  0.62782853E+01
  0.53677103E+00  0.62775548E+01
  0.54147036E+00  0.62767222E+01
  0.54616969E+00  0.62757782E+01
  0.55086901E+00  0.62747131E+01
  0.55556834E+00  0.62735165E+01
  0.56026767E+00  0.62721778E+01
  0.56496699E+00  0.62706859E+01
  0.56966632E+00  0.62690294E+01
  0.57436565E+00  0.62671963E+01
  0.57906497E+00  0.62651747E+01
  0.58376430E+00  0.62629523E+01
  0.58846362E+00  0.62605164E+01
  0.59316295E+00  0.62578544E+01
  0.59786228E+00  0.62549535E+01
  0.60256160E+00  0.62518009E+01
  0.60726093E+00  0.62483834E+01
  0.61196026E+00  0.62446884E+01
  0.61665958E+00  0.62407028E+01
  0.62135891E+00  0.62364139E+01
  0.62605824E+00  0.62318092E+01
  0.63075756E+00  0.62268761E+01
  0.63545689E+00  0.62216025E+01
  0.64015621E+00  0.62159763E+01
  0.64485554E+00  0.62099860E+01
  0.64955487E+00  0.62036203E+01
  0.65425419E+00  0.61968682E+01
  0.65895352E+00  0.61897193E+01
  0.66365285E+00  0.61821637E+01
  0.66835217E+00  0.61741919E+01
  0.67305150E+00  0.61657949E+01
  0.67775083E+00  0.61569644E+01
  0.68245015E+00  0.61476927E+01
  0.68714948E+00  0.61379729E+01
  0.69184880E+00  0.61277985E+01
  0.69654813E+00  0.61171641E+01
  0.70124746E+00  0.61060647E+01
  0.70594678E+00  0.60944963E+01
  0.71064611E+00  0.60824559E+01
  0.71534544E+00  0.60699410E+01
  0.72004476E+00  0.60569502E+01
  0.72474409E+00  0.60434831E+01
  0.72944342E+00  0.60295400E+01
  0.73414274E+00  0.60151225E+01
  0.73884207E+00  0.60002329E+01
  0.74354139E+00  0.59848746E+01
  0.74824072E+00  0.59690521E+01
  0.75294005E+00  0.59527710E+01
  0.75763937E+00  0.59360377E+01
  0.76233870E+00  0.59188600E+01
  0.76703803E+00  0.59012465E+01
  0.77173735E+00  0.58832071E+01
  0.77643668E+00  0.58647527E+01
  0.78113601E+00  0.58458953E+01
  0.78583533E+00  0.58266479E+01
  0.79053466E+00  0.58070247E+01
  0.79523398E+00  0.57870409E+01
  0.79993331E+00  0.57667128E+01
  0.80463264E+00  0.57460577E+01
  0.80933196E+00  0.57250937E+01
  0.81403129E+00  0.57038402E+01
  0.81873062E+00  0.56823173E+01
  0.82342994E+00  0.56605461E+01
  0.82812927E+00  0.56385485E+01
  0.83282859E+00  0.56163472E+01
  0.83752792E+00  0.55939659E+01
  0.84222725E+00  0.55714288E+01
  0.84692657E+00  0.55487611E+01
  0.85162590E+00  0.55259886E+01
  0.85632523E+00  0.55031380E+01
  0.86102455E+00  0.54802364E+01
  0.86572388E+00  0.54573121E+01
  0.87042321E+00  0.54343939E+01
  0.87512253E+00  0.54115114E+01
  0.87982186E+00  0.53886951E+01
  0.88452118E+00  0.53659766E+01
  0.88922051E+00  0.53433887E+01
  0.89391984E+00  0.53209665E+01
  0.89861916E+00  0.52987618E+01
  0.90331849E+00  0.52842883E+01
  0.90801782E+00  0.52775731E+01
  0.91271714E+00  0.52734457E+01
  0.91741647E+00  0.52719958E+01
  0.92211580E+00  0.52732528E+01
  0.92681512E+00  0.52771751E+01
  0.93151445E+00  0.52836561E+01
  0.93621377E+00  0.52925379E+01
  0.94091310E+00  0.53036282E+01
  0.94561243E+00  0.53167177E+01
  0.95031175E+00  0.53315941E+01
  0.95501108E+00  0.53480526E+01
  0.95971041E+00  0.53659026E+01
  0.96440973E+00  0.53849706E+01
  0.96910906E+00  0.54051011E+01
  0.97380839E+00  0.54261565E+01
  0.97850771E+00  0.54480154E+01
  0.98320704E+00  0.54705709E+01
  0.98790636E+00  0.54937286E+01
  0.99260569E+00  0.55174054E+01
  0.99730502E+00  0.55415272E+01
  0.10020043E+01  0.55660280E+01
  0.10067037E+01  0.55908485E+01
  0.10114030E+01  0.56159351E+01
  0.10161023E+01  0.56412390E+01
  0.10208016E+01  0.56667156E+01
  0.10255010E+01  0.56923235E+01
  0.10302003E+01  0.57180247E+01
  0.10348996E+01  0.57437833E+01
  0.10395990E+01  0.57695658E+01
  0.10442983E+01  0.57953406E+01
  0.10489976E+01  0.58210777E+01
  0.10536969E+01  0.58467483E+01
  0.10583963E+01  0.58723250E+01
  0.10630956E+01  0.58977813E+01
  0.10677949E+01  0.59230916E+01
  0.10724942E+01  0.59482312E+01
  0.10771936E+01  0.59731758E+01
  0.10818929E+01  0.59979017E+01
  0.10865922E+01  0.60223858E+01
  0.10912915E+01  0.60466051E+01
  0.10959909E+01  0.60705370E+01
  0.11006902E+01  0.60941592E+01
  0.11053895E+01  0.61174494E+01
  0.11100888E+01  0.61403853E+01
  0.11147882E+01  0.61629449E+01
  0.11194875E+01  0.61851061E+01
  0.11241868E+01  0.62068466E+01
  0.11288862E+01  0.62281442E+01
  0.11335855E+01  0.62489765E+01
  0.11382848E+01  0.62693211E+01
  0.11429841E+01  0.62891554E+01
  0.11476835E+01  0.63084568E+01
  0.11523828E+01  0.63272025E+01
  0.11570821E+01  0.63453698E+01
  0.11617814E+01  0.63629357E+01
  0.11664808E+01  0.63798774E+01
  0.11711801E+01  0.63961724E+01
  0.11758794E+01  0.64117979E+01
  0.11805787E+01  0.64267316E+01
  0.11852781E+01  0.64409514E+01
  0.11899774E+01  0.64544358E+01
  0.11946767E+01  0.64671636E+01
  0.11993761E+01  0.64791142E+01
  0.12040754E+01  0.64902679E+01
  0.12087747E+01  0.65006058E+01
  0.12134740E+01  0.65101097E+01
  0.12181734E+01  0.65187630E+01
  0.12228727E+01  0.65265498E+01
  0.12275720E+01  0.65334557E+01
  0.12322713E+01  0.65394678E+01
  0.12369707E+01  0.65445746E+01
  0.12416700E+01  0.65487662E+01
  0.12463693E+01  0.65520344E+01
  0.12510686E+01  0.65543729E+01
  0.12557680E+01  0.65557769E+01
  0.12604673E+01  0.65562437E+01
  0.12651770E+01  0.65562207E+01
  0.12698867E+01  0.65561571E+01
  0.12745964E+01  0.65560527E+01
  0.12793061E+01  0.65559069E+01
  0.12840158E+01  0.65557193E+01
  0.12887255E+01  0.65554890E+01
  0.12934352E+01  0.65552150E+01
  0.12981449E+01  0.65548962E+01
  0.13028546E+01  0.65545313E+01
  0.13075643E+01  0.65541188E+01
  0.13122740E+01  0.65536569E+01
  0.13169837E+01  0.65531438E+01
  0.13216934E+01  0.65525774E+01
  0.13264031E+01  0.65519555E+01
  0.13311128E+01  0.65512756E+01
  0.13358225E+01  0.65505350E+01
  0.13405322E+01  0.65497309E+01
  0.13452419E+01  0.65488604E+01
  0.13499516E+01  0.65479202E+01
  0.13546613E+01  0.65469068E+01
  0.13593710E+01  0.65458167E+01
  0.13640807E+01  0.65446461E+01
  0.13687904E+01  0.65433910E+01
  0.13735001E+01  0.65420471E+01
  0.13782098E+01  0.65406101E+01
  0.13829195E+01  0.65390754E+01
  0.13876292E+01  0.65374382E+01
  0.13923389E+01  0.65356935E+01
  0.13970486E+01  0.65338361E+01
  0.14017583E+01  0.65318608E+01
  0.14064680E+01  0.65297619E+01
  0.14111777E+01  0.65275336E+01
  0.14158874E+01  0.65251702E+01
  0.14205971E+01  0.65226655E+01
  0.14253068E+01  0.65200132E+01
  0.14300165E+01  0.65172069E+01
  0.14347262E+01  0.65142400E+01
  0.14394359E+01  0.65111057E+01
  0.14441456E+01  0.65077973E+01
  0.14488553E+01  0.65043076E+01
  0.14535650E+01  0.65006295E+01
  0.14582747E+01  0.64967558E+01
  0.14629844E+01  0.64926790E+01
  0.14676941E+01  0.64883918E+01
  0.14724038E+01  0.64838866E+01
  0.14771135E+01  0.64791557E+01
  0.14818232E+01  0.64741916E+01
  0.14865329E+01  0.64689865E+01
  0.14912426E+01  0.64635327E+01
  0.14959523E+01  0.64578226E+01
  0.15006620E+01  0.64518485E+01
  0.15053717E+01  0.64456027E+01
  0.15100814E+01  0.64390776E+01
  0.15147911E+01  0.64322658E+01
  0.15195008E+01  0.64251598E+01
  0.15242105E+01  0.64177524E+01
  0.15289202E+01  0.64100364E+01
  0.15336299E+01  0.64020050E+01
  0.15383396E+01  0.63936514E+01
  0.15430493E+01  0.63849690E+01
  0.15477590E+01  0.63759515E+01
  0.15524687E+01  0.63665931E+01
  0.15571785E+01  0.63568880E+01
  0.15618882E+01  0.63468308E+01
  0.15665979E+01  0.63364166E+01
  0.15713076E+01  0.63256407E+01
  0.15760173E+01  0.63144990E+01
  0.15807270E+01  0.63029877E+01
  0.15854367E+01  0.62911034E+01
  0.15901464E+01  0.62788435E+01
  0.15948561E+01  0.62662056E+01
  0.15995658E+01  0.62531880E+01
  0.16042755E+01  0.62397896E+01
  0.16089852E+01  0.62260098E+01
  0.16136949E+01  0.62118488E+01
  0.16184046E+01  0.61973072E+01
  0.16231143E+01  0.61823864E+01
  0.16278240E+01  0.61670886E+01
  0.16325337E+01  0.61514165E+01
  0.16372434E+01  0.61353738E+01
  0.16419531E+01  0.61189648E+01
  0.16466628E+01  0.61021946E+01
  0.16513725E+01  0.60850691E+01
  0.16560822E+01  0.60675951E+01
  0.16607919E+01  0.60497802E+01
  0.16655016E+01  0.60316328E+01
  0.16702113E+01  0.60131622E+01
  0.16749210E+01  0.59943787E+01
  0.16796307E+01  0.59752935E+01
  0.16843404E+01  0.59559186E+01
  0.16890501E+01  0.59362672E+01
  0.16937598E+01  0.59163532E+01
  0.16984695E+01  0.58961917E+01
  0.17031792E+01  0.58757987E+01
  0.17078889E+01  0.58551915E+01
  0.17125986E+01  0.58343882E+01
  0.17173083E+01  0.58134081E+01
  0.17220180E+01  0.57922720E+01
  0.17267277E+01  0.57710020E+01
  0.17314374E+01  0.57496240E+01
  0.17361471E+01  0.57288312E+01
  0.17408464E+01  0.57283137E+01
  0.17455457E+01  0.57267600E+01
  0.17502451E+01  0.57241745E+01
  0.17549444E+01  0.57205656E+01
  0.17596437E+01  0.57159464E+01
  0.17643430E+01  0.57103360E+01
  0.17690424E+01  0.57037574E+01
  0.17737417E+01  0.56962328E+01
  0.17784410E+01  0.56877772E+01
  0.17831403E+01  0.56783990E+01
  0.17878397E+01  0.56681053E+01
  0.17925390E+01  0.56569048E+01
  0.17972383E+01  0.56448087E+01
  0.18019377E+01  0.56318309E+01
  0.18066370E+01  0.56179872E+01
  0.18113363E+01  0.56032950E+01
  0.18160356E+01  0.55877735E+01
  0.18207350E+01  0.55714430E+01
  0.18254343E+01  0.55543249E+01
  0.18301336E+01  0.55364419E+01
  0.18348329E+01  0.55178178E+01
  0.18395323E+01  0.54984773E+01
  0.18442316E+01  0.54784461E+01
  0.18489309E+01  0.54577510E+01
  0.18536302E+01  0.54364194E+01
  0.18583296E+01  0.54144798E+01
  0.18630289E+01  0.53919615E+01
  0.18677282E+01  0.53688945E+01
  0.18724275E+01  0.53453097E+01
  0.18771269E+01  0.53212389E+01
  0.18818262E+01  0.52967144E+01
  0.18865255E+01  0.52717695E+01
  0.18912249E+01  0.52464381E+01
  0.18959242E+01  0.52207549E+01
  0.19006235E+01  0.51947555E+01
  0.19053228E+01  0.51684762E+01
  0.19100222E+01  0.51419541E+01
  0.19147215E+01  0.51152274E+01
  0.19194208E+01  0.50883351E+01
  0.19241201E+01  0.50613175E+01
  0.19288195E+01  0.50342157E+01
  0.19335188E+01  0.50070727E+01
  0.19382181E+01  0.49799328E+01
  0.19429174E+01  0.49528420E+01
  0.19476168E+01  0.49258489E+01
  0.19523161E+01  0.48990041E+01
  0.19570154E+01  0.48723619E+01
  0.19617147E+01  0.48459799E+01
  0.19664141E+01  0.48199203E+01
  0.19711134E+01  0.47942511E+01
  0.19758127E+01  0.47690468E+01
  0.19805121E+01  0.47443906E+01
  0.19852114E+01  0.47203762E+01
  0.19899107E+01  0.46971100E+01
  0.19946100E+01  0.46747152E+01
  0.19993094E+01  0.46533351E+01
  0.20040087E+01  0.46331382E+01
  0.20087080E+01  0.46143245E+01
  0.20134073E+01  0.45971320E+01
  0.20181067E+01  0.45818440E+01
  0.20228060E+01  0.45687953E+01
  0.20275053E+01  0.45583750E+01
  0.20322046E+01  0.45510217E+01
  0.20369040E+01  0.45472054E+01
  0.20416033E+01  0.45473910E+01
  0.20463026E+01  0.45519834E+01
  0.20510020E+01  0.45612627E+01
  0.20557013E+01  0.45753302E+01
  0.20604006E+01  0.45940863E+01
  0.20650999E+01  0.46172493E+01
  0.20697993E+01  0.46444046E+01
  0.20744986E+01  0.46750654E+01
  0.20791979E+01  0.47087251E+01
  0.20838972E+01  0.47448937E+01
  0.20885966E+01  0.47831189E+01
  0.20932959E+01  0.48229943E+01
  0.20979952E+01  0.48641609E+01
  0.21026945E+01  0.49063042E+01
  0.21073939E+01  0.49491497E+01
  0.21120932E+01  0.49924574E+01
  0.21167925E+01  0.50360177E+01
  0.21214918E+01  0.50796460E+01
  0.21261912E+01  0.51231798E+01
  0.21308905E+01  0.51664749E+01
  0.21355898E+01  0.52094030E+01
  0.21402892E+01  0.52518492E+01
  0.21449885E+01  0.52937103E+01
  0.21496878E+01  0.53348934E+01
  0.21543871E+01  0.53753144E+01
  0.21590865E+01  0.54148969E+01
  0.21637858E+01  0.54535716E+01
  0.21684851E+01  0.54912755E+01
  0.21731844E+01  0.55279514E+01
  0.21778838E+01  0.55635469E+01
  0.21825831E+01  0.55980149E+01
  0.21872824E+01  0.56313123E+01
  0.21919817E+01  0.56634004E+01
  0.21966811E+01  0.56942445E+01
  0.22013804E+01  0.57238133E+01
  0.22060797E+01  0.57520793E+01
  0.22107790E+01  0.57790184E+01
  0.22154784E+01  0.58046096E+01
  0.22201777E+01  0.58288353E+01
  0.22248770E+01  0.58516806E+01
  0.22295764E+01  0.58731338E+01
  0.22342757E+01  0.58931861E+01
  0.22389750E+01  0.59118315E+01
  0.22436743E+01  0.59290665E+01
  0.22483737E+01  0.59448907E+01
  0.22530730E+01  0.59593059E+01
  0.22577723E+01  0.59723167E+01
  0.22624716E+01  0.59839301E+01
  0.22671710E+01  0.59941553E+01
  0.22718703E+01  0.60030042E+01
  0.22765696E+01  0.60104907E+01
  0.22812689E+01  0.60166309E+01
  0.22859683E+01  0.60214430E+01
  0.22906676E+01  0.60249473E+01
  0.22953669E+01  0.60271658E+01
  0.23000662E+01  0.60281226E+01
  0.23047656E+01  0.60278434E+01
  0.23094649E+01  0.60263555E+01
  0.23141642E+01  0.60236883E+01
  0.23188636E+01  0.60198722E+01
  0.23235629E+01  0.60149397E+01
  0.23282622E+01  0.60089245E+01
  0.23329615E+01  0.60018619E+01
  0.23376609E+01  0.59937888E+01
  0.23423602E+01  0.59847434E+01
  0.23470595E+01  0.59747653E+01
  0.23517588E+01  0.59638959E+01
  0.23564582E+01  0.59521775E+01
  0.23611575E+01  0.59396542E+01
  0.23658568E+01  0.59263713E+01
  0.23705561E+01  0.59123754E+01
  0.23752555E+01  0.58977145E+01
  0.23799548E+01  0.58824381E+01
  0.23846541E+01  0.58665969E+01
  0.23893534E+01  0.58502431E+01
  0.23940528E+01  0.58334301E+01
  0.23987521E+01  0.58162132E+01
  0.24034514E+01  0.57986488E+01
  0.24081508E+01  0.57807952E+01
  0.24128501E+01  0.57627126E+01
  0.24175494E+01  0.57444628E+01
  0.24222487E+01  0.57261099E+01
  0.24269481E+01  0.57077202E+01
  0.24316474E+01  0.56893628E+01
  0.24363467E+01  0.56711092E+01
  0.24410460E+01  0.56530344E+01
  0.24457454E+01  0.56352166E+01
  0.24504447E+01  0.56177376E+01
  0.24551440E+01  0.56006834E+01
  0.24598433E+01  0.55841440E+01
  0.24645427E+01  0.55682138E+01
  0.24692420E+01  0.55529915E+01
  0.24739413E+01  0.55385794E+01
  0.24786406E+01  0.55250837E+01
  0.24833400E+01  0.55126125E+01
  0.24880393E+01  0.55012749E+01
  0.24927386E+01  0.54911788E+01
  0.24974380E+01  0.54824281E+01
  0.25021373E+01  0.54751197E+01
  0.25068366E+01  0.54693399E+01
  0.25115359E+01  0.54651607E+01
  0.25162353E+01  0.54626362E+01
  0.25209346E+01  0.54618002E+01
  
